2026-08-29 12:05:04,258 | INFO | Run started
2026-08-29 12:05:04,258 | INFO | Data directory: /compute001/lwu/projects/LLM4AE/LLM4AE-dev/publication/Datasets/FAERS_D1_clean
2026-08-29 12:05:04,258 | INFO | Results directory: /compute001/lwu/projects/LLM4AE/LLM4AE-dev/publication/results/sonnet_runs_FAERS
2026-08-29 12:05:04,258 | INFO | Prompt file: /compute001/lwu/projects/LLM4AE/LLM4AE-dev/publication/scripts/annotation_prompts.py
2026-08-29 12:05:04,258 | INFO | P2_TAG SHA256: 42612f92a82e65d54462a2fc97db3bb7ad4f124edbf515cd938d628b45a4b860
2026-08-29 12:05:04,258 | INFO | Elsa endpoint: https://elsa-dev.preprod.fda.gov/Monolith/api/engine/runPixel
2026-08-29 12:05:04,259 | INFO | Elsa model ID: 8405ac40-89c6-4613-848c-3d89986fbc01
2026-08-29 12:05:04,259 | INFO | Elsa model name: CLAUDE_46_SONNET
2026-08-29 12:05:04,259 | INFO | Documents: 3
2026-08-29 12:05:04,259 | INFO | Resume cache: 0 successful documents
2026-08-29 12:05:18,551 | ERROR | 10064257-1.json | FAILED | Traceback (most recent call last):
  File "/compute001/lwu/projects/LLM4AE/LLM4AE-dev/publication/scripts/run_FAERS_sonnet.py", line 1196, in main
    tagged_output, api_meta = client.annotate(prompt)
                              ^^^^^^^^^^^^^^^^^^^^^^^
  File "/compute001/lwu/projects/LLM4AE/LLM4AE-dev/publication/scripts/run_FAERS_sonnet.py", line 561, in annotate
    raise RuntimeError(
RuntimeError: Elsa request failed after 4 attempt(s): HTTPSConnectionPool(host='elsa-dev.preprod.fda.gov', port=443): Max retries exceeded with url: /Monolith/api/engine/runPixel (Caused by SSLError(SSLCertVerificationError(1, '[SSL: CERTIFICATE_VERIFY_FAILED] certificate verify failed: self-signed certificate in certificate chain (_ssl.c:1010)')))

2026-08-29 12:05:32,839 | ERROR | 10086156-2.json | FAILED | Traceback (most recent call last):
  File "/compute001/lwu/projects/LLM4AE/LLM4AE-dev/publication/scripts/run_FAERS_sonnet.py", line 1196, in main
    tagged_output, api_meta = client.annotate(prompt)
                              ^^^^^^^^^^^^^^^^^^^^^^^
  File "/compute001/lwu/projects/LLM4AE/LLM4AE-dev/publication/scripts/run_FAERS_sonnet.py", line 561, in annotate
    raise RuntimeError(
RuntimeError: Elsa request failed after 4 attempt(s): HTTPSConnectionPool(host='elsa-dev.preprod.fda.gov', port=443): Max retries exceeded with url: /Monolith/api/engine/runPixel (Caused by SSLError(SSLCertVerificationError(1, '[SSL: CERTIFICATE_VERIFY_FAILED] certificate verify failed: self-signed certificate in certificate chain (_ssl.c:1010)')))

2026-08-29 12:05:47,133 | ERROR | 10210333-1.json | FAILED | Traceback (most recent call last):
  File "/compute001/lwu/projects/LLM4AE/LLM4AE-dev/publication/scripts/run_FAERS_sonnet.py", line 1196, in main
    tagged_output, api_meta = client.annotate(prompt)
                              ^^^^^^^^^^^^^^^^^^^^^^^
  File "/compute001/lwu/projects/LLM4AE/LLM4AE-dev/publication/scripts/run_FAERS_sonnet.py", line 561, in annotate
    raise RuntimeError(
RuntimeError: Elsa request failed after 4 attempt(s): HTTPSConnectionPool(host='elsa-dev.preprod.fda.gov', port=443): Max retries exceeded with url: /Monolith/api/engine/runPixel (Caused by SSLError(SSLCertVerificationError(1, '[SSL: CERTIFICATE_VERIFY_FAILED] certificate verify failed: self-signed certificate in certificate chain (_ssl.c:1010)')))

2026-08-29 12:05:47,243 | INFO | Run finished
2026-08-29 12:05:47,243 | INFO | Completed=0 Failed=3
2026-08-29 12:05:47,243 | INFO | Overall: {'M': 0, 'C': 0, 'S': 0, 'N': 0, 'precision': 0.0, 'recall': 0.0, 'f1': 0.0}
2026-08-29 12:07:09,139 | INFO | Run started
2026-08-29 12:07:09,140 | INFO | Data directory: /compute001/lwu/projects/LLM4AE/LLM4AE-dev/publication/Datasets/FAERS_D1_clean
2026-08-29 12:07:09,140 | INFO | Results directory: /compute001/lwu/projects/LLM4AE/LLM4AE-dev/publication/results/sonnet_runs_FAERS
2026-08-29 12:07:09,140 | INFO | Prompt file: /compute001/lwu/projects/LLM4AE/LLM4AE-dev/publication/scripts/annotation_prompts.py
2026-08-29 12:07:09,141 | INFO | P2_TAG SHA256: 42612f92a82e65d54462a2fc97db3bb7ad4f124edbf515cd938d628b45a4b860
2026-08-29 12:07:09,142 | INFO | Elsa endpoint: https://elsa-dev.preprod.fda.gov/Monolith/api/engine/runPixel
2026-08-29 12:07:09,142 | INFO | Elsa model ID: 8405ac40-89c6-4613-848c-3d89986fbc01
2026-08-29 12:07:09,142 | INFO | Elsa model name: CLAUDE_46_SONNET
2026-08-29 12:07:09,142 | INFO | Documents: 3
2026-08-29 12:07:09,142 | INFO | Resume cache: 0 successful documents
2026-08-29 12:07:16,424 | INFO | 10064257-1.json | source=api | gold=9 pred=9 | ratio=1.000000 | M=3 C=1 S=5 N=5 | warnings=0 | 7.28s
2026-08-29 12:07:26,759 | INFO | 10086156-2.json | source=api | gold=37 pred=37 | ratio=1.000000 | M=20 C=1 S=16 N=16 | warnings=0 | 10.33s
2026-08-29 12:07:33,539 | INFO | 10210333-1.json | source=api | gold=20 pred=19 | ratio=1.000000 | M=6 C=5 S=8 N=9 | warnings=0 | 6.78s
2026-08-29 12:07:33,697 | INFO | Run finished
2026-08-29 12:07:33,697 | INFO | Completed=3 Failed=0
2026-08-29 12:07:33,697 | INFO | Overall: {'M': 29, 'C': 7, 'S': 29, 'N': 30, 'precision': 0.7514, 'recall': 0.4924, 'f1': 0.595}
2026-08-29 12:07:49,890 | INFO | Run started
2026-08-29 12:07:49,890 | INFO | Data directory: /compute001/lwu/projects/LLM4AE/LLM4AE-dev/publication/Datasets/FAERS_D1_clean
2026-08-29 12:07:49,890 | INFO | Results directory: /compute001/lwu/projects/LLM4AE/LLM4AE-dev/publication/results/sonnet_runs_FAERS
2026-08-29 12:07:49,890 | INFO | Prompt file: /compute001/lwu/projects/LLM4AE/LLM4AE-dev/publication/scripts/annotation_prompts.py
2026-08-29 12:07:49,890 | INFO | P2_TAG SHA256: 42612f92a82e65d54462a2fc97db3bb7ad4f124edbf515cd938d628b45a4b860
2026-08-29 12:07:49,890 | INFO | Elsa endpoint: https://elsa-dev.preprod.fda.gov/Monolith/api/engine/runPixel
2026-08-29 12:07:49,890 | INFO | Elsa model ID: 8405ac40-89c6-4613-848c-3d89986fbc01
2026-08-29 12:07:49,890 | INFO | Elsa model name: CLAUDE_46_SONNET
2026-08-29 12:07:49,890 | INFO | Documents: 829
2026-08-29 12:07:49,890 | INFO | Resume cache: 3 successful documents
2026-08-29 12:07:49,899 | INFO | 10064257-1.json | source=cache | gold=9 pred=9 | ratio=1.000000 | M=3 C=1 S=5 N=5 | warnings=0 | 0.01s
2026-08-29 12:07:49,947 | INFO | 10086156-2.json | source=cache | gold=37 pred=37 | ratio=1.000000 | M=20 C=1 S=16 N=16 | warnings=0 | 0.05s
2026-08-29 12:07:49,962 | INFO | 10210333-1.json | source=cache | gold=20 pred=19 | ratio=1.000000 | M=6 C=5 S=8 N=9 | warnings=0 | 0.01s
2026-08-29 12:07:53,037 | INFO | 10305563-1.json | source=api | gold=2 pred=1 | ratio=1.000000 | M=0 C=0 S=1 N=2 | warnings=0 | 3.08s
2026-08-29 12:08:01,367 | INFO | 10308137-2.json | source=api | gold=12 pred=20 | ratio=1.000000 | M=5 C=3 S=12 N=4 | warnings=0 | 8.33s
2026-08-29 12:08:11,256 | INFO | 10313816-1.json | source=api | gold=36 pred=37 | ratio=1.000000 | M=29 C=2 S=6 N=5 | warnings=0 | 9.89s
2026-08-29 12:08:20,759 | INFO | 10446830-3.json | source=api | gold=33 pred=11 | ratio=1.000000 | M=10 C=0 S=1 N=23 | warnings=0 | 9.50s
2026-08-29 12:08:41,273 | INFO | 10490031-4.json | source=api | gold=85 pred=55 | ratio=1.000000 | M=30 C=7 S=18 N=48 | warnings=0 | 20.51s
2026-08-29 12:08:44,810 | INFO | 10510276-1.json | source=api | gold=6 pred=4 | ratio=1.000000 | M=3 C=0 S=1 N=3 | warnings=0 | 3.54s
2026-08-29 12:08:57,187 | INFO | 10540243-1.json | source=api | gold=78 pred=61 | ratio=1.000000 | M=42 C=5 S=14 N=31 | warnings=0 | 12.37s
2026-08-29 12:09:12,580 | INFO | 10566890-1.json | source=api | gold=59 pred=28 | ratio=1.000000 | M=13 C=3 S=12 N=43 | warnings=0 | 15.39s
2026-08-29 12:09:31,844 | INFO | 10570669-4.json | source=api | gold=27 pred=54 | ratio=1.000000 | M=15 C=4 S=35 N=8 | warnings=0 | 19.26s
2026-08-29 12:09:54,334 | INFO | 10597790-3.json | source=api | gold=54 pred=70 | ratio=1.000000 | M=36 C=3 S=31 N=15 | warnings=0 | 22.49s
2026-08-29 12:09:59,780 | INFO | 10601406-1.json | source=api | gold=21 pred=16 | ratio=1.000000 | M=13 C=1 S=2 N=7 | warnings=0 | 5.44s
2026-08-29 12:10:11,816 | INFO | 10617184-1.json | source=api | gold=30 pred=38 | ratio=1.000000 | M=19 C=2 S=17 N=9 | warnings=0 | 12.03s
2026-08-29 12:10:30,411 | INFO | 10618714-1.json | source=api | gold=72 pred=61 | ratio=1.000000 | M=14 C=11 S=36 N=47 | warnings=0 | 18.59s
2026-08-29 12:10:51,705 | INFO | 10625821-4.json | source=api | gold=50 pred=62 | ratio=1.000000 | M=28 C=4 S=30 N=18 | warnings=0 | 21.29s
2026-08-29 12:11:10,600 | INFO | 10668689-1.json | source=api | gold=72 pred=56 | ratio=1.000000 | M=28 C=7 S=21 N=37 | warnings=0 | 18.89s
2026-08-29 12:11:33,848 | INFO | 10696207-2.json | source=api | gold=93 pred=91 | ratio=1.000000 | M=77 C=8 S=6 N=8 | warnings=0 | 23.25s
2026-08-29 12:11:40,976 | INFO | 10716219-2.json | source=api | gold=28 pred=22 | ratio=1.000000 | M=12 C=3 S=7 N=13 | warnings=0 | 7.12s
2026-08-29 12:11:50,958 | INFO | 10731067-1.json | source=api | gold=24 pred=29 | ratio=1.000000 | M=10 C=0 S=19 N=14 | warnings=0 | 9.98s
2026-08-29 12:12:07,224 | INFO | 10742824-2.json | source=api | gold=46 pred=54 | ratio=1.000000 | M=36 C=1 S=17 N=9 | warnings=0 | 16.26s
2026-08-29 12:12:29,490 | INFO | 10765657-1.json | source=api | gold=106 pred=107 | ratio=1.000000 | M=95 C=3 S=9 N=8 | warnings=0 | 22.26s
2026-08-29 12:12:49,682 | INFO | 10771926-1.json | source=api | gold=27 pred=51 | ratio=1.000000 | M=19 C=0 S=32 N=8 | warnings=0 | 20.19s
2026-08-29 12:12:59,255 | INFO | 10780132-1.json | source=api | gold=0 pred=36 | ratio=1.000000 | M=0 C=0 S=36 N=0 | warnings=0 | 9.57s
2026-08-29 12:13:08,482 | INFO | 10791129-2.json | source=api | gold=28 pred=23 | ratio=1.000000 | M=10 C=8 S=5 N=10 | warnings=0 | 9.22s
2026-08-29 12:13:34,822 | INFO | 10818045-1.json | source=api | gold=95 pred=103 | ratio=1.000000 | M=68 C=11 S=24 N=16 | warnings=0 | 26.34s
2026-08-29 12:13:48,475 | INFO | 10899230-2.json | source=api | gold=16 pred=32 | ratio=1.000000 | M=7 C=0 S=25 N=9 | warnings=0 | 13.65s
2026-08-29 12:14:02,285 | INFO | 10931091-1.json | source=api | gold=53 pred=60 | ratio=1.000000 | M=24 C=11 S=25 N=18 | warnings=0 | 13.81s
2026-08-29 12:14:19,875 | INFO | 10934733-1.json | source=api | gold=81 pred=64 | ratio=1.000000 | M=36 C=13 S=15 N=32 | warnings=0 | 17.59s
2026-08-29 12:14:38,682 | INFO | 10945438-1.json | source=api | gold=62 pred=59 | ratio=1.000000 | M=24 C=12 S=23 N=26 | warnings=0 | 18.80s
2026-08-29 12:14:58,023 | INFO | 10973702-1.json | source=api | gold=68 pred=61 | ratio=1.000000 | M=46 C=6 S=9 N=16 | warnings=0 | 19.34s
2026-08-29 12:15:14,075 | INFO | 10975408-1.json | source=api | gold=73 pred=56 | ratio=1.000000 | M=38 C=6 S=12 N=29 | warnings=0 | 16.05s
2026-08-29 12:15:26,637 | INFO | 10995355-1.json | source=api | gold=59 pred=57 | ratio=1.000000 | M=43 C=2 S=12 N=14 | warnings=0 | 12.56s
2026-08-29 12:15:35,378 | INFO | 11009968-1.json | source=api | gold=25 pred=25 | ratio=1.000000 | M=18 C=2 S=5 N=5 | warnings=0 | 8.74s
2026-08-29 12:15:51,025 | INFO | 11047023-1.json | source=api | gold=44 pred=53 | ratio=1.000000 | M=21 C=2 S=30 N=21 | warnings=0 | 15.64s
2026-08-29 12:16:04,004 | INFO | 11259553-1.json | source=api | gold=56 pred=56 | ratio=1.000000 | M=32 C=12 S=12 N=12 | warnings=0 | 12.98s
2026-08-29 12:16:24,145 | INFO | 11281174-3.json | source=api | gold=41 pred=52 | ratio=1.000000 | M=18 C=7 S=27 N=16 | warnings=0 | 20.14s
2026-08-29 12:16:38,999 | INFO | 11283592-2.json | source=api | gold=41 pred=41 | ratio=1.000000 | M=28 C=1 S=12 N=12 | warnings=0 | 14.85s
2026-08-29 12:16:58,239 | INFO | 11325153-3.json | source=api | gold=49 pred=49 | ratio=1.000000 | M=22 C=7 S=20 N=20 | warnings=0 | 19.24s
2026-08-29 12:17:17,747 | INFO | 11392023-3.json | source=api | gold=68 pred=80 | ratio=1.000000 | M=36 C=27 S=17 N=5 | warnings=0 | 19.51s
2026-08-29 12:17:41,463 | INFO | 11392387-2.json | source=api | gold=45 pred=64 | ratio=1.000000 | M=19 C=10 S=35 N=16 | warnings=0 | 23.71s
2026-08-29 12:17:51,557 | INFO | 11398738-1.json | source=api | gold=11 pred=22 | ratio=1.000000 | M=9 C=0 S=13 N=2 | warnings=0 | 10.09s
2026-08-29 12:18:12,161 | INFO | 11403803-2.json | source=api | gold=84 pred=95 | ratio=1.000000 | M=46 C=21 S=28 N=17 | warnings=0 | 20.60s
2026-08-29 12:18:23,286 | INFO | 11516661-1.json | source=api | gold=31 pred=30 | ratio=1.000000 | M=8 C=5 S=17 N=18 | warnings=0 | 11.12s
2026-08-29 12:18:42,779 | INFO | 11522831-5.json | source=api | gold=38 pred=49 | ratio=1.000000 | M=11 C=5 S=33 N=22 | warnings=0 | 19.49s
2026-08-29 12:19:03,043 | INFO | 11525187-3.json | source=api | gold=46 pred=45 | ratio=1.000000 | M=28 C=6 S=11 N=12 | warnings=0 | 20.26s
2026-08-29 12:19:14,011 | INFO | 11552888-2.json | source=api | gold=31 pred=35 | ratio=1.000000 | M=18 C=3 S=14 N=10 | warnings=0 | 10.97s
2026-08-29 12:19:20,582 | INFO | 11610831-1.json | source=api | gold=28 pred=20 | ratio=1.000000 | M=13 C=6 S=1 N=9 | warnings=0 | 6.57s
2026-08-29 12:19:34,282 | INFO | 11615417-3.json | source=api | gold=34 pred=43 | ratio=1.000000 | M=22 C=2 S=19 N=10 | warnings=0 | 13.70s
2026-08-29 12:19:53,628 | INFO | 11636695-2.json | source=api | gold=51 pred=50 | ratio=1.000000 | M=30 C=1 S=19 N=20 | warnings=0 | 19.34s
2026-08-29 12:20:14,137 | INFO | 11638926-1.json | source=api | gold=73 pred=71 | ratio=1.000000 | M=27 C=24 S=20 N=22 | warnings=0 | 20.51s
2026-08-29 12:20:20,694 | INFO | 11640789-1.json | source=api | gold=18 pred=24 | ratio=1.000000 | M=7 C=2 S=15 N=9 | warnings=0 | 6.55s
2026-08-29 12:20:33,617 | INFO | 11645631-1.json | source=api | gold=66 pred=55 | ratio=1.000000 | M=37 C=3 S=15 N=26 | warnings=0 | 12.92s
2026-08-29 12:20:50,471 | INFO | 11726934-2.json | source=api | gold=71 pred=44 | ratio=1.000000 | M=7 C=3 S=34 N=61 | warnings=0 | 16.85s
2026-08-29 12:20:57,780 | INFO | 11797268-1.json | source=api | gold=37 pred=37 | ratio=1.000000 | M=19 C=15 S=3 N=3 | warnings=0 | 7.31s
2026-08-29 12:21:20,056 | INFO | 11801899-1.json | source=api | gold=35 pred=53 | ratio=1.000000 | M=5 C=4 S=44 N=26 | warnings=0 | 22.27s
2026-08-29 12:21:37,825 | INFO | 11813479-3.json | source=api | gold=43 pred=37 | ratio=1.000000 | M=12 C=1 S=24 N=30 | warnings=0 | 17.77s
2026-08-29 12:21:46,825 | INFO | 11823209-2.json | source=api | gold=18 pred=23 | ratio=1.000000 | M=8 C=2 S=13 N=8 | warnings=0 | 9.00s
2026-08-29 12:21:57,943 | INFO | 11827640-1.json | source=api | gold=67 pred=60 | ratio=1.000000 | M=52 C=5 S=3 N=10 | warnings=0 | 11.12s
2026-08-29 12:22:05,786 | INFO | 11833393-1.json | source=api | gold=32 pred=35 | ratio=1.000000 | M=25 C=2 S=8 N=5 | warnings=0 | 7.84s
2026-08-29 12:22:15,468 | INFO | 11843418-1.json | source=api | gold=46 pred=52 | ratio=1.000000 | M=25 C=14 S=13 N=7 | warnings=0 | 9.68s
2026-08-29 12:22:27,443 | INFO | 11860897-1.json | source=api | gold=60 pred=59 | ratio=1.000000 | M=30 C=14 S=15 N=16 | warnings=0 | 11.97s
2026-08-29 12:22:31,348 | INFO | 11863760-1.json | source=api | gold=7 pred=5 | ratio=1.000000 | M=3 C=0 S=2 N=4 | warnings=0 | 3.90s
2026-08-29 12:22:53,434 | INFO | 11875727-3.json | source=api | gold=80 pred=85 | ratio=1.000000 | M=62 C=1 S=22 N=17 | warnings=0 | 22.08s
2026-08-29 12:23:15,312 | INFO | 11878508-4.json | source=api | gold=78 pred=86 | ratio=1.000000 | M=62 C=2 S=22 N=14 | warnings=0 | 21.88s
2026-08-29 12:23:22,086 | INFO | 11882706-1.json | source=api | gold=22 pred=22 | ratio=1.000000 | M=17 C=2 S=3 N=3 | warnings=0 | 6.77s
2026-08-29 12:23:40,834 | INFO | 11939809-3.json | source=api | gold=77 pred=70 | ratio=1.000000 | M=49 C=9 S=12 N=19 | warnings=0 | 18.75s
2026-08-29 12:23:45,098 | INFO | 11965205-1.json | source=api | gold=7 pred=11 | ratio=1.000000 | M=6 C=1 S=4 N=0 | warnings=0 | 4.26s
2026-08-29 12:23:51,173 | INFO | 11965207-1.json | source=api | gold=5 pred=10 | ratio=1.000000 | M=5 C=0 S=5 N=0 | warnings=0 | 6.07s
2026-08-29 12:23:57,254 | INFO | 11965212-1.json | source=api | gold=9 pred=11 | ratio=1.000000 | M=5 C=3 S=3 N=1 | warnings=0 | 6.08s
2026-08-29 12:24:17,505 | INFO | 12045875-3.json | source=api | gold=63 pred=69 | ratio=1.000000 | M=28 C=15 S=26 N=20 | warnings=0 | 20.25s
2026-08-29 12:24:37,295 | INFO | 12046279-2.json | source=api | gold=38 pred=45 | ratio=0.999874 | M=11 C=9 S=25 N=18 | warnings=0 | 19.79s
2026-08-29 12:24:46,928 | INFO | 12065967-1.json | source=api | gold=43 pred=23 | ratio=0.999254 | M=10 C=9 S=4 N=24 | warnings=0 | 9.63s
2026-08-29 12:24:57,904 | INFO | 12099736-3.json | source=api | gold=44 pred=31 | ratio=0.999654 | M=17 C=4 S=10 N=23 | warnings=0 | 10.97s
2026-08-29 12:25:16,828 | INFO | 12105564-1.json | source=api | gold=63 pred=63 | ratio=1.000000 | M=28 C=17 S=18 N=18 | warnings=0 | 18.92s
2026-08-29 12:25:37,300 | INFO | 12131555-1.json | source=api | gold=40 pred=75 | ratio=1.000000 | M=28 C=3 S=44 N=9 | warnings=0 | 20.47s
2026-08-29 12:25:47,118 | INFO | 12133536-1.json | source=api | gold=40 pred=39 | ratio=1.000000 | M=19 C=11 S=9 N=10 | warnings=0 | 9.82s
2026-08-29 12:25:53,806 | INFO | 12238869-1.json | source=api | gold=28 pred=21 | ratio=1.000000 | M=13 C=3 S=5 N=12 | warnings=0 | 6.69s
2026-08-29 12:26:09,627 | INFO | 12305222-1.json | source=api | gold=16 pred=15 | ratio=1.000000 | M=4 C=2 S=9 N=10 | warnings=0 | 15.82s
2026-08-29 12:26:16,519 | INFO | 12318040-1.json | source=api | gold=16 pred=14 | ratio=1.000000 | M=11 C=1 S=2 N=4 | warnings=0 | 6.89s
2026-08-29 12:26:34,935 | INFO | 12391216-1.json | source=api | gold=38 pred=49 | ratio=1.000000 | M=17 C=4 S=28 N=17 | warnings=0 | 18.41s
2026-08-29 12:26:52,181 | INFO | 12402964-1.json | source=api | gold=38 pred=42 | ratio=1.000000 | M=19 C=4 S=19 N=15 | warnings=0 | 17.24s
2026-08-29 12:26:58,125 | INFO | 12440420-1.json | source=api | gold=19 pred=16 | ratio=1.000000 | M=8 C=6 S=2 N=5 | warnings=0 | 5.94s
2026-08-29 12:27:19,928 | INFO | 12453087-2.json | source=api | gold=53 pred=85 | ratio=1.000000 | M=51 C=0 S=34 N=2 | warnings=0 | 21.80s
2026-08-29 12:27:35,774 | INFO | 12453630-4.json | source=api | gold=65 pred=63 | ratio=1.000000 | M=3 C=32 S=28 N=30 | warnings=0 | 15.84s
2026-08-29 12:27:55,752 | INFO | 12517567-2.json | source=api | gold=48 pred=55 | ratio=1.000000 | M=26 C=5 S=24 N=17 | warnings=0 | 19.98s
2026-08-29 12:28:13,844 | INFO | 12550015-4.json | source=api | gold=49 pred=49 | ratio=1.000000 | M=19 C=9 S=21 N=21 | warnings=0 | 18.09s
2026-08-29 12:28:37,510 | INFO | 12598534-1.json | source=api | gold=82 pred=81 | ratio=1.000000 | M=37 C=22 S=22 N=23 | warnings=0 | 23.66s
2026-08-29 12:28:44,699 | INFO | 12607941-1.json | source=api | gold=13 pred=4 | ratio=1.000000 | M=1 C=1 S=2 N=11 | warnings=0 | 7.19s
2026-08-29 12:29:03,339 | INFO | 12621315-1.json | source=api | gold=91 pred=80 | ratio=1.000000 | M=55 C=10 S=15 N=26 | warnings=0 | 18.64s
2026-08-29 12:29:08,400 | INFO | 12676172-1.json | source=api | gold=11 pred=15 | ratio=1.000000 | M=1 C=3 S=11 N=7 | warnings=0 | 5.06s
2026-08-29 12:29:22,803 | INFO | 12707367-2.json | source=api | gold=63 pred=52 | ratio=1.000000 | M=42 C=4 S=6 N=17 | warnings=0 | 14.40s
2026-08-29 12:29:37,115 | INFO | 12716925-1.json | source=api | gold=60 pred=59 | ratio=1.000000 | M=30 C=15 S=14 N=15 | warnings=0 | 14.31s
2026-08-29 12:29:54,730 | INFO | 12717284-2.json | source=api | gold=54 pred=79 | ratio=1.000000 | M=43 C=6 S=30 N=5 | warnings=0 | 17.61s
2026-08-29 12:30:17,158 | INFO | 12753188-1.json | source=api | gold=24 pred=29 | ratio=1.000000 | M=5 C=13 S=11 N=6 | warnings=0 | 22.43s
2026-08-29 12:30:30,637 | INFO | 12790074-5.json | source=api | gold=18 pred=24 | ratio=1.000000 | M=12 C=2 S=10 N=4 | warnings=0 | 13.48s
2026-08-29 12:30:35,521 | INFO | 12799489-3.json | source=api | gold=8 pred=13 | ratio=1.000000 | M=5 C=2 S=6 N=1 | warnings=0 | 4.88s
2026-08-29 12:30:40,234 | INFO | 12817565-1.json | source=api | gold=12 pred=13 | ratio=1.000000 | M=10 C=0 S=3 N=2 | warnings=0 | 4.71s
2026-08-29 12:31:02,523 | INFO | 12822660-2.json | source=api | gold=30 pred=31 | ratio=1.000000 | M=22 C=1 S=8 N=7 | warnings=0 | 22.29s
2026-08-29 12:31:22,690 | INFO | 12846503-2.json | source=api | gold=59 pred=90 | ratio=1.000000 | M=27 C=14 S=49 N=18 | warnings=0 | 20.16s
2026-08-29 12:31:42,277 | INFO | 12852775-2.json | source=api | gold=75 pred=62 | ratio=0.999000 | M=22 C=5 S=35 N=48 | warnings=0 | 19.58s
2026-08-29 12:32:01,447 | INFO | 12861333-5.json | source=api | gold=64 pred=69 | ratio=1.000000 | M=22 C=18 S=29 N=24 | warnings=0 | 19.17s
2026-08-29 12:32:24,240 | INFO | 12899513-3.json | source=api | gold=86 pred=74 | ratio=1.000000 | M=46 C=8 S=20 N=32 | warnings=0 | 22.79s
2026-08-29 12:32:43,554 | INFO | 12938493-5.json | source=api | gold=41 pred=44 | ratio=1.000000 | M=12 C=10 S=22 N=19 | warnings=0 | 19.31s
2026-08-29 12:33:00,569 | INFO | 12949753-6.json | source=api | gold=35 pred=52 | ratio=0.999502 | M=8 C=8 S=36 N=19 | warnings=0 | 17.01s
2026-08-29 12:33:21,313 | INFO | 12962121-5.json | source=api | gold=36 pred=45 | ratio=1.000000 | M=16 C=6 S=23 N=14 | warnings=0 | 20.74s
2026-08-29 12:33:42,498 | INFO | 13063511-1.json | source=api | gold=78 pred=77 | ratio=1.000000 | M=39 C=18 S=20 N=21 | warnings=0 | 21.18s
2026-08-29 12:34:03,228 | INFO | 13068312-6.json | source=api | gold=55 pred=56 | ratio=1.000000 | M=32 C=10 S=14 N=13 | warnings=0 | 20.73s
2026-08-29 12:34:14,127 | INFO | 13081542-1.json | source=api | gold=28 pred=28 | ratio=1.000000 | M=17 C=0 S=11 N=11 | warnings=0 | 10.90s
2026-08-29 12:34:37,120 | INFO | 13122445-5.json | source=api | gold=94 pred=84 | ratio=1.000000 | M=48 C=12 S=24 N=34 | warnings=0 | 22.99s
2026-08-29 12:34:56,655 | INFO | 13134280-2.json | source=api | gold=71 pred=62 | ratio=1.000000 | M=25 C=9 S=28 N=37 | warnings=0 | 19.53s
2026-08-29 12:35:20,476 | INFO | 13144092-1.json | source=api | gold=80 pred=89 | ratio=0.999872 | M=47 C=14 S=28 N=19 | warnings=0 | 23.82s
2026-08-29 12:35:24,843 | INFO | 13185047-2.json | source=api | gold=8 pred=6 | ratio=1.000000 | M=3 C=0 S=3 N=5 | warnings=0 | 4.36s
2026-08-29 12:35:42,098 | INFO | 13187807-1.json | source=api | gold=34 pred=33 | ratio=1.000000 | M=26 C=3 S=4 N=5 | warnings=0 | 17.25s
2026-08-29 12:35:50,996 | INFO | 13260857-1.json | source=api | gold=27 pred=33 | ratio=0.997248 | M=5 C=14 S=14 N=8 | warnings=0 | 8.90s
2026-08-29 12:36:02,247 | INFO | 13268901-1.json | source=api | gold=38 pred=36 | ratio=0.998568 | M=4 C=19 S=13 N=15 | warnings=0 | 11.25s
2026-08-29 12:36:11,024 | INFO | 13268980-1.json | source=api | gold=26 pred=26 | ratio=1.000000 | M=11 C=1 S=14 N=14 | warnings=0 | 8.78s
2026-08-29 12:36:16,477 | INFO | 13273300-1.json | source=api | gold=13 pred=14 | ratio=1.000000 | M=5 C=2 S=7 N=6 | warnings=0 | 5.45s
2026-08-29 12:36:34,984 | INFO | 13348046-1.json | source=api | gold=82 pred=72 | ratio=1.000000 | M=33 C=9 S=30 N=40 | warnings=0 | 18.50s
2026-08-29 12:36:43,102 | INFO | 13366175-1.json | source=api | gold=29 pred=40 | ratio=1.000000 | M=23 C=2 S=15 N=4 | warnings=0 | 8.12s
2026-08-29 12:37:02,108 | INFO | 13439962-2.json | source=api | gold=36 pred=55 | ratio=1.000000 | M=9 C=3 S=43 N=24 | warnings=0 | 19.00s
2026-08-29 12:37:20,991 | INFO | 13495255-2.json | source=api | gold=111 pred=107 | ratio=0.999854 | M=94 C=10 S=3 N=7 | warnings=0 | 18.88s
2026-08-29 12:37:38,483 | INFO | 13503415-1.json | source=api | gold=73 pred=58 | ratio=1.000000 | M=11 C=38 S=9 N=24 | warnings=0 | 17.49s
2026-08-29 12:37:59,097 | INFO | 13574005-1.json | source=api | gold=55 pred=83 | ratio=1.000000 | M=17 C=32 S=34 N=6 | warnings=0 | 20.61s
2026-08-29 12:38:09,317 | INFO | 13576167-1.json | source=api | gold=54 pred=43 | ratio=1.000000 | M=30 C=6 S=7 N=18 | warnings=0 | 10.22s
2026-08-29 12:38:28,778 | INFO | 13585601-1.json | source=api | gold=65 pred=73 | ratio=1.000000 | M=23 C=19 S=31 N=23 | warnings=0 | 19.46s
2026-08-29 12:38:50,879 | INFO | 13608942-3.json | source=api | gold=23 pred=40 | ratio=1.000000 | M=11 C=2 S=27 N=10 | warnings=0 | 22.10s
2026-08-29 12:39:14,281 | INFO | 13620143-1.json | source=api | gold=63 pred=70 | ratio=0.996618 | M=31 C=16 S=23 N=16 | warnings=0 | 23.40s
2026-08-29 12:39:21,142 | INFO | 13778727-2.json | source=api | gold=11 pred=8 | ratio=1.000000 | M=4 C=3 S=1 N=4 | warnings=0 | 6.86s
2026-08-29 12:39:33,843 | INFO | 13919427-1.json | source=api | gold=38 pred=41 | ratio=1.000000 | M=13 C=10 S=18 N=15 | warnings=0 | 12.70s
2026-08-29 12:39:47,716 | INFO | 13930105-1.json | source=api | gold=48 pred=43 | ratio=1.000000 | M=14 C=14 S=15 N=20 | warnings=0 | 13.87s
2026-08-29 12:39:56,367 | INFO | 13934467-2.json | source=api | gold=47 pred=41 | ratio=1.000000 | M=38 C=0 S=3 N=9 | warnings=0 | 8.65s
2026-08-29 12:40:10,382 | INFO | 13955817-1.json | source=api | gold=24 pred=44 | ratio=1.000000 | M=15 C=2 S=27 N=7 | warnings=0 | 14.01s
2026-08-29 12:40:26,703 | INFO | 13965794-5.json | source=api | gold=55 pred=37 | ratio=1.000000 | M=14 C=7 S=16 N=34 | warnings=0 | 16.32s
2026-08-29 12:40:47,337 | INFO | 13967325-2.json | source=api | gold=61 pred=76 | ratio=0.999750 | M=24 C=11 S=41 N=26 | warnings=0 | 20.63s
2026-08-29 12:41:06,280 | INFO | 14000768-4.json | source=api | gold=25 pred=40 | ratio=1.000000 | M=15 C=3 S=22 N=7 | warnings=0 | 18.94s
2026-08-29 12:41:22,430 | INFO | 14002628-2.json | source=api | gold=75 pred=75 | ratio=1.000000 | M=37 C=11 S=27 N=27 | warnings=0 | 16.15s
2026-08-29 12:41:31,481 | INFO | 14034695-2.json | source=api | gold=24 pred=36 | ratio=1.000000 | M=19 C=0 S=17 N=5 | warnings=0 | 9.05s
2026-08-29 12:41:40,903 | INFO | 14044927-3.json | source=api | gold=25 pred=17 | ratio=1.000000 | M=12 C=1 S=4 N=12 | warnings=0 | 9.42s
2026-08-29 12:42:00,506 | INFO | 14069632-1.json | source=api | gold=155 pred=157 | ratio=1.000000 | M=132 C=19 S=6 N=4 | warnings=0 | 19.60s
2026-08-29 12:42:19,858 | INFO | 14112069-3.json | source=api | gold=42 pred=47 | ratio=1.000000 | M=23 C=4 S=20 N=15 | warnings=0 | 19.35s
2026-08-29 12:42:30,506 | INFO | 14152135-1.json | source=api | gold=46 pred=52 | ratio=1.000000 | M=19 C=2 S=31 N=25 | warnings=0 | 10.65s
2026-08-29 12:42:56,905 | INFO | 14184338-1.json | source=api | gold=69 pred=95 | ratio=1.000000 | M=15 C=39 S=41 N=15 | warnings=0 | 26.40s
2026-08-29 12:43:15,212 | INFO | 14206166-1.json | source=api | gold=32 pred=41 | ratio=1.000000 | M=21 C=3 S=17 N=8 | warnings=0 | 18.31s
2026-08-29 12:43:23,985 | INFO | 14234310-1.json | source=api | gold=6 pred=9 | ratio=1.000000 | M=4 C=0 S=5 N=2 | warnings=0 | 8.77s
2026-08-29 12:43:39,721 | INFO | 14238847-3.json | source=api | gold=29 pred=36 | ratio=1.000000 | M=11 C=5 S=20 N=13 | warnings=0 | 15.73s
2026-08-29 12:43:49,943 | INFO | 14244523-1.json | source=api | gold=21 pred=31 | ratio=1.000000 | M=12 C=1 S=18 N=8 | warnings=0 | 10.22s
2026-08-29 12:44:05,102 | INFO | 14322529-1.json | source=api | gold=56 pred=42 | ratio=1.000000 | M=19 C=13 S=10 N=24 | warnings=0 | 15.16s
2026-08-29 12:44:19,040 | INFO | 14324463-2.json | source=api | gold=55 pred=53 | ratio=1.000000 | M=18 C=15 S=20 N=22 | warnings=0 | 13.94s
2026-08-29 12:44:29,660 | INFO | 14337421-1.json | source=api | gold=47 pred=34 | ratio=1.000000 | M=14 C=14 S=6 N=19 | warnings=0 | 10.62s
2026-08-29 12:44:40,536 | INFO | 14347863-4.json | source=api | gold=37 pred=44 | ratio=1.000000 | M=20 C=6 S=18 N=11 | warnings=0 | 10.87s
2026-08-29 12:44:48,158 | INFO | 14369574-2.json | source=api | gold=12 pred=20 | ratio=1.000000 | M=7 C=0 S=13 N=5 | warnings=0 | 7.62s
2026-08-29 12:44:53,620 | INFO | 14412284-1.json | source=api | gold=13 pred=13 | ratio=1.000000 | M=5 C=2 S=6 N=6 | warnings=0 | 5.46s
2026-08-29 12:45:05,024 | INFO | 14436628-1.json | source=api | gold=48 pred=39 | ratio=0.999816 | M=26 C=5 S=8 N=17 | warnings=0 | 11.40s
2026-08-29 12:45:30,628 | INFO | 14474184-6.json | source=api | gold=64 pred=84 | ratio=1.000000 | M=43 C=8 S=33 N=13 | warnings=0 | 25.60s
2026-08-29 12:45:49,514 | INFO | 14508717-1.json | source=api | gold=80 pred=48 | ratio=1.000000 | M=14 C=23 S=11 N=43 | warnings=0 | 18.88s
2026-08-29 12:45:59,052 | INFO | 14656266-2.json | source=api | gold=11 pred=27 | ratio=1.000000 | M=11 C=0 S=16 N=0 | warnings=0 | 9.54s
2026-08-29 12:46:09,478 | INFO | 14666117-2.json | source=api | gold=30 pred=33 | ratio=0.999777 | M=19 C=1 S=13 N=10 | warnings=0 | 10.42s
2026-08-29 12:46:19,614 | INFO | 14685872-1.json | source=api | gold=60 pred=58 | ratio=1.000000 | M=55 C=2 S=1 N=3 | warnings=0 | 10.13s
2026-08-29 12:46:24,331 | INFO | 14690202-1.json | source=api | gold=10 pred=12 | ratio=1.000000 | M=4 C=6 S=2 N=0 | warnings=0 | 4.72s
2026-08-29 12:46:43,018 | INFO | 14701086-2.json | source=api | gold=69 pred=84 | ratio=1.000000 | M=24 C=26 S=34 N=19 | warnings=0 | 18.68s
2026-08-29 12:46:53,547 | INFO | 14726257-1.json | source=api | gold=33 pred=32 | ratio=1.000000 | M=31 C=0 S=1 N=2 | warnings=0 | 10.53s
2026-08-29 12:47:15,203 | INFO | 14740695-3.json | source=api | gold=72 pred=75 | ratio=1.000000 | M=44 C=6 S=25 N=22 | warnings=0 | 21.65s
2026-08-29 12:47:30,855 | INFO | 14746245-3.json | source=api | gold=44 pred=45 | ratio=1.000000 | M=15 C=9 S=21 N=20 | warnings=0 | 15.65s
2026-08-29 12:47:49,663 | INFO | 14753623-1.json | source=api | gold=107 pred=59 | ratio=1.000000 | M=24 C=16 S=19 N=67 | warnings=0 | 18.81s
2026-08-29 12:48:06,615 | INFO | 14781646-1.json | source=api | gold=74 pred=51 | ratio=0.999842 | M=11 C=27 S=13 N=36 | warnings=0 | 16.95s
2026-08-29 12:48:16,454 | INFO | 14833503-2.json | source=api | gold=28 pred=37 | ratio=1.000000 | M=17 C=3 S=17 N=8 | warnings=0 | 9.84s
2026-08-29 12:48:24,541 | INFO | 14837540-2.json | source=api | gold=11 pred=15 | ratio=1.000000 | M=11 C=0 S=4 N=0 | warnings=0 | 8.08s
2026-08-29 12:48:40,930 | INFO | 14838374-3.json | source=api | gold=33 pred=58 | ratio=1.000000 | M=18 C=7 S=33 N=8 | warnings=0 | 16.39s
2026-08-29 12:48:50,709 | INFO | 14851199-1.json | source=api | gold=36 pred=45 | ratio=1.000000 | M=32 C=1 S=12 N=3 | warnings=0 | 9.78s
2026-08-29 12:49:11,498 | INFO | 14869580-5.json | source=api | gold=57 pred=83 | ratio=1.000000 | M=37 C=5 S=41 N=15 | warnings=0 | 20.79s
2026-08-29 12:49:16,440 | INFO | 14892369-1.json | source=api | gold=11 pred=12 | ratio=1.000000 | M=6 C=0 S=6 N=5 | warnings=0 | 4.94s
2026-08-29 12:49:25,393 | INFO | 14903472-1.json | source=api | gold=20 pred=20 | ratio=0.998796 | M=11 C=3 S=6 N=6 | warnings=0 | 8.95s
2026-08-29 12:49:42,214 | INFO | 15004497-4.json | source=api | gold=29 pred=37 | ratio=1.000000 | M=16 C=2 S=19 N=11 | warnings=0 | 16.82s
2026-08-29 12:49:49,780 | INFO | 15012529-1.json | source=api | gold=24 pred=24 | ratio=1.000000 | M=11 C=5 S=8 N=8 | warnings=0 | 7.56s
2026-08-29 12:50:06,288 | INFO | 15028137-1.json | source=api | gold=47 pred=53 | ratio=0.998651 | M=0 C=25 S=28 N=22 | warnings=0 | 16.51s
2026-08-29 12:50:15,987 | INFO | 15064870-1.json | source=api | gold=28 pred=35 | ratio=1.000000 | M=6 C=6 S=23 N=16 | warnings=0 | 9.70s
2026-08-29 12:50:33,223 | INFO | 15070166-15.json | source=api | gold=62 pred=48 | ratio=1.000000 | M=10 C=7 S=31 N=45 | warnings=0 | 17.23s
2026-08-29 12:50:38,684 | INFO | 15096207-1.json | source=api | gold=13 pred=12 | ratio=1.000000 | M=5 C=4 S=3 N=4 | warnings=0 | 5.46s
2026-08-29 12:50:53,889 | INFO | 15101665-2.json | source=api | gold=32 pred=43 | ratio=1.000000 | M=17 C=3 S=23 N=12 | warnings=0 | 15.20s
2026-08-29 12:51:15,787 | INFO | 15103724-5.json | source=api | gold=45 pred=44 | ratio=1.000000 | M=31 C=2 S=11 N=12 | warnings=0 | 21.90s
2026-08-29 12:51:26,847 | INFO | 15106919-2.json | source=api | gold=39 pred=39 | ratio=0.998906 | M=18 C=6 S=15 N=15 | warnings=0 | 11.06s
2026-08-29 12:51:33,907 | INFO | 15111515-2.json | source=api | gold=26 pred=25 | ratio=1.000000 | M=14 C=3 S=8 N=9 | warnings=0 | 7.06s
2026-08-29 12:51:52,768 | INFO | 15129666-16.json | source=api | gold=29 pred=41 | ratio=1.000000 | M=11 C=7 S=23 N=11 | warnings=0 | 18.86s
2026-08-29 12:52:04,139 | INFO | 15147330-1.json | source=api | gold=36 pred=49 | ratio=0.999410 | M=12 C=7 S=30 N=17 | warnings=0 | 11.37s
2026-08-29 12:52:09,298 | INFO | 15147342-1.json | source=api | gold=8 pred=20 | ratio=1.000000 | M=7 C=1 S=12 N=0 | warnings=0 | 5.16s
2026-08-29 12:52:28,128 | INFO | 15148245-7.json | source=api | gold=65 pred=59 | ratio=1.000000 | M=37 C=5 S=17 N=23 | warnings=0 | 18.83s
2026-08-29 12:52:45,330 | INFO | 15169598-6.json | source=api | gold=67 pred=57 | ratio=1.000000 | M=16 C=14 S=27 N=37 | warnings=0 | 17.20s
2026-08-29 12:53:00,027 | INFO | 15171476-4.json | source=api | gold=18 pred=27 | ratio=1.000000 | M=6 C=4 S=17 N=8 | warnings=0 | 14.70s
2026-08-29 12:53:23,570 | INFO | 15188070-2.json | source=api | gold=62 pred=67 | ratio=1.000000 | M=38 C=7 S=22 N=17 | warnings=0 | 23.54s
2026-08-29 12:53:44,455 | INFO | 15196856-3.json | source=api | gold=46 pred=53 | ratio=1.000000 | M=18 C=13 S=22 N=15 | warnings=0 | 20.88s
2026-08-29 12:53:50,232 | INFO | 15200324-1.json | source=api | gold=4 pred=10 | ratio=1.000000 | M=2 C=2 S=6 N=0 | warnings=0 | 5.78s
2026-08-29 12:54:04,162 | INFO | 15208709-2.json | source=api | gold=46 pred=46 | ratio=1.000000 | M=30 C=5 S=11 N=11 | warnings=0 | 13.93s
2026-08-29 12:54:13,083 | INFO | 15219581-2.json | source=api | gold=12 pred=19 | ratio=1.000000 | M=12 C=0 S=7 N=0 | warnings=0 | 8.92s
2026-08-29 12:54:18,217 | INFO | 15225066-1.json | source=api | gold=7 pred=14 | ratio=1.000000 | M=4 C=0 S=10 N=3 | warnings=0 | 5.13s
2026-08-29 12:54:33,300 | INFO | 15260925-2.json | source=api | gold=35 pred=38 | ratio=1.000000 | M=20 C=5 S=13 N=10 | warnings=0 | 15.08s
2026-08-29 12:54:54,093 | INFO | 15281747-1.json | source=api | gold=42 pred=47 | ratio=1.000000 | M=25 C=6 S=16 N=11 | warnings=0 | 20.79s
2026-08-29 12:55:12,126 | INFO | 15284015-1.json | source=api | gold=0 pred=50 | ratio=1.000000 | M=0 C=0 S=50 N=0 | warnings=0 | 18.03s
2026-08-29 12:55:19,580 | INFO | 15287147-1.json | source=api | gold=32 pred=18 | ratio=1.000000 | M=7 C=1 S=10 N=24 | warnings=0 | 7.45s
2026-08-29 12:55:34,193 | INFO | 15303321-3.json | source=api | gold=40 pred=37 | ratio=1.000000 | M=15 C=4 S=18 N=21 | warnings=0 | 14.61s
2026-08-29 12:55:51,406 | INFO | 15304087-9.json | source=api | gold=89 pred=55 | ratio=1.000000 | M=27 C=3 S=25 N=59 | warnings=0 | 17.21s
2026-08-29 12:55:59,362 | INFO | 15309850-3.json | source=api | gold=26 pred=26 | ratio=1.000000 | M=4 C=8 S=14 N=14 | warnings=0 | 7.95s
2026-08-29 12:56:04,142 | INFO | 15312424-1.json | source=api | gold=10 pred=8 | ratio=1.000000 | M=4 C=0 S=4 N=6 | warnings=0 | 4.78s
2026-08-29 12:56:12,780 | INFO | 15312428-2.json | source=api | gold=14 pred=18 | ratio=1.000000 | M=10 C=1 S=7 N=3 | warnings=0 | 8.64s
2026-08-29 12:56:32,105 | INFO | 15312769-1.json | source=api | gold=48 pred=54 | ratio=1.000000 | M=27 C=7 S=20 N=14 | warnings=0 | 19.32s
2026-08-29 12:56:41,708 | INFO | 15313596-1.json | source=api | gold=44 pred=38 | ratio=1.000000 | M=29 C=7 S=2 N=8 | warnings=0 | 9.60s
2026-08-29 12:56:58,565 | INFO | 15333071-2.json | source=api | gold=58 pred=50 | ratio=1.000000 | M=12 C=11 S=27 N=35 | warnings=0 | 16.85s
2026-08-29 12:57:05,892 | INFO | 15341011-1.json | source=api | gold=15 pred=24 | ratio=1.000000 | M=7 C=1 S=16 N=7 | warnings=0 | 7.33s
2026-08-29 12:57:12,583 | INFO | 15343225-2.json | source=api | gold=17 pred=21 | ratio=1.000000 | M=10 C=3 S=8 N=4 | warnings=0 | 6.69s
2026-08-29 12:57:19,094 | INFO | 15362570-2.json | source=api | gold=15 pred=13 | ratio=1.000000 | M=4 C=5 S=4 N=6 | warnings=0 | 6.51s
2026-08-29 12:57:28,569 | INFO | 15388328-3.json | source=api | gold=15 pred=15 | ratio=1.000000 | M=4 C=4 S=7 N=7 | warnings=0 | 9.47s
2026-08-29 12:57:34,023 | INFO | 15390595-1.json | source=api | gold=5 pred=15 | ratio=1.000000 | M=5 C=0 S=10 N=0 | warnings=0 | 5.45s
2026-08-29 12:57:38,385 | INFO | 15395281-2.json | source=api | gold=9 pred=8 | ratio=1.000000 | M=5 C=0 S=3 N=4 | warnings=0 | 4.36s
2026-08-29 12:57:42,689 | INFO | 15400654-1.json | source=api | gold=10 pred=8 | ratio=1.000000 | M=3 C=2 S=3 N=5 | warnings=0 | 4.30s
2026-08-29 12:58:07,756 | INFO | 15404257-6.json | source=api | gold=96 pred=88 | ratio=1.000000 | M=22 C=21 S=45 N=53 | warnings=0 | 25.07s
2026-08-29 12:58:12,910 | INFO | 15419646-1.json | source=api | gold=4 pred=9 | ratio=1.000000 | M=2 C=1 S=6 N=1 | warnings=0 | 5.15s
2026-08-29 12:58:31,094 | INFO | 15430567-2.json | source=api | gold=47 pred=64 | ratio=1.000000 | M=28 C=6 S=30 N=13 | warnings=0 | 18.18s
2026-08-29 12:58:33,785 | INFO | 15446077-1.json | source=api | gold=3 pred=3 | ratio=1.000000 | M=3 C=0 S=0 N=0 | warnings=0 | 2.69s
2026-08-29 12:58:40,710 | INFO | 15453202-1.json | source=api | gold=10 pred=29 | ratio=0.987021 | M=8 C=1 S=20 N=1 | warnings=0 | 6.93s
2026-08-29 12:58:55,341 | INFO | 15462167-1.json | source=api | gold=69 pred=38 | ratio=1.000000 | M=5 C=15 S=18 N=49 | warnings=0 | 14.63s
2026-08-29 12:59:10,099 | INFO | 15464764-3.json | source=api | gold=51 pred=36 | ratio=1.000000 | M=7 C=15 S=14 N=29 | warnings=0 | 14.76s
2026-08-29 12:59:15,520 | INFO | 15470106-1.json | source=api | gold=6 pred=10 | ratio=1.000000 | M=6 C=0 S=4 N=0 | warnings=0 | 5.42s
2026-08-29 12:59:30,421 | INFO | 15471119-1.json | source=api | gold=39 pred=42 | ratio=1.000000 | M=17 C=4 S=21 N=18 | warnings=0 | 14.90s
2026-08-29 12:59:34,161 | INFO | 15473201-1.json | source=api | gold=8 pred=5 | ratio=1.000000 | M=4 C=0 S=1 N=4 | warnings=0 | 3.74s
2026-08-29 12:59:39,966 | INFO | 15473227-1.json | source=api | gold=11 pred=12 | ratio=1.000000 | M=6 C=1 S=5 N=4 | warnings=0 | 5.80s
2026-08-29 12:59:46,746 | INFO | 15477190-1.json | source=api | gold=13 pred=14 | ratio=1.000000 | M=6 C=4 S=4 N=3 | warnings=0 | 6.78s
2026-08-29 13:00:01,022 | INFO | 15477298-5.json | source=api | gold=55 pred=33 | ratio=1.000000 | M=22 C=1 S=10 N=32 | warnings=0 | 14.27s
2026-08-29 13:00:15,780 | INFO | 15477831-4.json | source=api | gold=31 pred=30 | ratio=1.000000 | M=9 C=3 S=18 N=19 | warnings=0 | 14.76s
2026-08-29 13:00:35,671 | INFO | 15479468-4.json | source=api | gold=78 pred=59 | ratio=1.000000 | M=30 C=6 S=23 N=42 | warnings=0 | 19.89s
2026-08-29 13:00:41,173 | INFO | 15482788-1.json | source=api | gold=6 pred=17 | ratio=1.000000 | M=5 C=1 S=11 N=0 | warnings=0 | 5.50s
2026-08-29 13:00:45,135 | INFO | 15486425-1.json | source=api | gold=7 pred=4 | ratio=1.000000 | M=1 C=2 S=1 N=4 | warnings=0 | 3.96s
2026-08-29 13:00:55,622 | INFO | 15494187-2.json | source=api | gold=38 pred=28 | ratio=1.000000 | M=14 C=4 S=10 N=20 | warnings=0 | 10.49s
2026-08-29 13:01:12,861 | INFO | 15498726-2.json | source=api | gold=58 pred=69 | ratio=1.000000 | M=42 C=1 S=26 N=15 | warnings=0 | 17.24s
2026-08-29 13:01:26,366 | INFO | 15499461-1.json | source=api | gold=86 pred=95 | ratio=1.000000 | M=78 C=6 S=11 N=2 | warnings=0 | 13.50s
2026-08-29 13:01:40,660 | INFO | 15503865-2.json | source=api | gold=27 pred=36 | ratio=1.000000 | M=12 C=6 S=18 N=9 | warnings=0 | 14.29s
2026-08-29 13:01:46,566 | INFO | 15503901-1.json | source=api | gold=6 pred=15 | ratio=1.000000 | M=5 C=0 S=10 N=1 | warnings=0 | 5.91s
2026-08-29 13:01:54,654 | INFO | 15504194-1.json | source=api | gold=11 pred=20 | ratio=1.000000 | M=8 C=0 S=12 N=3 | warnings=0 | 8.09s
2026-08-29 13:02:04,286 | INFO | 15526649-2.json | source=api | gold=14 pred=15 | ratio=1.000000 | M=6 C=2 S=7 N=6 | warnings=0 | 9.63s
2026-08-29 13:02:12,345 | INFO | 15531373-1.json | source=api | gold=21 pred=15 | ratio=1.000000 | M=13 C=1 S=1 N=7 | warnings=0 | 8.06s
2026-08-29 13:02:20,897 | INFO | 15533294-1.json | source=api | gold=25 pred=28 | ratio=1.000000 | M=11 C=4 S=13 N=10 | warnings=0 | 8.55s
2026-08-29 13:02:25,449 | INFO | 15536042-2.json | source=api | gold=8 pred=11 | ratio=1.000000 | M=7 C=0 S=4 N=1 | warnings=0 | 4.55s
2026-08-29 13:02:39,826 | INFO | 15536631-3.json | source=api | gold=59 pred=50 | ratio=1.000000 | M=20 C=16 S=14 N=23 | warnings=0 | 14.38s
2026-08-29 13:02:48,902 | INFO | 15542681-2.json | source=api | gold=16 pred=27 | ratio=1.000000 | M=11 C=4 S=12 N=1 | warnings=0 | 9.07s
2026-08-29 13:02:56,222 | INFO | 15543208-3.json | source=api | gold=20 pred=18 | ratio=1.000000 | M=8 C=1 S=9 N=11 | warnings=0 | 7.32s
2026-08-29 13:03:12,596 | INFO | 15544212-4.json | source=api | gold=37 pred=63 | ratio=1.000000 | M=23 C=4 S=36 N=10 | warnings=0 | 16.37s
2026-08-29 13:03:25,953 | INFO | 15545365-2.json | source=api | gold=46 pred=40 | ratio=0.999695 | M=8 C=18 S=14 N=20 | warnings=0 | 13.36s
2026-08-29 13:03:32,172 | INFO | 15554459-1.json | source=api | gold=26 pred=21 | ratio=1.000000 | M=18 C=1 S=2 N=7 | warnings=0 | 6.22s
2026-08-29 13:03:40,160 | INFO | 15556571-1.json | source=api | gold=27 pred=21 | ratio=1.000000 | M=11 C=4 S=6 N=12 | warnings=0 | 7.99s
2026-08-29 13:03:48,542 | INFO | 15558775-1.json | source=api | gold=35 pred=26 | ratio=1.000000 | M=17 C=3 S=6 N=15 | warnings=0 | 8.38s
2026-08-29 13:03:54,185 | INFO | 15563781-2.json | source=api | gold=10 pred=9 | ratio=1.000000 | M=3 C=1 S=5 N=6 | warnings=0 | 5.64s
2026-08-29 13:04:10,403 | INFO | 15566247-2.json | source=api | gold=28 pred=87 | ratio=1.000000 | M=18 C=3 S=66 N=7 | warnings=0 | 16.22s
2026-08-29 13:04:18,200 | INFO | 15568558-2.json | source=api | gold=24 pred=31 | ratio=1.000000 | M=21 C=2 S=8 N=1 | warnings=0 | 7.80s
2026-08-29 13:04:24,560 | INFO | 15573783-1.json | source=api | gold=7 pred=20 | ratio=1.000000 | M=6 C=0 S=14 N=1 | warnings=0 | 6.36s
2026-08-29 13:04:32,572 | INFO | 15578531-1.json | source=api | gold=10 pred=18 | ratio=1.000000 | M=5 C=3 S=10 N=2 | warnings=0 | 8.01s
2026-08-29 13:04:34,994 | INFO | 15587045-1.json | source=api | gold=2 pred=2 | ratio=1.000000 | M=1 C=0 S=1 N=1 | warnings=0 | 2.42s
2026-08-29 13:04:49,613 | INFO | 15599301-5.json | source=api | gold=49 pred=36 | ratio=1.000000 | M=24 C=4 S=8 N=21 | warnings=0 | 14.62s
2026-08-29 13:04:57,418 | INFO | 15606548-1.json | source=api | gold=31 pred=38 | ratio=1.000000 | M=23 C=6 S=9 N=2 | warnings=0 | 7.80s
2026-08-29 13:05:06,919 | INFO | 15609137-1.json | source=api | gold=38 pred=29 | ratio=1.000000 | M=10 C=13 S=6 N=15 | warnings=0 | 9.50s
2026-08-29 13:05:17,096 | INFO | 15611494-4.json | source=api | gold=12 pred=14 | ratio=1.000000 | M=7 C=1 S=6 N=4 | warnings=0 | 10.18s
2026-08-29 13:05:25,314 | INFO | 15612891-1.json | source=api | gold=5 pred=18 | ratio=1.000000 | M=4 C=1 S=13 N=0 | warnings=0 | 8.22s
2026-08-29 13:05:31,136 | INFO | 15615411-1.json | source=api | gold=10 pred=14 | ratio=1.000000 | M=7 C=0 S=7 N=3 | warnings=0 | 5.82s
2026-08-29 13:05:38,637 | INFO | 15615902-1.json | source=api | gold=9 pred=13 | ratio=1.000000 | M=3 C=2 S=8 N=4 | warnings=0 | 7.50s
2026-08-29 13:05:44,518 | INFO | 15621288-2.json | source=api | gold=5 pred=13 | ratio=1.000000 | M=5 C=0 S=8 N=0 | warnings=0 | 5.88s
2026-08-29 13:05:49,803 | INFO | 15631447-1.json | source=api | gold=5 pred=10 | ratio=1.000000 | M=5 C=0 S=5 N=0 | warnings=0 | 5.28s
2026-08-29 13:06:08,826 | INFO | 15639389-4.json | source=api | gold=37 pred=73 | ratio=1.000000 | M=12 C=10 S=51 N=15 | warnings=0 | 19.02s
2026-08-29 13:06:15,542 | INFO | 15653612-1.json | source=api | gold=11 pred=8 | ratio=1.000000 | M=6 C=0 S=2 N=5 | warnings=0 | 6.71s
2026-08-29 13:06:21,757 | INFO | 15656387-1.json | source=api | gold=17 pred=15 | ratio=1.000000 | M=8 C=3 S=4 N=6 | warnings=0 | 6.21s
2026-08-29 13:06:27,158 | INFO | 15664344-1.json | source=api | gold=7 pred=17 | ratio=1.000000 | M=7 C=0 S=10 N=0 | warnings=0 | 5.40s
2026-08-29 13:06:33,058 | INFO | 15670728-1.json | source=api | gold=6 pred=12 | ratio=1.000000 | M=5 C=1 S=6 N=0 | warnings=0 | 5.90s
2026-08-29 13:06:48,076 | INFO | 15676710-4.json | source=api | gold=25 pred=30 | ratio=1.000000 | M=11 C=5 S=14 N=9 | warnings=0 | 15.02s
2026-08-29 13:06:58,710 | INFO | 15687221-2.json | source=api | gold=16 pred=18 | ratio=1.000000 | M=7 C=1 S=10 N=8 | warnings=0 | 10.63s
2026-08-29 13:07:16,521 | INFO | 15690079-1.json | source=api | gold=59 pred=48 | ratio=1.000000 | M=16 C=9 S=23 N=34 | warnings=0 | 17.81s
2026-08-29 13:07:23,878 | INFO | 15695485-1.json | source=api | gold=6 pred=10 | ratio=1.000000 | M=2 C=1 S=7 N=3 | warnings=0 | 7.36s
2026-08-29 13:07:35,078 | INFO | 15695613-1.json | source=api | gold=23 pred=26 | ratio=1.000000 | M=4 C=6 S=16 N=13 | warnings=0 | 11.20s
2026-08-29 13:07:44,449 | INFO | 15701050-2.json | source=api | gold=22 pred=17 | ratio=1.000000 | M=9 C=1 S=7 N=12 | warnings=0 | 9.37s
2026-08-29 13:07:54,073 | INFO | 15702449-2.json | source=api | gold=13 pred=28 | ratio=1.000000 | M=5 C=4 S=19 N=4 | warnings=0 | 9.62s
2026-08-29 13:07:59,728 | INFO | 15703266-1.json | source=api | gold=22 pred=19 | ratio=0.997121 | M=13 C=3 S=3 N=6 | warnings=0 | 5.65s
2026-08-29 13:08:21,881 | INFO | 15704490-3.json | source=api | gold=79 pred=93 | ratio=1.000000 | M=26 C=19 S=48 N=34 | warnings=0 | 22.15s
2026-08-29 13:08:26,991 | INFO | 15718316-1.json | source=api | gold=5 pred=9 | ratio=0.995784 | M=5 C=0 S=4 N=0 | warnings=0 | 5.11s
2026-08-29 13:08:32,468 | INFO | 15721668-2.json | source=api | gold=5 pred=14 | ratio=1.000000 | M=5 C=0 S=9 N=0 | warnings=0 | 5.48s
2026-08-29 13:08:37,892 | INFO | 15722953-1.json | source=api | gold=4 pred=15 | ratio=1.000000 | M=4 C=0 S=11 N=0 | warnings=0 | 5.42s
2026-08-29 13:08:40,859 | INFO | 15723123-1.json | source=api | gold=3 pred=6 | ratio=0.986877 | M=2 C=0 S=4 N=1 | warnings=0 | 2.97s
2026-08-29 13:08:44,932 | INFO | 15723842-1.json | source=api | gold=15 pred=13 | ratio=0.992265 | M=4 C=3 S=6 N=8 | warnings=0 | 4.07s
2026-08-29 13:08:51,304 | INFO | 15729006-1.json | source=api | gold=14 pred=12 | ratio=1.000000 | M=7 C=1 S=4 N=6 | warnings=0 | 6.37s
2026-08-29 13:08:54,930 | INFO | 15733503-1.json | source=api | gold=9 pred=4 | ratio=1.000000 | M=3 C=1 S=0 N=5 | warnings=0 | 3.63s
2026-08-29 13:09:09,303 | INFO | 15734159-1.json | source=api | gold=43 pred=28 | ratio=1.000000 | M=14 C=4 S=10 N=25 | warnings=0 | 14.37s
2026-08-29 13:09:26,132 | INFO | 15739332-2.json | source=api | gold=65 pred=49 | ratio=1.000000 | M=27 C=2 S=20 N=36 | warnings=0 | 16.83s
2026-08-29 13:09:33,143 | INFO | 15758973-2.json | source=api | gold=15 pred=15 | ratio=1.000000 | M=8 C=1 S=6 N=6 | warnings=0 | 7.01s
2026-08-29 13:09:36,802 | INFO | 15763649-1.json | source=api | gold=9 pred=7 | ratio=1.000000 | M=2 C=3 S=2 N=4 | warnings=0 | 3.66s
2026-08-29 13:09:42,740 | INFO | 15802712-1.json | source=api | gold=30 pred=27 | ratio=1.000000 | M=26 C=0 S=1 N=4 | warnings=0 | 5.94s
2026-08-29 13:09:50,444 | INFO | 15812130-1.json | source=api | gold=26 pred=19 | ratio=1.000000 | M=11 C=3 S=5 N=12 | warnings=0 | 7.70s
2026-08-29 13:09:57,595 | INFO | 15813759-1.json | source=api | gold=17 pred=20 | ratio=1.000000 | M=5 C=6 S=9 N=6 | warnings=0 | 7.15s
2026-08-29 13:10:05,164 | INFO | 15821107-1.json | source=api | gold=24 pred=27 | ratio=1.000000 | M=17 C=2 S=8 N=5 | warnings=0 | 7.57s
2026-08-29 13:10:14,061 | INFO | 15824873-2.json | source=api | gold=22 pred=20 | ratio=1.000000 | M=19 C=1 S=0 N=2 | warnings=0 | 8.90s
2026-08-29 13:10:18,002 | INFO | 15824986-1.json | source=api | gold=10 pred=7 | ratio=1.000000 | M=4 C=2 S=1 N=4 | warnings=0 | 3.94s
2026-08-29 13:10:30,488 | INFO | 15825414-1.json | source=api | gold=50 pred=50 | ratio=1.000000 | M=25 C=9 S=16 N=16 | warnings=0 | 12.48s
2026-08-29 13:10:35,364 | INFO | 15826990-1.json | source=api | gold=8 pred=6 | ratio=1.000000 | M=3 C=2 S=1 N=3 | warnings=0 | 4.87s
2026-08-29 13:10:48,580 | INFO | 15827806-2.json | source=api | gold=27 pred=42 | ratio=1.000000 | M=17 C=1 S=24 N=9 | warnings=0 | 13.21s
2026-08-29 13:10:54,096 | INFO | 15835126-1.json | source=api | gold=11 pred=13 | ratio=1.000000 | M=8 C=1 S=4 N=2 | warnings=0 | 5.52s
2026-08-29 13:11:03,425 | INFO | 15839032-2.json | source=api | gold=31 pred=24 | ratio=1.000000 | M=19 C=1 S=4 N=11 | warnings=0 | 9.33s
2026-08-29 13:11:18,521 | INFO | 15840180-3.json | source=api | gold=50 pred=37 | ratio=1.000000 | M=21 C=3 S=13 N=26 | warnings=0 | 15.09s
2026-08-29 13:11:25,804 | INFO | 15844967-1.json | source=api | gold=16 pred=15 | ratio=1.000000 | M=10 C=0 S=5 N=6 | warnings=0 | 7.28s
2026-08-29 13:11:32,488 | INFO | 15851823-1.json | source=api | gold=13 pred=19 | ratio=1.000000 | M=6 C=1 S=12 N=6 | warnings=0 | 6.68s
2026-08-29 13:11:49,148 | INFO | 15852107-10.json | source=api | gold=55 pred=58 | ratio=1.000000 | M=19 C=13 S=26 N=23 | warnings=0 | 16.66s
2026-08-29 13:11:54,397 | INFO | 15853578-1.json | source=api | gold=18 pred=18 | ratio=1.000000 | M=10 C=4 S=4 N=4 | warnings=0 | 5.25s
2026-08-29 13:12:01,809 | INFO | 15853889-2.json | source=api | gold=13 pred=20 | ratio=1.000000 | M=6 C=2 S=12 N=5 | warnings=0 | 7.41s
2026-08-29 13:12:05,400 | INFO | 15858639-1.json | source=api | gold=7 pred=4 | ratio=1.000000 | M=2 C=0 S=2 N=5 | warnings=0 | 3.59s
2026-08-29 13:12:12,314 | INFO | 15862134-1.json | source=api | gold=13 pred=15 | ratio=1.000000 | M=1 C=2 S=12 N=10 | warnings=0 | 6.91s
2026-08-29 13:12:20,064 | INFO | 15863587-1.json | source=api | gold=20 pred=17 | ratio=1.000000 | M=5 C=6 S=6 N=9 | warnings=0 | 7.75s
2026-08-29 13:12:29,048 | INFO | 15865118-2.json | source=api | gold=20 pred=18 | ratio=1.000000 | M=8 C=3 S=7 N=9 | warnings=0 | 8.98s
2026-08-29 13:12:38,229 | INFO | 15865275-1.json | source=api | gold=11 pred=25 | ratio=1.000000 | M=7 C=1 S=17 N=3 | warnings=0 | 9.18s
2026-08-29 13:12:46,222 | INFO | 15865319-1.json | source=api | gold=11 pred=34 | ratio=1.000000 | M=7 C=1 S=26 N=3 | warnings=0 | 7.99s
2026-08-29 13:12:53,390 | INFO | 15865353-1.json | source=api | gold=11 pred=25 | ratio=1.000000 | M=7 C=1 S=17 N=3 | warnings=0 | 7.17s
2026-08-29 13:13:01,018 | INFO | 15865359-1.json | source=api | gold=11 pred=25 | ratio=1.000000 | M=7 C=1 S=17 N=3 | warnings=0 | 7.63s
2026-08-29 13:13:09,200 | INFO | 15865360-1.json | source=api | gold=12 pred=25 | ratio=1.000000 | M=8 C=1 S=16 N=3 | warnings=0 | 8.18s
2026-08-29 13:13:16,654 | INFO | 15865361-1.json | source=api | gold=11 pred=25 | ratio=1.000000 | M=7 C=1 S=17 N=3 | warnings=0 | 7.45s
2026-08-29 13:13:23,960 | INFO | 15865366-1.json | source=api | gold=11 pred=25 | ratio=1.000000 | M=7 C=1 S=17 N=3 | warnings=0 | 7.30s
2026-08-29 13:13:31,813 | INFO | 15865369-1.json | source=api | gold=11 pred=28 | ratio=1.000000 | M=7 C=1 S=20 N=3 | warnings=0 | 7.85s
2026-08-29 13:13:39,072 | INFO | 15865370-1.json | source=api | gold=11 pred=25 | ratio=1.000000 | M=7 C=1 S=17 N=3 | warnings=0 | 7.26s
2026-08-29 13:13:46,222 | INFO | 15878992-1.json | source=api | gold=28 pred=38 | ratio=1.000000 | M=22 C=2 S=14 N=4 | warnings=0 | 7.15s
2026-08-29 13:13:52,242 | INFO | 15879369-1.json | source=api | gold=16 pred=16 | ratio=0.998014 | M=5 C=5 S=6 N=6 | warnings=0 | 6.02s
2026-08-29 13:14:01,244 | INFO | 15880781-1.json | source=api | gold=30 pred=30 | ratio=1.000000 | M=16 C=0 S=14 N=14 | warnings=0 | 9.00s
2026-08-29 13:14:26,731 | INFO | 15884594-1.json | source=api | gold=115 pred=121 | ratio=0.999751 | M=3 C=73 S=45 N=39 | warnings=0 | 25.49s
2026-08-29 13:14:35,238 | INFO | 15886193-2.json | source=api | gold=21 pred=38 | ratio=1.000000 | M=17 C=2 S=19 N=2 | warnings=0 | 8.51s
2026-08-29 13:14:42,251 | INFO | 15887724-1.json | source=api | gold=13 pred=23 | ratio=1.000000 | M=6 C=1 S=16 N=6 | warnings=0 | 7.01s
2026-08-29 13:14:45,663 | INFO | 15889827-1.json | source=api | gold=8 pred=4 | ratio=1.000000 | M=3 C=1 S=0 N=4 | warnings=0 | 3.41s
2026-08-29 13:14:50,792 | INFO | 15893614-1.json | source=api | gold=17 pred=22 | ratio=1.000000 | M=13 C=0 S=9 N=4 | warnings=0 | 5.13s
2026-08-29 13:14:57,904 | INFO | 15898944-1.json | source=api | gold=24 pred=32 | ratio=1.000000 | M=20 C=2 S=10 N=2 | warnings=0 | 7.11s
2026-08-29 13:15:02,284 | INFO | 15903426-1.json | source=api | gold=3 pred=10 | ratio=1.000000 | M=3 C=0 S=7 N=0 | warnings=0 | 4.38s
2026-08-29 13:15:08,105 | INFO | 15906691-1.json | source=api | gold=7 pred=12 | ratio=0.991182 | M=6 C=0 S=6 N=1 | warnings=0 | 5.82s
2026-08-29 13:15:16,274 | INFO | 15918174-1.json | source=api | gold=32 pred=24 | ratio=1.000000 | M=16 C=3 S=5 N=13 | warnings=0 | 8.17s
2026-08-29 13:15:32,608 | INFO | 15926980-3.json | source=api | gold=59 pred=48 | ratio=0.999874 | M=28 C=11 S=9 N=20 | warnings=0 | 16.33s
2026-08-29 13:15:37,502 | INFO | 15927105-1.json | source=api | gold=9 pred=10 | ratio=1.000000 | M=3 C=2 S=5 N=4 | warnings=0 | 4.89s
2026-08-29 13:15:55,102 | INFO | 15938104-2.json | source=api | gold=49 pred=44 | ratio=1.000000 | M=15 C=10 S=19 N=24 | warnings=0 | 17.60s
2026-08-29 13:15:58,595 | INFO | 15943492-1.json | source=api | gold=5 pred=7 | ratio=0.997743 | M=3 C=1 S=3 N=1 | warnings=0 | 3.49s
2026-08-29 13:16:01,559 | INFO | 15943643-1.json | source=api | gold=6 pred=6 | ratio=1.000000 | M=3 C=2 S=1 N=1 | warnings=0 | 2.96s
2026-08-29 13:16:06,420 | INFO | 15955900-1.json | source=api | gold=9 pred=8 | ratio=1.000000 | M=6 C=1 S=1 N=2 | warnings=0 | 4.86s
2026-08-29 13:16:23,555 | INFO | 15967675-3.json | source=api | gold=36 pred=57 | ratio=1.000000 | M=18 C=3 S=36 N=15 | warnings=0 | 17.13s
2026-08-29 13:16:43,670 | INFO | 15977608-8.json | source=api | gold=58 pred=62 | ratio=0.999874 | M=34 C=7 S=21 N=17 | warnings=0 | 20.11s
2026-08-29 13:17:03,849 | INFO | 15978466-2.json | source=api | gold=88 pred=78 | ratio=1.000000 | M=35 C=13 S=30 N=40 | warnings=0 | 20.18s
2026-08-29 13:17:20,486 | INFO | 15992911-2.json | source=api | gold=104 pred=46 | ratio=1.000000 | M=34 C=2 S=10 N=68 | warnings=0 | 16.64s
2026-08-29 13:17:25,223 | INFO | 16004238-1.json | source=api | gold=4 pred=5 | ratio=1.000000 | M=0 C=4 S=1 N=0 | warnings=0 | 4.74s
2026-08-29 13:17:39,630 | INFO | 16004330-1.json | source=api | gold=42 pred=21 | ratio=1.000000 | M=12 C=2 S=7 N=28 | warnings=0 | 14.41s
2026-08-29 13:17:44,689 | INFO | 16004352-1.json | source=api | gold=4 pred=13 | ratio=1.000000 | M=4 C=0 S=9 N=0 | warnings=0 | 5.06s
2026-08-29 13:18:00,292 | INFO | 16004616-2.json | source=api | gold=39 pred=28 | ratio=1.000000 | M=8 C=4 S=16 N=27 | warnings=0 | 15.60s
2026-08-29 13:18:05,513 | INFO | 16008858-1.json | source=api | gold=3 pred=12 | ratio=1.000000 | M=3 C=0 S=9 N=0 | warnings=0 | 5.22s
2026-08-29 13:18:10,287 | INFO | 16008943-1.json | source=api | gold=3 pred=11 | ratio=1.000000 | M=1 C=1 S=9 N=1 | warnings=0 | 4.77s
2026-08-29 13:18:27,824 | INFO | 16012392-3.json | source=api | gold=38 pred=60 | ratio=1.000000 | M=20 C=9 S=31 N=9 | warnings=0 | 17.54s
2026-08-29 13:18:36,493 | INFO | 16012600-4.json | source=api | gold=8 pred=29 | ratio=1.000000 | M=1 C=3 S=25 N=4 | warnings=0 | 8.67s
2026-08-29 13:18:41,220 | INFO | 16013029-1.json | source=api | gold=14 pred=16 | ratio=1.000000 | M=5 C=2 S=9 N=7 | warnings=0 | 4.73s
2026-08-29 13:18:45,711 | INFO | 16021402-1.json | source=api | gold=12 pred=11 | ratio=1.000000 | M=4 C=4 S=3 N=4 | warnings=0 | 4.49s
2026-08-29 13:19:02,084 | INFO | 16023402-2.json | source=api | gold=39 pred=39 | ratio=1.000000 | M=11 C=8 S=20 N=20 | warnings=0 | 16.37s
2026-08-29 13:19:08,176 | INFO | 16028126-1.json | source=api | gold=12 pred=16 | ratio=1.000000 | M=8 C=1 S=7 N=3 | warnings=0 | 6.09s
2026-08-29 13:19:14,396 | INFO | 16031814-1.json | source=api | gold=9 pred=11 | ratio=1.000000 | M=8 C=0 S=3 N=1 | warnings=0 | 6.22s
2026-08-29 13:19:31,134 | INFO | 16038598-3.json | source=api | gold=32 pred=52 | ratio=1.000000 | M=19 C=5 S=28 N=8 | warnings=0 | 16.74s
2026-08-29 13:19:35,740 | INFO | 16047875-1.json | source=api | gold=9 pred=8 | ratio=1.000000 | M=2 C=2 S=4 N=5 | warnings=0 | 4.61s
2026-08-29 13:19:45,368 | INFO | 16065942-2.json | source=api | gold=50 pred=41 | ratio=1.000000 | M=18 C=14 S=9 N=18 | warnings=0 | 9.63s
2026-08-29 13:19:51,530 | INFO | 16074870-1.json | source=api | gold=14 pred=18 | ratio=1.000000 | M=10 C=3 S=5 N=1 | warnings=0 | 6.16s
2026-08-29 13:19:56,934 | INFO | 16082532-1.json | source=api | gold=5 pred=3 | ratio=1.000000 | M=1 C=1 S=1 N=3 | warnings=0 | 5.40s
2026-08-29 13:20:09,959 | INFO | 16082745-1.json | source=api | gold=26 pred=35 | ratio=1.000000 | M=22 C=3 S=10 N=1 | warnings=0 | 13.02s
2026-08-29 13:20:17,824 | INFO | 16100756-5.json | source=api | gold=31 pred=17 | ratio=1.000000 | M=11 C=3 S=3 N=17 | warnings=0 | 7.86s
2026-08-29 13:20:23,794 | INFO | 16113077-1.json | source=api | gold=14 pred=15 | ratio=1.000000 | M=8 C=2 S=5 N=4 | warnings=0 | 5.97s
2026-08-29 13:20:30,125 | INFO | 16117083-1.json | source=api | gold=13 pred=13 | ratio=0.993781 | M=7 C=3 S=3 N=3 | warnings=0 | 6.33s
2026-08-29 13:20:34,395 | INFO | 16155801-1.json | source=api | gold=7 pred=6 | ratio=1.000000 | M=4 C=0 S=2 N=3 | warnings=0 | 4.27s
2026-08-29 13:20:42,193 | INFO | 16157304-1.json | source=api | gold=26 pred=25 | ratio=1.000000 | M=10 C=5 S=10 N=11 | warnings=0 | 7.80s
2026-08-29 13:20:46,520 | INFO | 16160190-1.json | source=api | gold=10 pred=9 | ratio=1.000000 | M=6 C=1 S=2 N=3 | warnings=0 | 4.33s
2026-08-29 13:21:02,059 | INFO | 16167852-7.json | source=api | gold=38 pred=37 | ratio=1.000000 | M=13 C=3 S=21 N=22 | warnings=0 | 15.54s
2026-08-29 13:21:13,812 | INFO | 16186433-2.json | source=api | gold=44 pred=38 | ratio=1.000000 | M=28 C=4 S=6 N=12 | warnings=0 | 11.75s
2026-08-29 13:21:29,421 | INFO | 16194913-2.json | source=api | gold=58 pred=67 | ratio=1.000000 | M=24 C=8 S=35 N=26 | warnings=0 | 15.61s
2026-08-29 13:21:32,561 | INFO | 16197456-1.json | source=api | gold=6 pred=7 | ratio=0.984940 | M=2 C=2 S=3 N=2 | warnings=0 | 3.14s
2026-08-29 13:21:39,335 | INFO | 16205155-1.json | source=api | gold=20 pred=25 | ratio=0.999658 | M=13 C=2 S=10 N=5 | warnings=0 | 6.77s
2026-08-29 13:21:42,455 | INFO | 16215485-1.json | source=api | gold=2 pred=2 | ratio=0.980519 | M=2 C=0 S=0 N=0 | warnings=0 | 3.12s
2026-08-29 13:21:53,511 | INFO | 16219423-2.json | source=api | gold=17 pred=25 | ratio=1.000000 | M=10 C=4 S=11 N=3 | warnings=0 | 11.06s
2026-08-29 13:22:09,255 | INFO | 16219426-3.json | source=api | gold=34 pred=45 | ratio=1.000000 | M=17 C=7 S=21 N=10 | warnings=0 | 15.74s
2026-08-29 13:22:14,780 | INFO | 16229555-1.json | source=api | gold=7 pred=9 | ratio=1.000000 | M=4 C=2 S=3 N=1 | warnings=0 | 5.52s
2026-08-29 13:22:26,381 | INFO | 16237079-1.json | source=api | gold=72 pred=69 | ratio=0.999645 | M=2 C=61 S=6 N=9 | warnings=0 | 11.60s
2026-08-29 13:22:36,811 | INFO | 16241817-4.json | source=api | gold=10 pred=22 | ratio=1.000000 | M=3 C=4 S=15 N=3 | warnings=0 | 10.43s
2026-08-29 13:22:40,298 | INFO | 16241939-1.json | source=api | gold=8 pred=4 | ratio=0.999347 | M=3 C=1 S=0 N=4 | warnings=0 | 3.49s
2026-08-29 13:22:47,829 | INFO | 16252965-1.json | source=api | gold=15 pred=20 | ratio=1.000000 | M=7 C=4 S=9 N=4 | warnings=0 | 7.53s
2026-08-29 13:22:52,719 | INFO | 16272538-1.json | source=api | gold=7 pred=5 | ratio=0.999361 | M=1 C=2 S=2 N=4 | warnings=0 | 4.89s
2026-08-29 13:22:55,744 | INFO | 16274941-1.json | source=api | gold=3 pred=3 | ratio=1.000000 | M=3 C=0 S=0 N=0 | warnings=0 | 3.02s
2026-08-29 13:23:04,394 | INFO | 16288047-2.json | source=api | gold=14 pred=29 | ratio=1.000000 | M=8 C=3 S=18 N=3 | warnings=0 | 8.65s
2026-08-29 13:23:14,866 | INFO | 16301689-2.json | source=api | gold=25 pred=32 | ratio=1.000000 | M=8 C=7 S=17 N=10 | warnings=0 | 10.47s
2026-08-29 13:23:32,250 | INFO | 16311366-3.json | source=api | gold=50 pred=77 | ratio=1.000000 | M=20 C=18 S=39 N=12 | warnings=0 | 17.38s
2026-08-29 13:23:45,549 | INFO | 16312965-2.json | source=api | gold=19 pred=34 | ratio=1.000000 | M=13 C=1 S=20 N=5 | warnings=0 | 13.30s
2026-08-29 13:23:57,002 | INFO | 16315514-1.json | source=api | gold=64 pred=46 | ratio=1.000000 | M=36 C=1 S=9 N=27 | warnings=0 | 11.45s
2026-08-29 13:24:15,624 | INFO | 16320883-8.json | source=api | gold=114 pred=62 | ratio=1.000000 | M=41 C=13 S=8 N=60 | warnings=0 | 18.62s
2026-08-29 13:24:33,865 | INFO | 16327391-1.json | source=api | gold=28 pred=49 | ratio=1.000000 | M=9 C=8 S=32 N=11 | warnings=0 | 18.24s
2026-08-29 13:24:54,082 | INFO | 16333062-9.json | source=api | gold=65 pred=70 | ratio=1.000000 | M=37 C=4 S=29 N=24 | warnings=0 | 20.22s
2026-08-29 13:25:03,601 | INFO | 16340152-1.json | source=api | gold=31 pred=43 | ratio=1.000000 | M=24 C=5 S=14 N=2 | warnings=0 | 9.52s
2026-08-29 13:25:19,266 | INFO | 16342363-1.json | source=api | gold=35 pred=25 | ratio=1.000000 | M=21 C=0 S=4 N=14 | warnings=0 | 15.66s
2026-08-29 13:25:32,372 | INFO | 16347640-2.json | source=api | gold=44 pred=42 | ratio=0.999691 | M=16 C=8 S=18 N=20 | warnings=0 | 13.10s
2026-08-29 13:25:39,491 | INFO | 16349528-2.json | source=api | gold=21 pred=23 | ratio=0.998858 | M=7 C=6 S=10 N=8 | warnings=0 | 7.12s
2026-08-29 13:25:45,210 | INFO | 16352300-1.json | source=api | gold=8 pred=15 | ratio=1.000000 | M=2 C=1 S=12 N=5 | warnings=0 | 5.72s
2026-08-29 13:25:55,330 | INFO | 16352529-4.json | source=api | gold=21 pred=18 | ratio=1.000000 | M=4 C=1 S=13 N=16 | warnings=0 | 10.12s
2026-08-29 13:26:01,255 | INFO | 16355718-1.json | source=api | gold=14 pred=14 | ratio=1.000000 | M=6 C=4 S=4 N=4 | warnings=0 | 5.92s
2026-08-29 13:26:09,009 | INFO | 16356814-1.json | source=api | gold=13 pred=15 | ratio=1.000000 | M=5 C=1 S=9 N=7 | warnings=0 | 7.75s
2026-08-29 13:26:13,320 | INFO | 16365362-1.json | source=api | gold=5 pred=5 | ratio=1.000000 | M=3 C=1 S=1 N=1 | warnings=0 | 4.31s
2026-08-29 13:26:15,334 | INFO | 16366892-1.json | source=api | gold=1 pred=1 | ratio=0.981818 | M=1 C=0 S=0 N=0 | warnings=0 | 2.01s
2026-08-29 13:26:27,404 | INFO | 16372702-4.json | source=api | gold=23 pred=50 | ratio=1.000000 | M=10 C=6 S=34 N=7 | warnings=0 | 12.07s
2026-08-29 13:26:32,635 | INFO | 16374688-1.json | source=api | gold=4 pred=13 | ratio=1.000000 | M=4 C=0 S=9 N=0 | warnings=0 | 5.23s
2026-08-29 13:26:37,689 | INFO | 16380149-1.json | source=api | gold=12 pred=14 | ratio=0.999160 | M=4 C=4 S=6 N=4 | warnings=0 | 5.05s
2026-08-29 13:26:45,774 | INFO | 16380554-2.json | source=api | gold=20 pred=34 | ratio=1.000000 | M=17 C=0 S=17 N=3 | warnings=0 | 8.08s
2026-08-29 13:26:52,397 | INFO | 16384336-1.json | source=api | gold=14 pred=12 | ratio=1.000000 | M=6 C=0 S=6 N=8 | warnings=0 | 6.62s
2026-08-29 13:27:09,154 | INFO | 16388425-2.json | source=api | gold=44 pred=32 | ratio=1.000000 | M=21 C=2 S=9 N=21 | warnings=0 | 16.76s
2026-08-29 13:27:19,351 | INFO | 16397537-2.json | source=api | gold=22 pred=20 | ratio=1.000000 | M=7 C=1 S=12 N=14 | warnings=0 | 10.20s
2026-08-29 13:27:23,641 | INFO | 16403017-1.json | source=api | gold=8 pred=13 | ratio=1.000000 | M=8 C=0 S=5 N=0 | warnings=0 | 4.29s
2026-08-29 13:27:32,599 | INFO | 16404651-1.json | source=api | gold=14 pred=25 | ratio=1.000000 | M=7 C=2 S=16 N=5 | warnings=0 | 8.96s
2026-08-29 13:27:50,647 | INFO | 16405917-5.json | source=api | gold=25 pred=69 | ratio=1.000000 | M=12 C=3 S=54 N=10 | warnings=0 | 18.05s
2026-08-29 13:27:58,044 | INFO | 16412356-1.json | source=api | gold=25 pred=19 | ratio=1.000000 | M=9 C=2 S=8 N=14 | warnings=0 | 7.40s
2026-08-29 13:28:11,987 | INFO | 16418709-1.json | source=api | gold=45 pred=60 | ratio=0.998883 | M=22 C=8 S=30 N=15 | warnings=0 | 13.94s
2026-08-29 13:28:15,741 | INFO | 16418926-1.json | source=api | gold=3 pred=4 | ratio=1.000000 | M=1 C=1 S=2 N=1 | warnings=0 | 3.75s
2026-08-29 13:28:21,921 | INFO | 16426197-2.json | source=api | gold=16 pred=13 | ratio=1.000000 | M=6 C=3 S=4 N=7 | warnings=0 | 6.18s
2026-08-29 13:28:28,091 | INFO | 16427416-1.json | source=api | gold=4 pred=9 | ratio=1.000000 | M=1 C=2 S=6 N=1 | warnings=0 | 6.17s
2026-08-29 13:28:30,934 | INFO | 16430031-1.json | source=api | gold=4 pred=5 | ratio=0.997821 | M=2 C=1 S=2 N=1 | warnings=0 | 2.84s
2026-08-29 13:28:38,778 | INFO | 16440110-1.json | source=api | gold=20 pred=19 | ratio=1.000000 | M=7 C=2 S=10 N=11 | warnings=0 | 7.84s
2026-08-29 13:28:56,202 | INFO | 16453716-4.json | source=api | gold=57 pred=57 | ratio=1.000000 | M=15 C=15 S=27 N=27 | warnings=0 | 17.42s
2026-08-29 13:29:13,140 | INFO | 16461482-6.json | source=api | gold=75 pred=58 | ratio=1.000000 | M=25 C=15 S=18 N=35 | warnings=0 | 16.94s
2026-08-29 13:29:19,527 | INFO | 16468509-1.json | source=api | gold=14 pred=15 | ratio=1.000000 | M=4 C=0 S=11 N=10 | warnings=0 | 6.39s
2026-08-29 13:29:24,654 | INFO | 16469665-1.json | source=api | gold=14 pred=11 | ratio=1.000000 | M=3 C=6 S=2 N=5 | warnings=0 | 5.13s
2026-08-29 13:29:38,030 | INFO | 16472908-2.json | source=api | gold=38 pred=47 | ratio=0.999478 | M=26 C=6 S=15 N=6 | warnings=0 | 13.38s
2026-08-29 13:29:42,235 | INFO | 16481847-1.json | source=api | gold=6 pred=7 | ratio=0.999484 | M=3 C=2 S=2 N=1 | warnings=0 | 4.20s
2026-08-29 13:30:02,250 | INFO | 16483243-5.json | source=api | gold=70 pred=71 | ratio=1.000000 | M=44 C=10 S=17 N=16 | warnings=0 | 20.01s
2026-08-29 13:30:11,987 | INFO | 16485144-1.json | source=api | gold=31 pred=46 | ratio=0.999555 | M=14 C=8 S=24 N=9 | warnings=0 | 9.74s
2026-08-29 13:30:14,616 | INFO | 16485683-1.json | source=api | gold=2 pred=2 | ratio=1.000000 | M=2 C=0 S=0 N=0 | warnings=0 | 2.63s
2026-08-29 13:30:33,195 | INFO | 16499836-2.json | source=api | gold=35 pred=54 | ratio=1.000000 | M=12 C=9 S=33 N=14 | warnings=0 | 18.58s
2026-08-29 13:30:36,757 | INFO | 16518066-1.json | source=api | gold=3 pred=3 | ratio=1.000000 | M=2 C=0 S=1 N=1 | warnings=0 | 3.56s
2026-08-29 13:30:51,445 | INFO | 16527987-1.json | source=api | gold=19 pred=35 | ratio=1.000000 | M=4 C=11 S=20 N=4 | warnings=0 | 14.69s
2026-08-29 13:31:09,049 | INFO | 16535182-2.json | source=api | gold=86 pred=63 | ratio=1.000000 | M=23 C=18 S=22 N=45 | warnings=0 | 17.60s
2026-08-29 13:31:22,614 | INFO | 16536762-3.json | source=api | gold=32 pred=36 | ratio=1.000000 | M=19 C=3 S=14 N=10 | warnings=0 | 13.56s
2026-08-29 13:31:36,522 | INFO | 16568822-2.json | source=api | gold=22 pred=33 | ratio=1.000000 | M=12 C=5 S=16 N=5 | warnings=0 | 13.91s
2026-08-29 13:31:41,680 | INFO | 16583386-1.json | source=api | gold=17 pred=18 | ratio=0.994888 | M=12 C=2 S=4 N=3 | warnings=0 | 5.16s
2026-08-29 13:31:54,317 | INFO | 16586459-3.json | source=api | gold=24 pred=30 | ratio=1.000000 | M=10 C=0 S=20 N=14 | warnings=0 | 12.64s
2026-08-29 13:32:02,682 | INFO | 16606729-2.json | source=api | gold=18 pred=22 | ratio=0.999148 | M=6 C=4 S=12 N=8 | warnings=0 | 8.36s
2026-08-29 13:32:05,050 | INFO | 16606869-1.json | source=api | gold=1 pred=2 | ratio=0.968153 | M=1 C=0 S=1 N=0 | warnings=0 | 2.37s
2026-08-29 13:32:11,250 | INFO | 16610110-1.json | source=api | gold=6 pred=13 | ratio=1.000000 | M=5 C=0 S=8 N=1 | warnings=0 | 6.20s
2026-08-29 13:32:21,041 | INFO | 16623569-1.json | source=api | gold=32 pred=26 | ratio=1.000000 | M=13 C=6 S=7 N=13 | warnings=0 | 9.79s
2026-08-29 13:32:23,611 | INFO | 16624350-1.json | source=api | gold=3 pred=4 | ratio=1.000000 | M=1 C=1 S=2 N=1 | warnings=0 | 2.57s
2026-08-29 13:32:26,480 | INFO | 16628101-1.json | source=api | gold=5 pred=4 | ratio=0.997015 | M=2 C=0 S=2 N=3 | warnings=0 | 2.87s
2026-08-29 13:32:30,650 | INFO | 16634132-1.json | source=api | gold=6 pred=5 | ratio=1.000000 | M=4 C=1 S=0 N=1 | warnings=0 | 4.17s
2026-08-29 13:32:34,705 | INFO | 16644229-1.json | source=api | gold=8 pred=7 | ratio=1.000000 | M=6 C=0 S=1 N=2 | warnings=0 | 4.05s
2026-08-29 13:32:39,711 | INFO | 16649176-1.json | source=api | gold=2 pred=5 | ratio=1.000000 | M=2 C=0 S=3 N=0 | warnings=0 | 5.01s
2026-08-29 13:32:50,422 | INFO | 16653248-2.json | source=api | gold=22 pred=24 | ratio=1.000000 | M=6 C=2 S=16 N=14 | warnings=0 | 10.71s
2026-08-29 13:32:57,207 | INFO | 16655362-1.json | source=api | gold=10 pred=13 | ratio=1.000000 | M=7 C=1 S=5 N=2 | warnings=0 | 6.78s
2026-08-29 13:33:22,324 | INFO | 16660303-2.json | source=api | gold=70 pred=61 | ratio=1.000000 | M=16 C=13 S=32 N=41 | warnings=0 | 25.12s
2026-08-29 13:33:39,798 | INFO | 16666294-3.json | source=api | gold=56 pred=63 | ratio=1.000000 | M=17 C=15 S=31 N=24 | warnings=0 | 17.47s
2026-08-29 13:34:02,411 | INFO | 16674218-23.json | source=api | gold=74 pred=77 | ratio=1.000000 | M=46 C=12 S=19 N=16 | warnings=0 | 22.61s
2026-08-29 13:34:11,082 | INFO | 16688387-1.json | source=api | gold=23 pred=19 | ratio=1.000000 | M=12 C=2 S=5 N=9 | warnings=0 | 8.67s
2026-08-29 13:34:15,303 | INFO | 16692955-1.json | source=api | gold=11 pred=13 | ratio=0.992101 | M=7 C=3 S=3 N=1 | warnings=0 | 4.22s
2026-08-29 13:34:19,694 | INFO | 16694655-1.json | source=api | gold=6 pred=6 | ratio=1.000000 | M=4 C=1 S=1 N=1 | warnings=0 | 4.39s
2026-08-29 13:34:31,115 | INFO | 16696187-1.json | source=api | gold=54 pred=56 | ratio=1.000000 | M=36 C=3 S=17 N=15 | warnings=0 | 11.42s
2026-08-29 13:34:43,745 | INFO | 16698737-1.json | source=api | gold=63 pred=65 | ratio=1.000000 | M=40 C=3 S=22 N=20 | warnings=0 | 12.63s
2026-08-29 13:34:48,551 | INFO | 16704929-1.json | source=api | gold=7 pred=9 | ratio=1.000000 | M=4 C=1 S=4 N=2 | warnings=0 | 4.81s
2026-08-29 13:35:05,081 | INFO | 16713825-2.json | source=api | gold=52 pred=51 | ratio=0.999249 | M=14 C=7 S=30 N=31 | warnings=0 | 16.53s
2026-08-29 13:35:08,417 | INFO | 16715419-1.json | source=api | gold=2 pred=2 | ratio=0.973913 | M=1 C=1 S=0 N=0 | warnings=0 | 3.33s
2026-08-29 13:35:11,848 | INFO | 16723979-1.json | source=api | gold=5 pred=4 | ratio=1.000000 | M=4 C=0 S=0 N=1 | warnings=0 | 3.43s
2026-08-29 13:35:38,676 | INFO | 16728688-1.json | source=api | gold=76 pred=94 | ratio=1.000000 | M=44 C=22 S=28 N=10 | warnings=0 | 26.83s
2026-08-29 13:35:52,560 | INFO | 16730220-2.json | source=api | gold=22 pred=28 | ratio=1.000000 | M=14 C=1 S=13 N=7 | warnings=0 | 13.88s
2026-08-29 13:35:59,471 | INFO | 16730603-1.json | source=api | gold=23 pred=16 | ratio=1.000000 | M=8 C=3 S=5 N=12 | warnings=0 | 6.91s
2026-08-29 13:36:08,201 | INFO | 16732772-2.json | source=api | gold=22 pred=37 | ratio=1.000000 | M=17 C=3 S=17 N=2 | warnings=0 | 8.73s
2026-08-29 13:36:25,861 | INFO | 16733443-5.json | source=api | gold=64 pred=58 | ratio=1.000000 | M=25 C=11 S=22 N=28 | warnings=0 | 17.66s
2026-08-29 13:36:36,019 | INFO | 16738389-3.json | source=api | gold=25 pred=26 | ratio=1.000000 | M=6 C=0 S=20 N=19 | warnings=0 | 10.16s
2026-08-29 13:36:54,803 | INFO | 16744464-1.json | source=api | gold=68 pred=77 | ratio=1.000000 | M=33 C=7 S=37 N=28 | warnings=0 | 18.78s
2026-08-29 13:37:21,309 | INFO | 16750864-1.json | source=api | gold=78 pred=79 | ratio=1.000000 | M=61 C=9 S=9 N=8 | warnings=0 | 26.50s
2026-08-29 13:37:26,705 | INFO | 16751578-1.json | source=api | gold=3 pred=10 | ratio=1.000000 | M=1 C=1 S=8 N=1 | warnings=0 | 5.40s
2026-08-29 13:37:34,261 | INFO | 16754524-3.json | source=api | gold=26 pred=14 | ratio=1.000000 | M=12 C=1 S=1 N=13 | warnings=0 | 7.56s
2026-08-29 13:37:56,282 | INFO | 16756882-3.json | source=api | gold=66 pred=92 | ratio=1.000000 | M=50 C=2 S=40 N=14 | warnings=0 | 22.02s
2026-08-29 13:38:03,516 | INFO | 16761344-1.json | source=api | gold=37 pred=31 | ratio=1.000000 | M=27 C=2 S=2 N=8 | warnings=0 | 7.23s
2026-08-29 13:38:20,905 | INFO | 16779038-5.json | source=api | gold=40 pred=61 | ratio=1.000000 | M=11 C=9 S=41 N=20 | warnings=0 | 17.39s
2026-08-29 13:38:29,763 | INFO | 16785605-1.json | source=api | gold=13 pred=8 | ratio=0.998271 | M=3 C=0 S=5 N=10 | warnings=0 | 8.86s
2026-08-29 13:38:47,556 | INFO | 16789743-3.json | source=api | gold=51 pred=56 | ratio=1.000000 | M=5 C=24 S=27 N=22 | warnings=0 | 17.79s
2026-08-29 13:38:59,950 | INFO | 16793586-2.json | source=api | gold=23 pred=31 | ratio=1.000000 | M=10 C=5 S=16 N=8 | warnings=0 | 12.39s
2026-08-29 13:39:06,738 | INFO | 16795796-1.json | source=api | gold=13 pred=20 | ratio=1.000000 | M=5 C=2 S=13 N=6 | warnings=0 | 6.79s
2026-08-29 13:39:24,488 | INFO | 16802689-1.json | source=api | gold=42 pred=67 | ratio=1.000000 | M=23 C=9 S=35 N=10 | warnings=0 | 17.75s
2026-08-29 13:39:27,901 | INFO | 16817121-1.json | source=api | gold=6 pred=5 | ratio=0.988318 | M=4 C=1 S=0 N=1 | warnings=0 | 3.41s
2026-08-29 13:39:46,994 | INFO | 16833252-4.json | source=api | gold=54 pred=65 | ratio=1.000000 | M=14 C=15 S=36 N=25 | warnings=0 | 19.09s
2026-08-29 13:39:53,523 | INFO | 16848027-2.json | source=api | gold=5 pred=18 | ratio=0.999719 | M=4 C=1 S=13 N=0 | warnings=0 | 6.53s
2026-08-29 13:40:03,219 | INFO | 16850199-1.json | source=api | gold=14 pred=19 | ratio=1.000000 | M=9 C=3 S=7 N=2 | warnings=0 | 9.70s
2026-08-29 13:40:07,863 | INFO | 16850932-1.json | source=api | gold=4 pred=10 | ratio=1.000000 | M=3 C=0 S=7 N=1 | warnings=0 | 4.64s
2026-08-29 13:40:27,391 | INFO | 16853799-3.json | source=api | gold=46 pred=51 | ratio=1.000000 | M=16 C=7 S=28 N=23 | warnings=0 | 19.53s
2026-08-29 13:40:49,929 | INFO | 16854911-4.json | source=api | gold=59 pred=110 | ratio=1.000000 | M=24 C=33 S=53 N=2 | warnings=0 | 22.54s
2026-08-29 13:41:11,020 | INFO | 16870187-2.json | source=api | gold=48 pred=61 | ratio=1.000000 | M=40 C=6 S=15 N=2 | warnings=0 | 21.09s
2026-08-29 13:41:31,773 | INFO | 16872598-3.json | source=api | gold=75 pred=106 | ratio=1.000000 | M=36 C=21 S=49 N=18 | warnings=0 | 20.75s
2026-08-29 13:41:40,285 | INFO | 16876781-1.json | source=api | gold=22 pred=35 | ratio=1.000000 | M=13 C=1 S=21 N=8 | warnings=0 | 8.51s
2026-08-29 13:41:47,873 | INFO | 16876881-1.json | source=api | gold=15 pred=24 | ratio=0.999437 | M=13 C=1 S=10 N=1 | warnings=0 | 7.59s
2026-08-29 13:41:54,519 | INFO | 16879044-1.json | source=api | gold=11 pred=11 | ratio=1.000000 | M=1 C=4 S=6 N=6 | warnings=0 | 6.65s
2026-08-29 13:42:08,050 | INFO | 16887164-4.json | source=api | gold=35 pred=26 | ratio=1.000000 | M=10 C=5 S=11 N=20 | warnings=0 | 13.53s
2026-08-29 13:42:20,897 | INFO | 16889945-1.json | source=api | gold=47 pred=40 | ratio=1.000000 | M=14 C=10 S=16 N=23 | warnings=0 | 12.84s
2026-08-29 13:42:31,128 | INFO | 16891711-4.json | source=api | gold=30 pred=23 | ratio=1.000000 | M=12 C=1 S=10 N=17 | warnings=0 | 10.23s
2026-08-29 13:42:35,303 | INFO | 16894001-1.json | source=api | gold=10 pred=6 | ratio=1.000000 | M=5 C=0 S=1 N=5 | warnings=0 | 4.17s
2026-08-29 13:42:42,999 | INFO | 16910602-1.json | source=api | gold=26 pred=20 | ratio=1.000000 | M=10 C=3 S=7 N=13 | warnings=0 | 7.70s
2026-08-29 13:43:01,399 | INFO | 16912709-3.json | source=api | gold=108 pred=66 | ratio=1.000000 | M=28 C=22 S=16 N=58 | warnings=0 | 18.40s
2026-08-29 13:43:08,134 | INFO | 16913865-2.json | source=api | gold=20 pred=18 | ratio=1.000000 | M=5 C=4 S=9 N=11 | warnings=0 | 6.73s
2026-08-29 13:43:17,512 | INFO | 16922485-2.json | source=api | gold=13 pred=19 | ratio=1.000000 | M=7 C=2 S=10 N=4 | warnings=0 | 9.38s
2026-08-29 13:43:26,292 | INFO | 16922569-1.json | source=api | gold=12 pred=32 | ratio=1.000000 | M=10 C=0 S=22 N=2 | warnings=0 | 8.78s
2026-08-29 13:43:29,865 | INFO | 16930430-1.json | source=api | gold=5 pred=3 | ratio=1.000000 | M=3 C=0 S=0 N=2 | warnings=0 | 3.57s
2026-08-29 13:43:40,713 | INFO | 16937340-2.json | source=api | gold=14 pred=41 | ratio=1.000000 | M=10 C=2 S=29 N=2 | warnings=0 | 10.85s
2026-08-29 13:43:51,916 | INFO | 16940669-1.json | source=api | gold=35 pred=41 | ratio=1.000000 | M=16 C=7 S=18 N=12 | warnings=0 | 11.20s
2026-08-29 13:43:58,015 | INFO | 16945865-1.json | source=api | gold=21 pred=19 | ratio=1.000000 | M=15 C=2 S=2 N=4 | warnings=0 | 6.10s
2026-08-29 13:44:01,961 | INFO | 16966580-1.json | source=api | gold=10 pred=8 | ratio=1.000000 | M=5 C=1 S=2 N=4 | warnings=0 | 3.95s
2026-08-29 13:44:23,264 | INFO | 16972000-1.json | source=api | gold=54 pred=80 | ratio=1.000000 | M=26 C=12 S=42 N=16 | warnings=0 | 21.30s
2026-08-29 13:44:35,043 | INFO | 16987115-1.json | source=api | gold=39 pred=42 | ratio=1.000000 | M=2 C=11 S=29 N=26 | warnings=0 | 11.78s
2026-08-29 13:44:42,177 | INFO | 16989763-2.json | source=api | gold=13 pred=15 | ratio=1.000000 | M=7 C=3 S=5 N=3 | warnings=0 | 7.13s
2026-08-29 13:44:56,584 | INFO | 16994025-1.json | source=api | gold=60 pred=45 | ratio=1.000000 | M=17 C=10 S=18 N=33 | warnings=0 | 14.40s
2026-08-29 13:45:11,719 | INFO | 17002409-2.json | source=api | gold=34 pred=34 | ratio=0.999750 | M=15 C=6 S=13 N=13 | warnings=0 | 15.13s
2026-08-29 13:45:34,121 | INFO | 17016972-5.json | source=api | gold=118 pred=147 | ratio=1.000000 | M=69 C=17 S=61 N=32 | warnings=0 | 22.40s
2026-08-29 13:45:42,079 | INFO | 17026037-1.json | source=api | gold=7 pred=12 | ratio=1.000000 | M=3 C=1 S=8 N=3 | warnings=0 | 7.96s
2026-08-29 13:46:00,162 | INFO | 17032978-4.json | source=api | gold=54 pred=67 | ratio=1.000000 | M=38 C=9 S=20 N=7 | warnings=0 | 18.08s
2026-08-29 13:46:05,340 | INFO | 17044017-2.json | source=api | gold=9 pred=13 | ratio=1.000000 | M=8 C=1 S=4 N=0 | warnings=0 | 5.18s
2026-08-29 13:46:08,590 | INFO | 17044300-1.json | source=api | gold=3 pred=3 | ratio=0.988914 | M=3 C=0 S=0 N=0 | warnings=0 | 3.25s
2026-08-29 13:46:14,179 | INFO | 17044732-1.json | source=api | gold=11 pred=9 | ratio=1.000000 | M=3 C=4 S=2 N=4 | warnings=0 | 5.59s
2026-08-29 13:46:43,599 | INFO | 17047541-2.json | source=api | gold=84 pred=86 | ratio=1.000000 | M=55 C=8 S=23 N=21 | warnings=0 | 29.42s
2026-08-29 13:46:49,452 | INFO | 17064203-2.json | source=api | gold=7 pred=13 | ratio=1.000000 | M=7 C=0 S=6 N=0 | warnings=0 | 5.85s
2026-08-29 13:47:06,131 | INFO | 17064287-2.json | source=api | gold=39 pred=39 | ratio=1.000000 | M=16 C=8 S=15 N=15 | warnings=0 | 16.68s
2026-08-29 13:47:22,162 | INFO | 17071898-1.json | source=api | gold=68 pred=53 | ratio=0.998290 | M=29 C=3 S=21 N=36 | warnings=0 | 16.03s
2026-08-29 13:47:29,023 | INFO | 17088321-1.json | source=api | gold=9 pred=17 | ratio=1.000000 | M=3 C=3 S=11 N=3 | warnings=0 | 6.86s
2026-08-29 13:47:45,406 | INFO | 17092864-3.json | source=api | gold=39 pred=68 | ratio=1.000000 | M=13 C=13 S=42 N=13 | warnings=0 | 16.38s
2026-08-29 13:47:49,300 | INFO | 17098383-1.json | source=api | gold=4 pred=3 | ratio=0.989529 | M=2 C=1 S=0 N=1 | warnings=0 | 3.89s
2026-08-29 13:47:56,653 | INFO | 17114613-1.json | source=api | gold=19 pred=23 | ratio=1.000000 | M=12 C=3 S=8 N=4 | warnings=0 | 7.35s
2026-08-29 13:48:06,260 | INFO | 17130126-1.json | source=api | gold=33 pred=35 | ratio=1.000000 | M=19 C=3 S=13 N=11 | warnings=0 | 9.60s
2026-08-29 13:48:20,579 | INFO | 17141061-1.json | source=api | gold=38 pred=34 | ratio=1.000000 | M=16 C=3 S=15 N=19 | warnings=0 | 14.32s
2026-08-29 13:48:22,729 | INFO | 17156928-1.json | source=api | gold=2 pred=2 | ratio=0.967742 | M=2 C=0 S=0 N=0 | warnings=0 | 2.15s
2026-08-29 13:48:24,916 | INFO | 17168041-1.json | source=api | gold=3 pred=3 | ratio=0.960630 | M=3 C=0 S=0 N=0 | warnings=0 | 2.19s
2026-08-29 13:48:32,255 | INFO | 17184846-2.json | source=api | gold=15 pred=18 | ratio=1.000000 | M=10 C=2 S=6 N=3 | warnings=0 | 7.34s
2026-08-29 13:48:54,093 | INFO | 17185101-3.json | source=api | gold=91 pred=90 | ratio=1.000000 | M=68 C=19 S=3 N=4 | warnings=0 | 21.84s
2026-08-29 13:49:15,970 | INFO | 17217711-1.json | source=api | gold=69 pred=82 | ratio=0.998501 | M=26 C=21 S=35 N=22 | warnings=0 | 21.87s
2026-08-29 13:49:31,323 | INFO | 17229686-1.json | source=api | gold=38 pred=46 | ratio=0.999749 | M=21 C=9 S=16 N=8 | warnings=0 | 15.35s
2026-08-29 13:49:58,866 | INFO | 17233470-1.json | source=api | gold=65 pred=66 | ratio=0.998756 | M=42 C=9 S=15 N=14 | warnings=0 | 27.54s
2026-08-29 13:50:20,237 | INFO | 17237689-1.json | source=api | gold=58 pred=74 | ratio=0.998750 | M=33 C=11 S=30 N=14 | warnings=0 | 21.37s
2026-08-29 13:50:40,739 | INFO | 17243497-1.json | source=api | gold=74 pred=85 | ratio=1.000000 | M=35 C=14 S=36 N=25 | warnings=0 | 20.50s
2026-08-29 13:51:05,495 | INFO | 17245682-1.json | source=api | gold=68 pred=73 | ratio=0.998500 | M=49 C=11 S=13 N=8 | warnings=0 | 24.75s
2026-08-29 13:51:26,299 | INFO | 17247360-1.json | source=api | gold=75 pred=96 | ratio=1.000000 | M=33 C=17 S=46 N=25 | warnings=0 | 20.80s
2026-08-29 13:51:50,748 | INFO | 17266112-1.json | source=api | gold=73 pred=78 | ratio=0.998747 | M=55 C=11 S=12 N=7 | warnings=0 | 24.45s
2026-08-29 13:52:15,155 | INFO | 17266271-1.json | source=api | gold=73 pred=78 | ratio=0.998747 | M=55 C=11 S=12 N=7 | warnings=0 | 24.40s
2026-08-29 13:52:20,268 | INFO | 17300597-1.json | source=api | gold=14 pred=13 | ratio=1.000000 | M=9 C=2 S=2 N=3 | warnings=0 | 5.11s
2026-08-29 13:52:39,075 | INFO | 17305623-1.json | source=api | gold=59 pred=59 | ratio=1.000000 | M=18 C=18 S=23 N=23 | warnings=0 | 18.81s
2026-08-29 13:53:02,844 | INFO | 17368239-1.json | source=api | gold=82 pred=177 | ratio=1.000000 | M=69 C=4 S=104 N=9 | warnings=0 | 23.77s
2026-08-29 13:53:13,292 | INFO | 17373232-3.json | source=api | gold=17 pred=20 | ratio=1.000000 | M=9 C=2 S=9 N=6 | warnings=0 | 10.45s
2026-08-29 13:53:29,650 | INFO | 17401114-1.json | source=api | gold=57 pred=60 | ratio=1.000000 | M=27 C=14 S=19 N=16 | warnings=0 | 16.36s
2026-08-29 13:53:36,979 | INFO | 17411659-1.json | source=api | gold=12 pred=9 | ratio=1.000000 | M=7 C=1 S=1 N=4 | warnings=0 | 7.33s
2026-08-29 13:53:44,099 | INFO | 17420309-1.json | source=api | gold=25 pred=22 | ratio=1.000000 | M=9 C=1 S=12 N=15 | warnings=0 | 7.12s
2026-08-29 13:53:59,136 | INFO | 17427222-2.json | source=api | gold=63 pred=44 | ratio=0.994068 | M=24 C=11 S=9 N=28 | warnings=0 | 15.03s
2026-08-29 13:54:12,029 | INFO | 17427274-2.json | source=api | gold=43 pred=55 | ratio=1.000000 | M=25 C=9 S=21 N=9 | warnings=0 | 12.89s
2026-08-29 13:54:29,160 | INFO | 17429608-2.json | source=api | gold=36 pred=63 | ratio=1.000000 | M=18 C=10 S=35 N=8 | warnings=0 | 17.13s
2026-08-29 13:54:37,617 | INFO | 17431119-2.json | source=api | gold=33 pred=32 | ratio=1.000000 | M=17 C=4 S=11 N=12 | warnings=0 | 8.45s
2026-08-29 13:54:48,744 | INFO | 17431803-4.json | source=api | gold=29 pred=26 | ratio=1.000000 | M=7 C=5 S=14 N=17 | warnings=0 | 11.13s
2026-08-29 13:55:00,209 | INFO | 17438552-2.json | source=api | gold=40 pred=55 | ratio=1.000000 | M=28 C=8 S=19 N=4 | warnings=0 | 11.46s
2026-08-29 13:55:05,797 | INFO | 17496674-2.json | source=api | gold=9 pred=6 | ratio=1.000000 | M=5 C=0 S=1 N=4 | warnings=0 | 5.59s
2026-08-29 13:55:14,510 | INFO | 17509951-1.json | source=api | gold=19 pred=19 | ratio=1.000000 | M=11 C=2 S=6 N=6 | warnings=0 | 8.71s
2026-08-29 13:55:19,643 | INFO | 17521878-1.json | source=api | gold=14 pred=15 | ratio=1.000000 | M=9 C=0 S=6 N=5 | warnings=0 | 5.13s
2026-08-29 13:55:30,976 | INFO | 17527816-1.json | source=api | gold=46 pred=24 | ratio=1.000000 | M=15 C=3 S=6 N=28 | warnings=0 | 11.33s
2026-08-29 13:55:55,312 | INFO | 17552119-7.json | source=api | gold=82 pred=67 | ratio=1.000000 | M=42 C=9 S=16 N=31 | warnings=0 | 24.33s
2026-08-29 13:56:19,620 | INFO | 17587785-8.json | source=api | gold=65 pred=109 | ratio=1.000000 | M=47 C=5 S=57 N=13 | warnings=0 | 24.31s
2026-08-29 13:56:23,618 | INFO | 17602247-1.json | source=api | gold=8 pred=7 | ratio=1.000000 | M=5 C=1 S=1 N=2 | warnings=0 | 4.00s
2026-08-29 13:56:34,110 | INFO | 17650443-1.json | source=api | gold=35 pred=43 | ratio=1.000000 | M=13 C=11 S=19 N=11 | warnings=0 | 10.49s
2026-08-29 13:56:40,457 | INFO | 17677628-1.json | source=api | gold=17 pred=15 | ratio=1.000000 | M=4 C=2 S=9 N=11 | warnings=0 | 6.35s
2026-08-29 13:56:55,734 | INFO | 17677757-4.json | source=api | gold=42 pred=44 | ratio=1.000000 | M=22 C=7 S=15 N=13 | warnings=0 | 15.28s
2026-08-29 13:57:02,670 | INFO | 17751669-3.json | source=api | gold=19 pred=18 | ratio=1.000000 | M=12 C=3 S=3 N=4 | warnings=0 | 6.93s
2026-08-29 13:57:18,367 | INFO | 17799236-2.json | source=api | gold=36 pred=68 | ratio=1.000000 | M=24 C=8 S=36 N=4 | warnings=0 | 15.70s
2026-08-29 13:57:39,378 | INFO | 17800028-2.json | source=api | gold=69 pred=76 | ratio=1.000000 | M=41 C=10 S=25 N=18 | warnings=0 | 21.01s
2026-08-29 13:57:57,300 | INFO | 17820662-6.json | source=api | gold=48 pred=49 | ratio=1.000000 | M=24 C=9 S=16 N=15 | warnings=0 | 17.92s
2026-08-29 13:58:00,862 | INFO | 17831030-1.json | source=api | gold=6 pred=4 | ratio=1.000000 | M=3 C=0 S=1 N=3 | warnings=0 | 3.56s
2026-08-29 13:58:03,259 | INFO | 17880116-1.json | source=api | gold=0 pred=1 | ratio=1.000000 | M=0 C=0 S=1 N=0 | warnings=0 | 2.40s
2026-08-29 13:58:07,877 | INFO | 17891524-1.json | source=api | gold=14 pred=8 | ratio=1.000000 | M=2 C=3 S=3 N=9 | warnings=0 | 4.62s
2026-08-29 13:58:15,363 | INFO | 17907943-1.json | source=api | gold=10 pred=11 | ratio=1.000000 | M=6 C=2 S=3 N=2 | warnings=0 | 7.48s
2026-08-29 13:58:25,684 | INFO | 17931333-2.json | source=api | gold=26 pred=39 | ratio=1.000000 | M=14 C=5 S=20 N=7 | warnings=0 | 10.32s
2026-08-29 13:58:47,218 | INFO | 18020312-2.json | source=api | gold=102 pred=93 | ratio=1.000000 | M=70 C=4 S=19 N=28 | warnings=0 | 21.53s
2026-08-29 13:58:53,589 | INFO | 18118948-1.json | source=api | gold=16 pred=12 | ratio=1.000000 | M=7 C=1 S=4 N=8 | warnings=0 | 6.37s
2026-08-29 13:59:12,653 | INFO | 18160905-1.json | source=api | gold=31 pred=79 | ratio=1.000000 | M=22 C=2 S=55 N=7 | warnings=0 | 19.06s
2026-08-29 13:59:22,632 | INFO | 18164313-1.json | source=api | gold=20 pred=32 | ratio=1.000000 | M=11 C=3 S=18 N=6 | warnings=0 | 9.98s
2026-08-29 13:59:29,698 | INFO | 18171229-1.json | source=api | gold=11 pred=23 | ratio=1.000000 | M=4 C=0 S=19 N=7 | warnings=0 | 7.07s
2026-08-29 13:59:47,834 | INFO | 18171251-2.json | source=api | gold=47 pred=46 | ratio=1.000000 | M=11 C=1 S=34 N=35 | warnings=0 | 18.13s
2026-08-29 14:00:07,662 | INFO | 18177097-3.json | source=api | gold=50 pred=67 | ratio=1.000000 | M=31 C=5 S=31 N=14 | warnings=0 | 19.83s
2026-08-29 14:00:22,598 | INFO | 18200535-2.json | source=api | gold=67 pred=55 | ratio=1.000000 | M=27 C=18 S=10 N=22 | warnings=0 | 14.93s
2026-08-29 14:00:24,864 | INFO | 3047591-1.json | source=api | gold=0 pred=0 | ratio=1.000000 | M=0 C=0 S=0 N=0 | warnings=0 | 2.27s
2026-08-29 14:00:32,080 | INFO | 3148634-1.json | source=api | gold=13 pred=24 | ratio=1.000000 | M=7 C=2 S=15 N=4 | warnings=0 | 7.21s
2026-08-29 14:00:35,727 | INFO | 3160420-2.json | source=api | gold=7 pred=8 | ratio=1.000000 | M=4 C=1 S=3 N=2 | warnings=0 | 3.65s
2026-08-29 14:00:41,580 | INFO | 3312352-1.json | source=api | gold=26 pred=26 | ratio=0.998661 | M=13 C=0 S=13 N=13 | warnings=0 | 5.85s
2026-08-29 14:00:52,562 | INFO | 3496473-2.json | source=api | gold=46 pred=52 | ratio=1.000000 | M=22 C=11 S=19 N=13 | warnings=0 | 10.98s
2026-08-29 14:00:58,360 | INFO | 3516080-1.json | source=api | gold=13 pred=14 | ratio=1.000000 | M=8 C=2 S=4 N=3 | warnings=0 | 5.80s
2026-08-29 14:01:04,799 | INFO | 3673921-1.json | source=api | gold=17 pred=22 | ratio=1.000000 | M=5 C=4 S=13 N=8 | warnings=0 | 6.44s
2026-08-29 14:01:14,657 | INFO | 3720662-2.json | source=api | gold=34 pred=56 | ratio=1.000000 | M=6 C=16 S=34 N=12 | warnings=0 | 9.86s
2026-08-29 14:01:25,502 | INFO | 3764042-1.json | source=api | gold=41 pred=51 | ratio=1.000000 | M=30 C=3 S=18 N=8 | warnings=0 | 10.84s
2026-08-29 14:01:30,877 | INFO | 3768169-1.json | source=api | gold=14 pred=19 | ratio=1.000000 | M=13 C=0 S=6 N=1 | warnings=0 | 5.37s
2026-08-29 14:01:35,642 | INFO | 3840304-1.json | source=api | gold=11 pred=11 | ratio=1.000000 | M=6 C=2 S=3 N=3 | warnings=0 | 4.76s
2026-08-29 14:01:45,121 | INFO | 3842651-2.json | source=api | gold=30 pred=31 | ratio=1.000000 | M=17 C=3 S=11 N=10 | warnings=0 | 9.48s
2026-08-29 14:01:56,171 | INFO | 3867283-1.json | source=api | gold=36 pred=30 | ratio=1.000000 | M=20 C=5 S=5 N=11 | warnings=0 | 11.05s
2026-08-29 14:02:01,402 | INFO | 3967639-1.json | source=api | gold=24 pred=21 | ratio=1.000000 | M=16 C=4 S=1 N=4 | warnings=0 | 5.23s
2026-08-29 14:02:05,051 | INFO | 4007489-1.json | source=api | gold=6 pred=8 | ratio=1.000000 | M=3 C=1 S=4 N=2 | warnings=0 | 3.65s
2026-08-29 14:02:08,977 | INFO | 4036960-1.json | source=api | gold=11 pred=11 | ratio=1.000000 | M=8 C=1 S=2 N=2 | warnings=0 | 3.92s
2026-08-29 14:02:16,900 | INFO | 4050137-2.json | source=api | gold=18 pred=35 | ratio=1.000000 | M=15 C=2 S=18 N=1 | warnings=0 | 7.92s
2026-08-29 14:02:23,334 | INFO | 4119337-1.json | source=api | gold=23 pred=30 | ratio=1.000000 | M=16 C=5 S=9 N=2 | warnings=0 | 6.43s
2026-08-29 14:02:29,989 | INFO | 4149782-2.json | source=api | gold=20 pred=30 | ratio=1.000000 | M=14 C=4 S=12 N=2 | warnings=0 | 6.65s
2026-08-29 14:02:45,885 | INFO | 4218819-1.json | source=api | gold=53 pred=61 | ratio=1.000000 | M=25 C=10 S=26 N=18 | warnings=0 | 15.89s
2026-08-29 14:02:55,896 | INFO | 4219081-1.json | source=api | gold=40 pred=44 | ratio=1.000000 | M=15 C=9 S=20 N=16 | warnings=0 | 10.01s
2026-08-29 14:03:07,731 | INFO | 5656181-2.json | source=api | gold=36 pred=48 | ratio=1.000000 | M=12 C=7 S=29 N=17 | warnings=0 | 11.83s
2026-08-29 14:03:20,289 | INFO | 5671687-2.json | source=api | gold=38 pred=42 | ratio=1.000000 | M=18 C=11 S=13 N=9 | warnings=0 | 12.56s
2026-08-29 14:03:26,290 | INFO | 5734041-1.json | source=api | gold=20 pred=18 | ratio=1.000000 | M=5 C=4 S=9 N=11 | warnings=0 | 6.00s
2026-08-29 14:03:35,027 | INFO | 5754568-1.json | source=api | gold=29 pred=32 | ratio=1.000000 | M=15 C=7 S=10 N=7 | warnings=0 | 8.74s
2026-08-29 14:03:43,365 | INFO | 5787932-1.json | source=api | gold=33 pred=29 | ratio=1.000000 | M=16 C=6 S=7 N=11 | warnings=0 | 8.34s
2026-08-29 14:03:50,448 | INFO | 5873528-1.json | source=api | gold=24 pred=25 | ratio=1.000000 | M=10 C=4 S=11 N=10 | warnings=0 | 7.08s
2026-08-29 14:03:57,201 | INFO | 5894560-3.json | source=api | gold=22 pred=18 | ratio=1.000000 | M=14 C=2 S=2 N=6 | warnings=0 | 6.75s
2026-08-29 14:04:04,160 | INFO | 5906403-1.json | source=api | gold=30 pred=34 | ratio=1.000000 | M=12 C=3 S=19 N=15 | warnings=0 | 6.96s
2026-08-29 14:04:13,758 | INFO | 5928901-2.json | source=api | gold=30 pred=34 | ratio=1.000000 | M=7 C=8 S=19 N=15 | warnings=0 | 9.60s
2026-08-29 14:04:28,463 | INFO | 5940107-2.json | source=api | gold=59 pred=51 | ratio=1.000000 | M=19 C=7 S=25 N=33 | warnings=0 | 14.70s
2026-08-29 14:04:40,402 | INFO | 5950148-1.json | source=api | gold=56 pred=50 | ratio=0.996067 | M=21 C=10 S=19 N=25 | warnings=0 | 11.94s
2026-08-29 14:05:03,747 | INFO | 5963649-3.json | source=api | gold=74 pred=89 | ratio=1.000000 | M=40 C=17 S=32 N=17 | warnings=0 | 23.34s
2026-08-29 14:05:11,617 | INFO | 5969127-1.json | source=api | gold=36 pred=35 | ratio=1.000000 | M=23 C=3 S=9 N=10 | warnings=0 | 7.87s
2026-08-29 14:05:23,671 | INFO | 6035673-2.json | source=api | gold=41 pred=64 | ratio=1.000000 | M=25 C=1 S=38 N=15 | warnings=0 | 12.05s
2026-08-29 14:05:31,579 | INFO | 6061156-1.json | source=api | gold=17 pred=17 | ratio=1.000000 | M=9 C=2 S=6 N=6 | warnings=0 | 7.91s
2026-08-29 14:05:39,941 | INFO | 6151652-1.json | source=api | gold=23 pred=22 | ratio=1.000000 | M=18 C=2 S=2 N=3 | warnings=0 | 8.36s
2026-08-29 14:05:46,342 | INFO | 6152959-1.json | source=api | gold=25 pred=23 | ratio=1.000000 | M=18 C=1 S=4 N=6 | warnings=0 | 6.40s
2026-08-29 14:06:08,397 | INFO | 6201395-1.json | source=api | gold=81 pred=79 | ratio=1.000000 | M=34 C=13 S=32 N=34 | warnings=0 | 22.05s
2026-08-29 14:06:14,621 | INFO | 6207664-1.json | source=api | gold=22 pred=20 | ratio=1.000000 | M=14 C=4 S=2 N=4 | warnings=0 | 6.22s
2026-08-29 14:06:21,733 | INFO | 6211406-1.json | source=api | gold=19 pred=24 | ratio=1.000000 | M=9 C=4 S=11 N=6 | warnings=0 | 7.11s
2026-08-29 14:06:28,726 | INFO | 6215081-2.json | source=api | gold=10 pred=20 | ratio=1.000000 | M=8 C=1 S=11 N=1 | warnings=0 | 6.99s
2026-08-29 14:06:39,343 | INFO | 6314630-1.json | source=api | gold=52 pred=53 | ratio=1.000000 | M=16 C=5 S=32 N=31 | warnings=0 | 10.62s
2026-08-29 14:06:44,914 | INFO | 6314804-2.json | source=api | gold=8 pred=12 | ratio=1.000000 | M=4 C=2 S=6 N=2 | warnings=0 | 5.57s
2026-08-29 14:06:52,519 | INFO | 6336322-1.json | source=api | gold=19 pred=25 | ratio=1.000000 | M=11 C=2 S=12 N=6 | warnings=0 | 7.60s
2026-08-29 14:07:17,096 | INFO | 6337441-1.json | source=api | gold=83 pred=99 | ratio=1.000000 | M=39 C=28 S=32 N=16 | warnings=0 | 24.57s
2026-08-29 14:07:21,982 | INFO | 6424370-1.json | source=api | gold=11 pred=8 | ratio=1.000000 | M=5 C=1 S=2 N=5 | warnings=0 | 4.89s
2026-08-29 14:07:26,188 | INFO | 6436524-1.json | source=api | gold=9 pred=9 | ratio=1.000000 | M=4 C=2 S=3 N=3 | warnings=0 | 4.21s
2026-08-29 14:07:44,015 | INFO | 6458448-2.json | source=api | gold=73 pred=66 | ratio=0.999249 | M=0 C=54 S=12 N=19 | warnings=0 | 17.82s
2026-08-29 14:08:06,103 | INFO | 6458780-2.json | source=api | gold=81 pred=108 | ratio=0.999873 | M=27 C=31 S=50 N=23 | warnings=0 | 22.09s
2026-08-29 14:08:13,574 | INFO | 6462551-2.json | source=api | gold=25 pred=23 | ratio=1.000000 | M=18 C=3 S=2 N=4 | warnings=0 | 7.47s
2026-08-29 14:08:21,410 | INFO | 6462817-1.json | source=api | gold=26 pred=22 | ratio=1.000000 | M=16 C=4 S=2 N=6 | warnings=0 | 7.83s
2026-08-29 14:08:34,357 | INFO | 6462861-1.json | source=api | gold=22 pred=27 | ratio=1.000000 | M=18 C=1 S=8 N=3 | warnings=0 | 12.94s
2026-08-29 14:08:54,799 | INFO | 6554729-5.json | source=api | gold=73 pred=62 | ratio=1.000000 | M=28 C=11 S=23 N=34 | warnings=0 | 20.44s
2026-08-29 14:09:04,087 | INFO | 6560428-2.json | source=api | gold=27 pred=31 | ratio=0.999248 | M=16 C=1 S=14 N=10 | warnings=0 | 9.29s
2026-08-29 14:09:23,837 | INFO | 6602690-1.json | source=api | gold=64 pred=74 | ratio=1.000000 | M=28 C=9 S=37 N=27 | warnings=0 | 19.75s
2026-08-29 14:09:34,755 | INFO | 6620448-3.json | source=api | gold=33 pred=50 | ratio=1.000000 | M=16 C=10 S=24 N=7 | warnings=0 | 10.92s
2026-08-29 14:09:41,639 | INFO | 6626007-1.json | source=api | gold=21 pred=25 | ratio=1.000000 | M=9 C=5 S=11 N=7 | warnings=0 | 6.88s
2026-08-29 14:09:55,335 | INFO | 6658881-1.json | source=api | gold=50 pred=52 | ratio=1.000000 | M=17 C=10 S=25 N=23 | warnings=0 | 13.69s
2026-08-29 14:10:07,188 | INFO | 6700900-1.json | source=api | gold=53 pred=52 | ratio=1.000000 | M=38 C=5 S=9 N=10 | warnings=0 | 11.85s
2026-08-29 14:10:26,029 | INFO | 6753533-3.json | source=api | gold=37 pred=54 | ratio=1.000000 | M=13 C=7 S=34 N=17 | warnings=0 | 18.84s
2026-08-29 14:10:45,924 | INFO | 6783550-2.json | source=api | gold=69 pred=69 | ratio=1.000000 | M=36 C=7 S=26 N=26 | warnings=0 | 19.89s
2026-08-29 14:11:11,543 | INFO | 6797565-1.json | source=api | gold=100 pred=79 | ratio=0.999237 | M=46 C=19 S=14 N=35 | warnings=0 | 25.62s
2026-08-29 14:11:32,305 | INFO | 6804305-2.json | source=api | gold=74 pred=63 | ratio=1.000000 | M=32 C=7 S=24 N=35 | warnings=0 | 20.76s
2026-08-29 14:11:54,380 | INFO | 6882171-1.json | source=api | gold=71 pred=76 | ratio=1.000000 | M=28 C=13 S=35 N=30 | warnings=0 | 22.07s
2026-08-29 14:12:03,355 | INFO | 6888791-1.json | source=api | gold=24 pred=25 | ratio=1.000000 | M=12 C=1 S=12 N=11 | warnings=0 | 8.97s
2026-08-29 14:12:09,300 | INFO | 6896934-1.json | source=api | gold=29 pred=20 | ratio=1.000000 | M=9 C=8 S=3 N=12 | warnings=0 | 5.94s
2026-08-29 14:12:18,091 | INFO | 6899645-2.json | source=api | gold=28 pred=24 | ratio=1.000000 | M=7 C=6 S=11 N=15 | warnings=0 | 8.79s
2026-08-29 14:12:29,424 | INFO | 6901377-1.json | source=api | gold=48 pred=51 | ratio=1.000000 | M=21 C=10 S=20 N=17 | warnings=0 | 11.33s
2026-08-29 14:12:47,154 | INFO | 6980090-1.json | source=api | gold=48 pred=42 | ratio=1.000000 | M=18 C=2 S=22 N=28 | warnings=0 | 17.73s
2026-08-29 14:12:51,435 | INFO | 6990942-1.json | source=api | gold=10 pred=11 | ratio=1.000000 | M=5 C=1 S=5 N=4 | warnings=0 | 4.28s
2026-08-29 14:12:58,912 | INFO | 7037362-1.json | source=api | gold=28 pred=25 | ratio=1.000000 | M=14 C=4 S=7 N=10 | warnings=0 | 7.48s
2026-08-29 14:13:19,244 | INFO | 7041086-1.json | source=api | gold=51 pred=39 | ratio=1.000000 | M=6 C=3 S=30 N=42 | warnings=0 | 20.33s
2026-08-29 14:13:24,338 | INFO | 7073781-1.json | source=api | gold=15 pred=12 | ratio=1.000000 | M=4 C=1 S=7 N=10 | warnings=0 | 5.09s
2026-08-29 14:13:28,279 | INFO | 7087883-2.json | source=api | gold=6 pred=5 | ratio=1.000000 | M=3 C=1 S=1 N=2 | warnings=0 | 3.94s
2026-08-29 14:13:31,995 | INFO | 7103769-1.json | source=api | gold=6 pred=5 | ratio=1.000000 | M=3 C=1 S=1 N=2 | warnings=0 | 3.72s
2026-08-29 14:13:44,044 | INFO | 7159439-1.json | source=api | gold=63 pred=54 | ratio=1.000000 | M=15 C=22 S=17 N=26 | warnings=0 | 12.05s
2026-08-29 14:13:54,666 | INFO | 7162813-1.json | source=api | gold=38 pred=41 | ratio=1.000000 | M=24 C=6 S=11 N=8 | warnings=0 | 10.62s
2026-08-29 14:14:04,818 | INFO | 7171059-1.json | source=api | gold=17 pred=19 | ratio=1.000000 | M=6 C=5 S=8 N=6 | warnings=0 | 10.15s
2026-08-29 14:14:10,666 | INFO | 7178695-1.json | source=api | gold=13 pred=18 | ratio=1.000000 | M=11 C=1 S=6 N=1 | warnings=0 | 5.85s
2026-08-29 14:14:32,970 | INFO | 7225804-2.json | source=api | gold=58 pred=74 | ratio=0.998867 | M=37 C=7 S=30 N=14 | warnings=0 | 22.30s
2026-08-29 14:14:47,677 | INFO | 7244242-3.json | source=api | gold=46 pred=47 | ratio=0.998834 | M=25 C=5 S=17 N=16 | warnings=0 | 14.70s
2026-08-29 14:14:58,484 | INFO | 7248929-6.json | source=api | gold=45 pred=38 | ratio=1.000000 | M=25 C=1 S=12 N=19 | warnings=0 | 10.81s
2026-08-29 14:15:21,053 | INFO | 7279244-2.json | source=api | gold=59 pred=60 | ratio=1.000000 | M=20 C=17 S=23 N=22 | warnings=0 | 22.57s
2026-08-29 14:15:27,736 | INFO | 7293882-2.json | source=api | gold=15 pred=15 | ratio=1.000000 | M=7 C=3 S=5 N=5 | warnings=0 | 6.68s
2026-08-29 14:15:51,070 | INFO | 7345434-6.json | source=api | gold=73 pred=73 | ratio=1.000000 | M=27 C=16 S=30 N=30 | warnings=0 | 23.33s
2026-08-29 14:16:10,274 | INFO | 7360071-1.json | source=api | gold=67 pred=71 | ratio=1.000000 | M=39 C=1 S=31 N=27 | warnings=0 | 19.20s
2026-08-29 14:16:18,471 | INFO | 7361971-1.json | source=api | gold=13 pred=15 | ratio=1.000000 | M=7 C=2 S=6 N=4 | warnings=0 | 8.20s
2026-08-29 14:16:28,499 | INFO | 7397364-3.json | source=api | gold=26 pred=20 | ratio=0.999588 | M=7 C=6 S=7 N=13 | warnings=0 | 10.03s
2026-08-29 14:16:38,458 | INFO | 7452224-2.json | source=api | gold=39 pred=33 | ratio=1.000000 | M=21 C=8 S=4 N=10 | warnings=0 | 9.96s
2026-08-29 14:16:50,063 | INFO | 7455245-1.json | source=api | gold=27 pred=29 | ratio=1.000000 | M=13 C=6 S=10 N=8 | warnings=0 | 11.60s
2026-08-29 14:17:10,546 | INFO | 7522740-4.json | source=api | gold=78 pred=74 | ratio=1.000000 | M=46 C=3 S=25 N=29 | warnings=0 | 20.48s
2026-08-29 14:17:28,895 | INFO | 7587705-2.json | source=api | gold=37 pred=37 | ratio=1.000000 | M=16 C=6 S=15 N=15 | warnings=0 | 18.35s
2026-08-29 14:17:41,347 | INFO | 7599678-1.json | source=api | gold=32 pred=44 | ratio=1.000000 | M=11 C=7 S=26 N=14 | warnings=0 | 12.45s
2026-08-29 14:17:52,004 | INFO | 7603233-1.json | source=api | gold=71 pred=54 | ratio=1.000000 | M=34 C=9 S=11 N=28 | warnings=0 | 10.65s
2026-08-29 14:18:05,353 | INFO | 7613867-1.json | source=api | gold=45 pred=68 | ratio=1.000000 | M=12 C=24 S=32 N=9 | warnings=0 | 13.35s
2026-08-29 14:18:29,588 | INFO | 7623481-3.json | source=api | gold=80 pred=83 | ratio=1.000000 | M=22 C=13 S=48 N=45 | warnings=0 | 24.23s
2026-08-29 14:18:34,339 | INFO | 7654877-1.json | source=api | gold=9 pred=13 | ratio=1.000000 | M=4 C=0 S=9 N=5 | warnings=0 | 4.75s
2026-08-29 14:18:58,060 | INFO | 7667641-2.json | source=api | gold=64 pred=56 | ratio=1.000000 | M=23 C=9 S=24 N=32 | warnings=0 | 23.72s
2026-08-29 14:19:11,250 | INFO | 7689772-2.json | source=api | gold=26 pred=42 | ratio=1.000000 | M=18 C=3 S=21 N=5 | warnings=0 | 13.19s
2026-08-29 14:19:18,562 | INFO | 7712153-1.json | source=api | gold=16 pred=15 | ratio=1.000000 | M=8 C=0 S=7 N=8 | warnings=0 | 7.31s
2026-08-29 14:19:24,696 | INFO | 7728808-1.json | source=api | gold=15 pred=18 | ratio=1.000000 | M=8 C=3 S=7 N=4 | warnings=0 | 6.13s
2026-08-29 14:19:36,739 | INFO | 7750315-4.json | source=api | gold=48 pred=40 | ratio=1.000000 | M=21 C=8 S=11 N=19 | warnings=0 | 12.04s
2026-08-29 14:19:44,577 | INFO | 7764445-3.json | source=api | gold=22 pred=30 | ratio=1.000000 | M=14 C=3 S=13 N=5 | warnings=0 | 7.84s
2026-08-29 14:19:48,874 | INFO | 7768467-1.json | source=api | gold=3 pred=4 | ratio=1.000000 | M=2 C=0 S=2 N=1 | warnings=0 | 4.29s
2026-08-29 14:20:10,151 | INFO | 7769213-2.json | source=api | gold=46 pred=51 | ratio=1.000000 | M=23 C=3 S=25 N=20 | warnings=0 | 21.28s
2026-08-29 14:20:17,664 | INFO | 7799774-2.json | source=api | gold=22 pred=19 | ratio=1.000000 | M=13 C=2 S=4 N=7 | warnings=0 | 7.51s
2026-08-29 14:20:31,290 | INFO | 7799827-4.json | source=api | gold=31 pred=40 | ratio=1.000000 | M=14 C=2 S=24 N=15 | warnings=0 | 13.62s
2026-08-29 14:20:39,271 | INFO | 7801429-1.json | source=api | gold=26 pred=15 | ratio=1.000000 | M=8 C=6 S=1 N=12 | warnings=0 | 7.98s
2026-08-29 14:20:44,169 | INFO | 7804502-1.json | source=api | gold=17 pred=13 | ratio=1.000000 | M=7 C=4 S=2 N=6 | warnings=0 | 4.90s
2026-08-29 14:20:50,694 | INFO | 7808766-2.json | source=api | gold=19 pred=18 | ratio=1.000000 | M=10 C=2 S=6 N=7 | warnings=0 | 6.52s
2026-08-29 14:21:01,848 | INFO | 7859860-1.json | source=api | gold=41 pred=34 | ratio=1.000000 | M=14 C=10 S=10 N=17 | warnings=0 | 11.15s
2026-08-29 14:21:09,683 | INFO | 7882982-1.json | source=api | gold=38 pred=32 | ratio=1.000000 | M=8 C=14 S=10 N=16 | warnings=0 | 7.83s
2026-08-29 14:21:11,929 | INFO | 7913008-4.json | source=api | gold=2 pred=2 | ratio=1.000000 | M=1 C=1 S=0 N=0 | warnings=0 | 2.25s
2026-08-29 14:21:18,924 | INFO | 7914687-1.json | source=api | gold=13 pred=13 | ratio=1.000000 | M=7 C=3 S=3 N=3 | warnings=0 | 6.99s
2026-08-29 14:21:26,715 | INFO | 7914793-1.json | source=api | gold=10 pred=11 | ratio=1.000000 | M=4 C=2 S=5 N=4 | warnings=0 | 7.79s
2026-08-29 14:21:47,568 | INFO | 7930234-4.json | source=api | gold=79 pred=57 | ratio=1.000000 | M=27 C=16 S=14 N=36 | warnings=0 | 20.85s
2026-08-29 14:21:51,930 | INFO | 7932637-1.json | source=api | gold=3 pred=7 | ratio=1.000000 | M=1 C=0 S=6 N=2 | warnings=0 | 4.36s
2026-08-29 14:22:04,702 | INFO | 7933541-4.json | source=api | gold=39 pred=52 | ratio=1.000000 | M=24 C=1 S=27 N=14 | warnings=0 | 12.77s
2026-08-29 14:22:25,439 | INFO | 7938578-3.json | source=api | gold=55 pred=55 | ratio=1.000000 | M=30 C=10 S=15 N=15 | warnings=0 | 20.73s
2026-08-29 14:22:29,986 | INFO | 7985657-1.json | source=api | gold=6 pred=7 | ratio=1.000000 | M=1 C=0 S=6 N=5 | warnings=0 | 4.55s
2026-08-29 14:22:50,214 | INFO | 7999523-3.json | source=api | gold=37 pred=74 | ratio=1.000000 | M=30 C=3 S=41 N=4 | warnings=0 | 20.23s
2026-08-29 14:23:07,599 | INFO | 8021257-3.json | source=api | gold=35 pred=52 | ratio=1.000000 | M=15 C=8 S=29 N=12 | warnings=0 | 17.38s
2026-08-29 14:23:26,139 | INFO | 8028248-3.json | source=api | gold=51 pred=47 | ratio=1.000000 | M=21 C=7 S=19 N=23 | warnings=0 | 18.54s
2026-08-29 14:23:47,303 | INFO | 8043593-4.json | source=api | gold=93 pred=76 | ratio=1.000000 | M=54 C=8 S=14 N=31 | warnings=0 | 21.16s
2026-08-29 14:24:05,230 | INFO | 8049398-1.json | source=api | gold=48 pred=45 | ratio=1.000000 | M=25 C=7 S=13 N=16 | warnings=0 | 17.93s
2026-08-29 14:24:19,581 | INFO | 8089537-1.json | source=api | gold=37 pred=54 | ratio=1.000000 | M=29 C=2 S=23 N=6 | warnings=0 | 14.35s
2026-08-29 14:24:39,954 | INFO | 8117466-3.json | source=api | gold=65 pred=67 | ratio=1.000000 | M=27 C=19 S=21 N=19 | warnings=0 | 20.37s
2026-08-29 14:24:44,921 | INFO | 8121448-2.json | source=api | gold=11 pred=10 | ratio=1.000000 | M=8 C=0 S=2 N=3 | warnings=0 | 4.97s
2026-08-29 14:24:52,496 | INFO | 8129917-1.json | source=api | gold=15 pred=17 | ratio=1.000000 | M=5 C=0 S=12 N=10 | warnings=0 | 7.57s
2026-08-29 14:25:12,171 | INFO | 8181456-1.json | source=api | gold=60 pred=60 | ratio=0.999750 | M=31 C=8 S=21 N=21 | warnings=0 | 19.67s
2026-08-29 14:25:31,435 | INFO | 8211577-1.json | source=api | gold=40 pred=36 | ratio=1.000000 | M=19 C=6 S=11 N=15 | warnings=0 | 19.26s
2026-08-29 14:25:34,976 | INFO | 8229630-1.json | source=api | gold=7 pred=3 | ratio=1.000000 | M=0 C=0 S=3 N=7 | warnings=0 | 3.54s
2026-08-29 14:25:42,744 | INFO | 8235026-5.json | source=api | gold=28 pred=35 | ratio=1.000000 | M=11 C=11 S=13 N=6 | warnings=0 | 7.77s
2026-08-29 14:26:00,853 | INFO | 8240547-2.json | source=api | gold=57 pred=66 | ratio=1.000000 | M=32 C=4 S=30 N=21 | warnings=0 | 18.11s
2026-08-29 14:26:14,778 | INFO | 8240938-1.json | source=api | gold=33 pred=33 | ratio=1.000000 | M=14 C=5 S=14 N=14 | warnings=0 | 13.92s
2026-08-29 14:26:33,496 | INFO | 8266144-1.json | source=api | gold=45 pred=47 | ratio=1.000000 | M=24 C=5 S=18 N=16 | warnings=0 | 18.72s
2026-08-29 14:26:41,472 | INFO | 8266331-1.json | source=api | gold=30 pred=24 | ratio=0.992666 | M=12 C=5 S=7 N=13 | warnings=0 | 7.98s
2026-08-29 14:27:00,862 | INFO | 8268562-1.json | source=api | gold=63 pred=51 | ratio=1.000000 | M=34 C=5 S=12 N=24 | warnings=0 | 19.39s
2026-08-29 14:27:05,193 | INFO | 8269104-1.json | source=api | gold=9 pred=8 | ratio=1.000000 | M=6 C=1 S=1 N=2 | warnings=0 | 4.33s
2026-08-29 14:27:09,653 | INFO | 8274566-1.json | source=api | gold=10 pred=8 | ratio=1.000000 | M=7 C=0 S=1 N=3 | warnings=0 | 4.46s
2026-08-29 14:27:15,124 | INFO | 8280061-2.json | source=api | gold=13 pred=6 | ratio=1.000000 | M=2 C=2 S=2 N=9 | warnings=0 | 5.47s
2026-08-29 14:27:28,122 | INFO | 8294113-2.json | source=api | gold=37 pred=57 | ratio=0.997878 | M=23 C=8 S=26 N=6 | warnings=0 | 13.00s
2026-08-29 14:27:34,018 | INFO | 8314670-3.json | source=api | gold=8 pred=8 | ratio=1.000000 | M=7 C=0 S=1 N=1 | warnings=0 | 5.89s
2026-08-29 14:27:44,472 | INFO | 8330578-1.json | source=api | gold=39 pred=37 | ratio=1.000000 | M=24 C=5 S=8 N=10 | warnings=0 | 10.45s
2026-08-29 14:28:00,498 | INFO | 8359776-1.json | source=api | gold=29 pred=22 | ratio=1.000000 | M=0 C=0 S=22 N=29 | warnings=0 | 16.02s
2026-08-29 14:28:16,829 | INFO | 8359777-1.json | source=api | gold=32 pred=25 | ratio=1.000000 | M=12 C=1 S=12 N=19 | warnings=0 | 16.33s
2026-08-29 14:28:42,250 | INFO | 8361747-4.json | source=api | gold=81 pred=95 | ratio=1.000000 | M=63 C=3 S=29 N=15 | warnings=0 | 25.42s
2026-08-29 14:28:58,960 | INFO | 8388977-1.json | source=api | gold=32 pred=35 | ratio=1.000000 | M=17 C=2 S=16 N=13 | warnings=2 | 16.71s
2026-08-29 14:29:19,770 | INFO | 8398615-2.json | source=api | gold=62 pred=67 | ratio=1.000000 | M=26 C=9 S=32 N=27 | warnings=0 | 20.81s
2026-08-29 14:29:31,184 | INFO | 8411957-1.json | source=api | gold=46 pred=49 | ratio=1.000000 | M=14 C=15 S=20 N=17 | warnings=0 | 11.41s
2026-08-29 14:29:54,117 | INFO | 8434487-2.json | source=api | gold=74 pred=84 | ratio=1.000000 | M=52 C=2 S=30 N=20 | warnings=0 | 22.93s
2026-08-29 14:30:01,026 | INFO | 8453731-2.json | source=api | gold=12 pred=11 | ratio=1.000000 | M=4 C=0 S=7 N=8 | warnings=0 | 6.91s
2026-08-29 14:30:08,789 | INFO | 8458099-2.json | source=api | gold=23 pred=16 | ratio=1.000000 | M=10 C=2 S=4 N=11 | warnings=0 | 7.76s
2026-08-29 14:30:20,680 | INFO | 8462756-1.json | source=api | gold=48 pred=50 | ratio=0.999213 | M=22 C=8 S=20 N=18 | warnings=0 | 11.89s
2026-08-29 14:30:30,659 | INFO | 8466815-1.json | source=api | gold=28 pred=32 | ratio=1.000000 | M=17 C=3 S=12 N=8 | warnings=0 | 9.98s
2026-08-29 14:30:44,027 | INFO | 8474569-1.json | source=api | gold=36 pred=40 | ratio=1.000000 | M=18 C=1 S=21 N=17 | warnings=0 | 13.37s
2026-08-29 14:30:51,953 | INFO | 8478177-1.json | source=api | gold=36 pred=48 | ratio=1.000000 | M=24 C=5 S=19 N=7 | warnings=0 | 7.93s
2026-08-29 14:31:05,494 | INFO | 8488054-2.json | source=api | gold=29 pred=36 | ratio=1.000000 | M=14 C=6 S=16 N=9 | warnings=0 | 13.54s
2026-08-29 14:31:17,764 | INFO | 8492929-4.json | source=api | gold=54 pred=27 | ratio=1.000000 | M=13 C=4 S=10 N=37 | warnings=0 | 12.27s
2026-08-29 14:31:34,915 | INFO | 8503806-2.json | source=api | gold=36 pred=46 | ratio=1.000000 | M=17 C=3 S=26 N=16 | warnings=0 | 17.15s
2026-08-29 14:31:40,621 | INFO | 8505265-1.json | source=api | gold=12 pred=15 | ratio=1.000000 | M=9 C=0 S=6 N=3 | warnings=0 | 5.70s
2026-08-29 14:31:53,039 | INFO | 8516834-1.json | source=api | gold=47 pred=58 | ratio=1.000000 | M=24 C=3 S=31 N=20 | warnings=0 | 12.42s
2026-08-29 14:32:14,136 | INFO | 8525154-2.json | source=api | gold=47 pred=76 | ratio=1.000000 | M=21 C=9 S=46 N=17 | warnings=0 | 21.10s
2026-08-29 14:32:35,327 | INFO | 8525594-2.json | source=api | gold=64 pred=81 | ratio=1.000000 | M=39 C=4 S=38 N=21 | warnings=0 | 21.19s
2026-08-29 14:32:43,809 | INFO | 8535698-1.json | source=api | gold=13 pred=17 | ratio=1.000000 | M=7 C=2 S=8 N=4 | warnings=0 | 8.48s
2026-08-29 14:32:59,946 | INFO | 8536393-2.json | source=api | gold=41 pred=53 | ratio=1.000000 | M=32 C=4 S=17 N=5 | warnings=0 | 16.13s
2026-08-29 14:33:18,152 | INFO | 8537723-1.json | source=api | gold=53 pred=79 | ratio=1.000000 | M=27 C=8 S=44 N=18 | warnings=0 | 18.20s
2026-08-29 14:33:36,286 | INFO | 8552032-2.json | source=api | gold=60 pred=71 | ratio=1.000000 | M=30 C=6 S=35 N=24 | warnings=0 | 18.13s
2026-08-29 14:33:56,623 | INFO | 8587876-2.json | source=api | gold=61 pred=59 | ratio=1.000000 | M=30 C=12 S=17 N=19 | warnings=0 | 20.34s
2026-08-29 14:34:16,043 | INFO | 8591983-2.json | source=api | gold=53 pred=40 | ratio=1.000000 | M=28 C=5 S=7 N=20 | warnings=0 | 19.42s
2026-08-29 14:34:28,290 | INFO | 8609700-3.json | source=api | gold=63 pred=52 | ratio=1.000000 | M=24 C=20 S=8 N=19 | warnings=0 | 12.25s
2026-08-29 14:34:42,886 | INFO | 8612116-3.json | source=api | gold=62 pred=65 | ratio=0.999460 | M=33 C=10 S=22 N=19 | warnings=0 | 14.59s
2026-08-29 14:35:00,400 | INFO | 8618174-3.json | source=api | gold=59 pred=59 | ratio=1.000000 | M=31 C=6 S=22 N=22 | warnings=0 | 17.51s
2026-08-29 14:35:22,928 | INFO | 8664644-15.json | source=api | gold=62 pred=80 | ratio=1.000000 | M=49 C=2 S=29 N=11 | warnings=0 | 22.53s
2026-08-29 14:35:34,666 | INFO | 8670309-1.json | source=api | gold=45 pred=53 | ratio=1.000000 | M=24 C=13 S=16 N=8 | warnings=0 | 11.74s
2026-08-29 14:36:00,722 | INFO | 8676227-2.json | source=api | gold=95 pred=106 | ratio=1.000000 | M=65 C=6 S=35 N=24 | warnings=0 | 26.05s
2026-08-29 14:36:18,538 | INFO | 8679988-1.json | source=api | gold=47 pred=60 | ratio=1.000000 | M=22 C=9 S=29 N=16 | warnings=0 | 17.81s
2026-08-29 14:36:30,394 | INFO | 8689167-1.json | source=api | gold=51 pred=49 | ratio=1.000000 | M=20 C=4 S=25 N=27 | warnings=0 | 11.85s
2026-08-29 14:36:42,635 | INFO | 8695869-2.json | source=api | gold=63 pred=64 | ratio=1.000000 | M=32 C=8 S=24 N=23 | warnings=0 | 12.24s
2026-08-29 14:37:05,803 | INFO | 8728392-2.json | source=api | gold=63 pred=107 | ratio=1.000000 | M=33 C=13 S=61 N=17 | warnings=0 | 23.17s
2026-08-29 14:37:28,109 | INFO | 8732147-2.json | source=api | gold=87 pred=85 | ratio=1.000000 | M=44 C=18 S=23 N=25 | warnings=0 | 22.30s
2026-08-29 14:37:40,037 | INFO | 8732765-1.json | source=api | gold=65 pred=54 | ratio=1.000000 | M=24 C=5 S=25 N=36 | warnings=0 | 11.93s
2026-08-29 14:37:53,897 | INFO | 8825214-2.json | source=api | gold=18 pred=20 | ratio=1.000000 | M=4 C=1 S=15 N=13 | warnings=0 | 13.86s
2026-08-29 14:38:04,057 | INFO | 8831417-1.json | source=api | gold=31 pred=38 | ratio=1.000000 | M=19 C=9 S=10 N=3 | warnings=0 | 10.16s
2026-08-29 14:38:15,163 | INFO | 8837659-2.json | source=api | gold=34 pred=33 | ratio=1.000000 | M=21 C=5 S=7 N=8 | warnings=0 | 11.10s
2026-08-29 14:38:20,137 | INFO | 8844344-1.json | source=api | gold=11 pred=4 | ratio=1.000000 | M=1 C=1 S=2 N=9 | warnings=0 | 4.97s
2026-08-29 14:38:36,817 | INFO | 8846928-1.json | source=api | gold=45 pred=52 | ratio=1.000000 | M=18 C=11 S=23 N=16 | warnings=0 | 16.68s
2026-08-29 14:38:51,449 | INFO | 8882620-2.json | source=api | gold=39 pred=41 | ratio=1.000000 | M=16 C=5 S=20 N=18 | warnings=0 | 14.63s
2026-08-29 14:38:56,094 | INFO | 8915187-1.json | source=api | gold=15 pred=11 | ratio=1.000000 | M=7 C=1 S=3 N=7 | warnings=0 | 4.64s
2026-08-29 14:39:02,847 | INFO | 8937152-1.json | source=api | gold=21 pred=25 | ratio=1.000000 | M=8 C=4 S=13 N=9 | warnings=0 | 6.75s
2026-08-29 14:39:19,293 | INFO | 8984648-4.json | source=api | gold=28 pred=30 | ratio=1.000000 | M=14 C=1 S=15 N=13 | warnings=0 | 16.44s
2026-08-29 14:39:27,440 | INFO | 8993410-3.json | source=api | gold=30 pred=19 | ratio=1.000000 | M=5 C=1 S=13 N=24 | warnings=0 | 8.15s
2026-08-29 14:39:36,979 | INFO | 9013008-1.json | source=api | gold=28 pred=32 | ratio=1.000000 | M=9 C=11 S=12 N=8 | warnings=0 | 9.54s
2026-08-29 14:39:57,087 | INFO | 9022233-8.json | source=api | gold=59 pred=66 | ratio=1.000000 | M=35 C=12 S=19 N=12 | warnings=0 | 20.11s
2026-08-29 14:40:05,115 | INFO | 9045330-1.json | source=api | gold=29 pred=27 | ratio=1.000000 | M=14 C=8 S=5 N=7 | warnings=0 | 8.03s
2026-08-29 14:40:13,264 | INFO | 9049554-1.json | source=api | gold=25 pred=30 | ratio=1.000000 | M=10 C=8 S=12 N=7 | warnings=0 | 8.15s
2026-08-29 14:40:24,672 | INFO | 9055672-1.json | source=api | gold=35 pred=28 | ratio=1.000000 | M=20 C=4 S=4 N=11 | warnings=0 | 11.41s
2026-08-29 14:40:33,969 | INFO | 9096515-1.json | source=api | gold=17 pred=15 | ratio=1.000000 | M=5 C=0 S=10 N=12 | warnings=0 | 9.30s
2026-08-29 14:40:45,835 | INFO | 9123149-1.json | source=api | gold=38 pred=47 | ratio=1.000000 | M=24 C=7 S=16 N=7 | warnings=0 | 11.86s
2026-08-29 14:40:57,086 | INFO | 9140562-1.json | source=api | gold=69 pred=49 | ratio=1.000000 | M=21 C=23 S=5 N=25 | warnings=0 | 11.25s
2026-08-29 14:41:10,299 | INFO | 9147633-1.json | source=api | gold=78 pred=63 | ratio=1.000000 | M=44 C=8 S=11 N=26 | warnings=0 | 13.21s
2026-08-29 14:41:21,990 | INFO | 9155252-1.json | source=api | gold=50 pred=41 | ratio=1.000000 | M=26 C=4 S=11 N=20 | warnings=0 | 11.69s
2026-08-29 14:41:35,979 | INFO | 9210852-2.json | source=api | gold=41 pred=41 | ratio=1.000000 | M=23 C=4 S=14 N=14 | warnings=0 | 13.99s
2026-08-29 14:41:53,720 | INFO | 9213241-2.json | source=api | gold=43 pred=34 | ratio=1.000000 | M=19 C=4 S=11 N=20 | warnings=0 | 17.74s
2026-08-29 14:42:04,314 | INFO | 9217538-3.json | source=api | gold=37 pred=39 | ratio=1.000000 | M=18 C=9 S=12 N=10 | warnings=0 | 10.59s
2026-08-29 14:42:21,772 | INFO | 9255754-1.json | source=api | gold=57 pred=69 | ratio=0.997756 | M=35 C=3 S=31 N=19 | warnings=0 | 17.46s
2026-08-29 14:42:37,891 | INFO | 9290754-1.json | source=api | gold=42 pred=51 | ratio=1.000000 | M=17 C=3 S=31 N=22 | warnings=0 | 16.12s
2026-08-29 14:42:44,809 | INFO | 9312453-1.json | source=api | gold=21 pred=18 | ratio=1.000000 | M=13 C=2 S=3 N=6 | warnings=0 | 6.92s
2026-08-29 14:42:55,053 | INFO | 9337495-1.json | source=api | gold=21 pred=37 | ratio=1.000000 | M=11 C=4 S=22 N=6 | warnings=0 | 10.24s
2026-08-29 14:43:17,192 | INFO | 9345548-3.json | source=api | gold=27 pred=29 | ratio=1.000000 | M=2 C=1 S=26 N=24 | warnings=0 | 22.14s
2026-08-29 14:43:21,358 | INFO | 9379840-1.json | source=api | gold=11 pred=9 | ratio=1.000000 | M=3 C=4 S=2 N=4 | warnings=0 | 4.16s
2026-08-29 14:43:44,903 | INFO | 9405326-1.json | source=api | gold=81 pred=107 | ratio=1.000000 | M=44 C=10 S=53 N=27 | warnings=0 | 23.54s
2026-08-29 14:43:48,908 | INFO | 9408406-1.json | source=api | gold=2 pred=6 | ratio=1.000000 | M=1 C=0 S=5 N=1 | warnings=0 | 4.00s
2026-08-29 14:43:57,771 | INFO | 9416204-1.json | source=api | gold=27 pred=31 | ratio=1.000000 | M=16 C=5 S=10 N=6 | warnings=0 | 8.86s
2026-08-29 14:44:21,856 | INFO | 9416883-1.json | source=api | gold=70 pred=92 | ratio=1.000000 | M=45 C=6 S=41 N=19 | warnings=0 | 24.08s
2026-08-29 14:44:30,988 | INFO | 9431967-1.json | source=api | gold=36 pred=33 | ratio=1.000000 | M=15 C=9 S=9 N=12 | warnings=0 | 9.13s
2026-08-29 14:44:44,199 | INFO | 9432887-2.json | source=api | gold=41 pred=33 | ratio=1.000000 | M=8 C=7 S=18 N=26 | warnings=0 | 13.21s
2026-08-29 14:45:01,385 | INFO | 9435388-2.json | source=api | gold=60 pred=88 | ratio=1.000000 | M=35 C=9 S=44 N=16 | warnings=0 | 17.18s
2026-08-29 14:45:04,647 | INFO | 9466031-1.json | source=api | gold=7 pred=4 | ratio=1.000000 | M=3 C=1 S=0 N=3 | warnings=0 | 3.26s
2026-08-29 14:45:14,524 | INFO | 9471359-1.json | source=api | gold=29 pred=34 | ratio=1.000000 | M=21 C=2 S=11 N=6 | warnings=0 | 9.88s
2026-08-29 14:45:24,832 | INFO | 9614423-1.json | source=api | gold=48 pred=43 | ratio=1.000000 | M=27 C=5 S=11 N=16 | warnings=0 | 10.31s
2026-08-29 14:45:32,790 | INFO | 9633557-1.json | source=api | gold=10 pred=11 | ratio=1.000000 | M=4 C=0 S=7 N=6 | warnings=0 | 7.96s
2026-08-29 14:45:41,408 | INFO | 9633604-1.json | source=api | gold=10 pred=11 | ratio=1.000000 | M=4 C=0 S=7 N=6 | warnings=0 | 8.62s
2026-08-29 14:45:49,433 | INFO | 9634489-1.json | source=api | gold=11 pred=10 | ratio=1.000000 | M=4 C=2 S=4 N=5 | warnings=0 | 8.02s
2026-08-29 14:45:55,340 | INFO | 9636214-1.json | source=api | gold=13 pred=7 | ratio=1.000000 | M=1 C=1 S=5 N=11 | warnings=0 | 5.91s
2026-08-29 14:46:07,511 | INFO | 9649460-2.json | source=api | gold=42 pred=41 | ratio=1.000000 | M=19 C=5 S=17 N=18 | warnings=0 | 12.17s
2026-08-29 14:46:22,895 | INFO | 9693740-6.json | source=api | gold=61 pred=39 | ratio=1.000000 | M=2 C=5 S=32 N=54 | warnings=0 | 15.38s
2026-08-29 14:46:34,096 | INFO | 9702278-1.json | source=api | gold=59 pred=16 | ratio=1.000000 | M=7 C=2 S=7 N=50 | warnings=0 | 11.20s
2026-08-29 14:46:51,290 | INFO | 9717219-1.json | source=api | gold=29 pred=39 | ratio=1.000000 | M=14 C=5 S=20 N=10 | warnings=0 | 17.19s
2026-08-29 14:46:59,795 | INFO | 9749340-1.json | source=api | gold=17 pred=22 | ratio=1.000000 | M=9 C=4 S=9 N=4 | warnings=0 | 8.50s
2026-08-29 14:47:06,359 | INFO | 9771109-2.json | source=api | gold=7 pred=14 | ratio=1.000000 | M=5 C=1 S=8 N=1 | warnings=0 | 6.56s
2026-08-29 14:47:11,222 | INFO | 9771237-2.json | source=api | gold=5 pred=12 | ratio=1.000000 | M=3 C=0 S=9 N=2 | warnings=0 | 4.86s
2026-08-29 14:47:24,454 | INFO | 9771238-2.json | source=api | gold=7 pred=16 | ratio=1.000000 | M=5 C=1 S=10 N=1 | warnings=0 | 13.23s
2026-08-29 14:47:30,339 | INFO | 9772829-2.json | source=api | gold=7 pred=16 | ratio=1.000000 | M=5 C=0 S=11 N=2 | warnings=0 | 5.88s
2026-08-29 14:47:34,183 | INFO | 9776160-1.json | source=api | gold=5 pred=6 | ratio=1.000000 | M=2 C=2 S=2 N=1 | warnings=0 | 3.84s
2026-08-29 14:47:37,920 | INFO | 9776168-1.json | source=api | gold=7 pred=6 | ratio=1.000000 | M=2 C=2 S=2 N=3 | warnings=0 | 3.74s
2026-08-29 14:47:42,141 | INFO | 9776193-1.json | source=api | gold=5 pred=5 | ratio=1.000000 | M=2 C=1 S=2 N=2 | warnings=0 | 4.22s
2026-08-29 14:47:58,503 | INFO | 9781308-4.json | source=api | gold=49 pred=57 | ratio=1.000000 | M=38 C=1 S=18 N=10 | warnings=0 | 16.36s
2026-08-29 14:48:06,670 | INFO | 9783149-2.json | source=api | gold=11 pred=19 | ratio=1.000000 | M=7 C=1 S=11 N=3 | warnings=0 | 8.17s
2026-08-29 14:48:15,256 | INFO | 9783150-2.json | source=api | gold=9 pred=20 | ratio=1.000000 | M=9 C=0 S=11 N=0 | warnings=0 | 8.59s
2026-08-29 14:48:27,008 | INFO | 9783210-2.json | source=api | gold=13 pred=26 | ratio=1.000000 | M=10 C=0 S=16 N=3 | warnings=0 | 11.75s
2026-08-29 14:48:39,284 | INFO | 9786038-2.json | source=api | gold=6 pred=16 | ratio=1.000000 | M=5 C=1 S=10 N=0 | warnings=0 | 12.27s
2026-08-29 14:49:02,364 | INFO | 9798242-3.json | source=api | gold=93 pred=90 | ratio=1.000000 | M=77 C=2 S=11 N=14 | warnings=0 | 23.08s
2026-08-29 14:49:22,813 | INFO | 9815530-2.json | source=api | gold=58 pred=70 | ratio=1.000000 | M=16 C=23 S=31 N=19 | warnings=0 | 20.45s
2026-08-29 14:49:37,329 | INFO | 9835050-2.json | source=api | gold=18 pred=28 | ratio=1.000000 | M=3 C=8 S=17 N=7 | warnings=0 | 14.51s
2026-08-29 14:49:54,090 | INFO | 9841028-2.json | source=api | gold=42 pred=55 | ratio=1.000000 | M=24 C=5 S=26 N=13 | warnings=0 | 16.76s
2026-08-29 14:50:01,921 | INFO | 9844387-1.json | source=api | gold=15 pred=15 | ratio=1.000000 | M=10 C=1 S=4 N=4 | warnings=0 | 7.83s
2026-08-29 14:50:08,493 | INFO | 9845520-1.json | source=api | gold=14 pred=12 | ratio=1.000000 | M=10 C=0 S=2 N=4 | warnings=0 | 6.57s
2026-08-29 14:50:15,712 | INFO | 9845534-1.json | source=api | gold=14 pred=15 | ratio=1.000000 | M=8 C=3 S=4 N=3 | warnings=0 | 7.22s
2026-08-29 14:50:22,196 | INFO | 9849411-1.json | source=api | gold=9 pred=10 | ratio=1.000000 | M=3 C=3 S=4 N=3 | warnings=0 | 6.48s
2026-08-29 14:50:43,082 | INFO | 9867850-5.json | source=api | gold=55 pred=67 | ratio=0.998434 | M=21 C=17 S=29 N=17 | warnings=0 | 20.88s
2026-08-29 14:51:02,909 | INFO | 9868084-1.json | source=api | gold=50 pred=56 | ratio=1.000000 | M=31 C=6 S=19 N=13 | warnings=0 | 19.83s
2026-08-29 14:51:14,138 | INFO | 9902566-1.json | source=api | gold=49 pred=44 | ratio=1.000000 | M=26 C=11 S=7 N=12 | warnings=0 | 11.23s
2026-08-29 14:51:20,873 | INFO | Run finished
2026-08-29 14:51:20,873 | INFO | Completed=829 Failed=0
2026-08-29 14:51:20,873 | INFO | Overall: {'M': 13788, 'C': 4530, 'S': 12342, 'N': 10111, 'precision': 0.75, 'recall': 0.5647, 'f1': 0.6443}
