doc_id,assigned_series,confidence,review_required,review_reason,top_score,runner_up_series,runner_up_score,score_margin,suspect_drug_evidence,other_drug_evidence,text_drug_evidence,annotated_event_evidence,text_event_evidence,all_series_scores
10064257-1,Tramadol-Hypoglycemia,high,No,annotated drug-event pair with clear margin,540,Azacitidine-QT,0,540,,tramadol,tramadol,hypoglycemia,hypoglycemia,Tramadol-Hypoglycemia=540; Azacitidine-QT=0; Baricitinib-Hypersensitivity=0; Erenumab-Stroke=0
10086156-2,Tramadol-Hypoglycemia,high,No,annotated drug-event pair with clear margin,710,Azacitidine-QT,0,710,tramadol,tramadol,tramadol,hypoglycemia,hypoglycemia,Tramadol-Hypoglycemia=710; Azacitidine-QT=0; Baricitinib-Hypersensitivity=0; Erenumab-Stroke=0
10210333-1,Azacitidine-QT,medium,No,annotated target drug without strong event evidence,132,Baricitinib-Hypersensitivity,0,132,azacitidine,,azacitidine,,,Azacitidine-QT=132; Baricitinib-Hypersensitivity=0; Erenumab-Stroke=0; Tramadol-Hypoglycemia=0
10305563-1,UNRESOLVED,unclassified,Yes,no target drug or event evidence,0,Baricitinib-Hypersensitivity,0,0,,,,,,Azacitidine-QT=0; Baricitinib-Hypersensitivity=0; Erenumab-Stroke=0; Tramadol-Hypoglycemia=0
10308137-2,Tramadol-Hypoglycemia,high,No,annotated drug-event pair with clear margin,450,Azacitidine-QT,0,450,tramadol,,tramadol,hypoglycemia,hypoglycemia,Tramadol-Hypoglycemia=450; Azacitidine-QT=0; Baricitinib-Hypersensitivity=0; Erenumab-Stroke=0
10313816-1,Azacitidine-QT,high,No,annotated drug-event pair with clear margin,486,Baricitinib-Hypersensitivity,0,486,Vidaza,,Vidaza,ventricular arrhythmia,ventricular arrhythmia,Azacitidine-QT=486; Baricitinib-Hypersensitivity=0; Erenumab-Stroke=0; Tramadol-Hypoglycemia=0
10446830-3,Tramadol-Hypoglycemia,high,No,annotated drug-event pair with clear margin,798,Azacitidine-QT,0,798,tramadol,,tramadol,hypoglycemia,hypoglycemia,Tramadol-Hypoglycemia=798; Azacitidine-QT=0; Baricitinib-Hypersensitivity=0; Erenumab-Stroke=0
10490031-4,Azacitidine-QT,high,No,annotated drug-event pair with clear margin,678,Baricitinib-Hypersensitivity,0,678,Vidaza,,azacitidine; Vidaza,ventricular arrhythmia,QT prolongation; ventricular arrhythmia,Azacitidine-QT=678; Baricitinib-Hypersensitivity=0; Erenumab-Stroke=0; Tramadol-Hypoglycemia=0
10510276-1,Azacitidine-QT,medium,No,annotated target drug without strong event evidence,144,Baricitinib-Hypersensitivity,0,144,Vidaza,,Vidaza,,,Azacitidine-QT=144; Baricitinib-Hypersensitivity=0; Erenumab-Stroke=0; Tramadol-Hypoglycemia=0
10540243-1,Tramadol-Hypoglycemia,medium,No,annotated target drug without strong event evidence,180,Azacitidine-QT,0,180,tramadol,,tramadol,,,Tramadol-Hypoglycemia=180; Azacitidine-QT=0; Baricitinib-Hypersensitivity=0; Erenumab-Stroke=0
10566890-1,Azacitidine-QT,medium,No,annotated target drug without strong event evidence,180,Baricitinib-Hypersensitivity,0,180,azacitidine,,azacitidine,,,Azacitidine-QT=180; Baricitinib-Hypersensitivity=0; Erenumab-Stroke=0; Tramadol-Hypoglycemia=0
10570669-4,Azacitidine-QT,medium,No,annotated target drug without strong event evidence,220,Baricitinib-Hypersensitivity,0,220,Vidaza,azacitidine,azacitidine; Vidaza,,,Azacitidine-QT=220; Baricitinib-Hypersensitivity=0; Erenumab-Stroke=0; Tramadol-Hypoglycemia=0
10597790-3,Azacitidine-QT,medium,No,annotated target drug without strong event evidence,180,Baricitinib-Hypersensitivity,0,180,azacitidine,,azacitidine,,,Azacitidine-QT=180; Baricitinib-Hypersensitivity=0; Erenumab-Stroke=0; Tramadol-Hypoglycemia=0
10601406-1,Tramadol-Hypoglycemia,high,No,annotated drug-event pair with clear margin,516,Azacitidine-QT,0,516,tramadol,,tramadol,hypoglycemia,hypoglycemia,Tramadol-Hypoglycemia=516; Azacitidine-QT=0; Baricitinib-Hypersensitivity=0; Erenumab-Stroke=0
10617184-1,Azacitidine-QT,high,No,suspect drug plus event evidence,282,Baricitinib-Hypersensitivity,0,282,Vidaza,,Vidaza,,torsade,Azacitidine-QT=282; Baricitinib-Hypersensitivity=0; Erenumab-Stroke=0; Tramadol-Hypoglycemia=0
10618714-1,Tramadol-Hypoglycemia,high,No,annotated drug-event pair with clear margin,576,Erenumab-Stroke,12,564,tramadol,,tramadol,hypoglycemia,hypoglycemia,Tramadol-Hypoglycemia=576; Erenumab-Stroke=12; Azacitidine-QT=0; Baricitinib-Hypersensitivity=0
10625821-4,Erenumab-Stroke,low,Yes,"weak, incomplete, or competing evidence",330,Azacitidine-QT,300,30,,,,cerebral infarction,cerebral infarction,Erenumab-Stroke=330; Azacitidine-QT=300; Baricitinib-Hypersensitivity=0; Tramadol-Hypoglycemia=0
10668689-1,Azacitidine-QT,low,Yes,"weak, incomplete, or competing evidence",76,Baricitinib-Hypersensitivity,0,76,,azacitidine,azacitidine,,,Azacitidine-QT=76; Baricitinib-Hypersensitivity=0; Erenumab-Stroke=0; Tramadol-Hypoglycemia=0
10696207-2,Azacitidine-QT,low,Yes,"weak, incomplete, or competing evidence",180,Tramadol-Hypoglycemia,102,78,Vidaza,,azacitidine; Vidaza,,,Azacitidine-QT=180; Tramadol-Hypoglycemia=102; Baricitinib-Hypersensitivity=0; Erenumab-Stroke=0
10716219-2,Tramadol-Hypoglycemia,high,No,annotated drug-event pair with clear margin,804,Azacitidine-QT,0,804,tramadol,,tramadol,hypoglycemia,hypoglycemia,Tramadol-Hypoglycemia=804; Azacitidine-QT=0; Baricitinib-Hypersensitivity=0; Erenumab-Stroke=0
10731067-1,Azacitidine-QT,medium,No,annotated target drug without strong event evidence,220,Baricitinib-Hypersensitivity,0,220,Vidaza,azacitidine,azacitidine; Vidaza,,,Azacitidine-QT=220; Baricitinib-Hypersensitivity=0; Erenumab-Stroke=0; Tramadol-Hypoglycemia=0
10742824-2,Azacitidine-QT,medium,No,annotated target drug without strong event evidence,144,Baricitinib-Hypersensitivity,0,144,Vidaza,,Vidaza,,,Azacitidine-QT=144; Baricitinib-Hypersensitivity=0; Erenumab-Stroke=0; Tramadol-Hypoglycemia=0
10765657-1,Tramadol-Hypoglycemia,high,No,annotated drug-event pair with clear margin,528,Azacitidine-QT,0,528,tramadol,,tramadol,hypoglycemia,hypoglycemia,Tramadol-Hypoglycemia=528; Azacitidine-QT=0; Baricitinib-Hypersensitivity=0; Erenumab-Stroke=0
10771926-1,Azacitidine-QT,low,Yes,"weak, incomplete, or competing evidence",60,Baricitinib-Hypersensitivity,0,60,,,5-azacytidine; azacytidine,,,Azacitidine-QT=60; Baricitinib-Hypersensitivity=0; Erenumab-Stroke=0; Tramadol-Hypoglycemia=0
10780132-1,Azacitidine-QT,low,Yes,"weak, incomplete, or competing evidence",48,Baricitinib-Hypersensitivity,0,48,,,azacitidine,,,Azacitidine-QT=48; Baricitinib-Hypersensitivity=0; Erenumab-Stroke=0; Tramadol-Hypoglycemia=0
10791129-2,Tramadol-Hypoglycemia,high,No,annotated drug-event pair with clear margin,438,Azacitidine-QT,0,438,tramadol,,tramadol,low glucose,low glucose,Tramadol-Hypoglycemia=438; Azacitidine-QT=0; Baricitinib-Hypersensitivity=0; Erenumab-Stroke=0
10818045-1,Azacitidine-QT,high,No,annotated drug-event pair with clear margin,690,Baricitinib-Hypersensitivity,0,690,Vidaza,,Vidaza,ventricular arrhythmia,ventricular arrhythmia,Azacitidine-QT=690; Baricitinib-Hypersensitivity=0; Erenumab-Stroke=0; Tramadol-Hypoglycemia=0
10899230-2,Azacitidine-QT,medium,No,annotated target drug without strong event evidence,180,Baricitinib-Hypersensitivity,0,180,azacitidine,,azacitidine,,,Azacitidine-QT=180; Baricitinib-Hypersensitivity=0; Erenumab-Stroke=0; Tramadol-Hypoglycemia=0
10931091-1,Tramadol-Hypoglycemia,high,No,annotated drug-event pair with clear margin,604,Azacitidine-QT,0,604,tramadol,tramadol,tramadol,hypoglycemia,hypoglycemia,Tramadol-Hypoglycemia=604; Azacitidine-QT=0; Baricitinib-Hypersensitivity=0; Erenumab-Stroke=0
10934733-1,Tramadol-Hypoglycemia,high,No,annotated drug-event pair with clear margin,546,Erenumab-Stroke,24,522,tramadol,,tramadol,hypoglycemia,hypoglycemia,Tramadol-Hypoglycemia=546; Erenumab-Stroke=24; Azacitidine-QT=0; Baricitinib-Hypersensitivity=0
10945438-1,Tramadol-Hypoglycemia,high,No,annotated drug-event pair with clear margin,804,Azacitidine-QT,0,804,tramadol,,tramadol,hypoglycemia,hypoglycemia,Tramadol-Hypoglycemia=804; Azacitidine-QT=0; Baricitinib-Hypersensitivity=0; Erenumab-Stroke=0
10973702-1,Tramadol-Hypoglycemia,high,No,annotated drug-event pair with clear margin,774,Azacitidine-QT,0,774,tramadol,,tramadol,hypoglycemia,hypoglycemia,Tramadol-Hypoglycemia=774; Azacitidine-QT=0; Baricitinib-Hypersensitivity=0; Erenumab-Stroke=0
10975408-1,Tramadol-Hypoglycemia,high,No,annotated drug-event pair with clear margin,930,Azacitidine-QT,0,930,tramadol,,tramadol,hypoglycemia,hypoglycemia,Tramadol-Hypoglycemia=930; Azacitidine-QT=0; Baricitinib-Hypersensitivity=0; Erenumab-Stroke=0
10995355-1,Tramadol-Hypoglycemia,high,No,annotated drug-event pair with clear margin,606,Azacitidine-QT,0,606,tramadol,,tramadol,hypoglycemia,hypoglycemia,Tramadol-Hypoglycemia=606; Azacitidine-QT=0; Baricitinib-Hypersensitivity=0; Erenumab-Stroke=0
11009968-1,Azacitidine-QT,medium,No,annotated target drug without strong event evidence,300,Baricitinib-Hypersensitivity,0,300,azacitidine; Vidaza,,azacitidine; Vidaza,,,Azacitidine-QT=300; Baricitinib-Hypersensitivity=0; Erenumab-Stroke=0; Tramadol-Hypoglycemia=0
11047023-1,Azacitidine-QT,medium,No,annotated target drug without strong event evidence,180,Baricitinib-Hypersensitivity,0,180,Vidaza,,Vidaza,,,Azacitidine-QT=180; Baricitinib-Hypersensitivity=0; Erenumab-Stroke=0; Tramadol-Hypoglycemia=0
11259553-1,Tramadol-Hypoglycemia,high,No,annotated drug-event pair with clear margin,894,Erenumab-Stroke,114,780,tramadol,,tramadol,hypoglycemia,hypoglycemia,Tramadol-Hypoglycemia=894; Erenumab-Stroke=114; Azacitidine-QT=0; Baricitinib-Hypersensitivity=0
11281174-3,Azacitidine-QT,high,No,annotated drug-event pair with clear margin,840,Baricitinib-Hypersensitivity,0,840,azacitidine,,azacitidine; Vidaza,QT prolongation,QT prolongation,Azacitidine-QT=840; Baricitinib-Hypersensitivity=0; Erenumab-Stroke=0; Tramadol-Hypoglycemia=0
11283592-2,UNRESOLVED,ambiguous,Yes,top-score tie,102,Erenumab-Stroke,102,0,,,,anaphylaxis,anaphylaxis,Baricitinib-Hypersensitivity=102; Erenumab-Stroke=102; Azacitidine-QT=0; Tramadol-Hypoglycemia=0
11325153-3,Azacitidine-QT,high,No,annotated drug-event pair with clear margin,510,Baricitinib-Hypersensitivity,0,510,azacitidine,,azacitidine; Vidaza,QT prolongation,QT prolongation,Azacitidine-QT=510; Baricitinib-Hypersensitivity=0; Erenumab-Stroke=0; Tramadol-Hypoglycemia=0
11392023-3,Tramadol-Hypoglycemia,high,No,annotated drug-event pair with clear margin,630,Azacitidine-QT,0,630,tramadol,,tramadol,hypoglycemia,hypoglycemia,Tramadol-Hypoglycemia=630; Azacitidine-QT=0; Baricitinib-Hypersensitivity=0; Erenumab-Stroke=0
11392387-2,Azacitidine-QT,medium,No,annotated target drug without strong event evidence,156,Baricitinib-Hypersensitivity,0,156,azacitidine,,azacitidine; Vidaza,,,Azacitidine-QT=156; Baricitinib-Hypersensitivity=0; Erenumab-Stroke=0; Tramadol-Hypoglycemia=0
11398738-1,Tramadol-Hypoglycemia,high,No,annotated drug-event pair with clear margin,486,Azacitidine-QT,0,486,tramadol,,tramadol,low glucose,low glucose,Tramadol-Hypoglycemia=486; Azacitidine-QT=0; Baricitinib-Hypersensitivity=0; Erenumab-Stroke=0
11403803-2,Tramadol-Hypoglycemia,high,No,annotated drug-event pair with clear margin,630,Azacitidine-QT,0,630,tramadol,,tramadol,hypoglycemia,hypoglycemia,Tramadol-Hypoglycemia=630; Azacitidine-QT=0; Baricitinib-Hypersensitivity=0; Erenumab-Stroke=0
11516661-1,Azacitidine-QT,medium,No,annotated target drug without strong event evidence,180,Baricitinib-Hypersensitivity,0,180,azacitidine,,azacitidine; Vidaza,,,Azacitidine-QT=180; Baricitinib-Hypersensitivity=0; Erenumab-Stroke=0; Tramadol-Hypoglycemia=0
11522831-5,Azacitidine-QT,high,No,annotated drug-event pair with clear margin,570,Baricitinib-Hypersensitivity,0,570,azacitidine,,azacitidine,QT prolongation,QT prolongation,Azacitidine-QT=570; Baricitinib-Hypersensitivity=0; Erenumab-Stroke=0; Tramadol-Hypoglycemia=0
11525187-3,Azacitidine-QT,high,No,annotated drug-event pair with clear margin,498,Baricitinib-Hypersensitivity,0,498,azacitidine,,azacitidine,QT prolongation,QT prolongation,Azacitidine-QT=498; Baricitinib-Hypersensitivity=0; Erenumab-Stroke=0; Tramadol-Hypoglycemia=0
11552888-2,Azacitidine-QT,medium,No,annotated target drug without strong event evidence,180,Baricitinib-Hypersensitivity,0,180,azacitidine,,azacitidine,,,Azacitidine-QT=180; Baricitinib-Hypersensitivity=0; Erenumab-Stroke=0; Tramadol-Hypoglycemia=0
11610831-1,Tramadol-Hypoglycemia,high,No,annotated drug-event pair with clear margin,516,Azacitidine-QT,0,516,tramadol,,tramadol,hypoglycemia,hypoglycemia,Tramadol-Hypoglycemia=516; Azacitidine-QT=0; Baricitinib-Hypersensitivity=0; Erenumab-Stroke=0
11615417-3,Azacitidine-QT,medium,No,annotated target drug without strong event evidence,300,Baricitinib-Hypersensitivity,0,300,azacitidine,,azacitidine,,,Azacitidine-QT=300; Baricitinib-Hypersensitivity=0; Erenumab-Stroke=0; Tramadol-Hypoglycemia=0
11636695-2,Azacitidine-QT,medium,No,annotated target drug without strong event evidence,300,Baricitinib-Hypersensitivity,0,300,azacitidine,,azacitidine,,,Azacitidine-QT=300; Baricitinib-Hypersensitivity=0; Erenumab-Stroke=0; Tramadol-Hypoglycemia=0
11638926-1,Tramadol-Hypoglycemia,low,Yes,"weak, incomplete, or competing evidence",52,Azacitidine-QT,0,52,,tramadol,tramadol,,,Tramadol-Hypoglycemia=52; Azacitidine-QT=0; Baricitinib-Hypersensitivity=0; Erenumab-Stroke=0
11640789-1,Tramadol-Hypoglycemia,high,No,annotated drug-event pair with clear margin,672,Azacitidine-QT,0,672,tramadol,,tramadol,hypoglycemia,hypoglycemia,Tramadol-Hypoglycemia=672; Azacitidine-QT=0; Baricitinib-Hypersensitivity=0; Erenumab-Stroke=0
11645631-1,Tramadol-Hypoglycemia,medium,No,annotated target drug without strong event evidence,288,Azacitidine-QT,0,288,tramadol,,tramadol,,,Tramadol-Hypoglycemia=288; Azacitidine-QT=0; Baricitinib-Hypersensitivity=0; Erenumab-Stroke=0
11726934-2,Azacitidine-QT,low,Yes,"weak, incomplete, or competing evidence",156,Baricitinib-Hypersensitivity,114,42,Vidaza,,azacitidine; Vidaza,,,Azacitidine-QT=156; Baricitinib-Hypersensitivity=114; Erenumab-Stroke=0; Tramadol-Hypoglycemia=0
11797268-1,Tramadol-Hypoglycemia,medium,No,annotated target drug without strong event evidence,408,Azacitidine-QT,0,408,tramadol,,tramadol,,,Tramadol-Hypoglycemia=408; Azacitidine-QT=0; Baricitinib-Hypersensitivity=0; Erenumab-Stroke=0
11801899-1,Azacitidine-QT,medium,No,annotated target drug without strong event evidence,144,Baricitinib-Hypersensitivity,0,144,azacytidine,,azacitidine; azacytidine,,,Azacitidine-QT=144; Baricitinib-Hypersensitivity=0; Erenumab-Stroke=0; Tramadol-Hypoglycemia=0
11813479-3,Azacitidine-QT,medium,No,annotated target drug without strong event evidence,220,Baricitinib-Hypersensitivity,0,220,azacitidine,azacytidine,azacitidine; azacytidine,,,Azacitidine-QT=220; Baricitinib-Hypersensitivity=0; Erenumab-Stroke=0; Tramadol-Hypoglycemia=0
11823209-2,Azacitidine-QT,medium,No,annotated target drug without strong event evidence,180,Baricitinib-Hypersensitivity,0,180,azacitidine,,azacitidine,,,Azacitidine-QT=180; Baricitinib-Hypersensitivity=0; Erenumab-Stroke=0; Tramadol-Hypoglycemia=0
11827640-1,Tramadol-Hypoglycemia,high,No,annotated drug-event pair with clear margin,570,Baricitinib-Hypersensitivity,102,468,tramadol,,tramadol,hypoglycemia,hypoglycemia,Tramadol-Hypoglycemia=570; Baricitinib-Hypersensitivity=102; Azacitidine-QT=0; Erenumab-Stroke=0
11833393-1,Tramadol-Hypoglycemia,high,No,annotated drug-event pair with clear margin,450,Azacitidine-QT,0,450,tramadol,,tramadol,hypoglycemia,hypoglycemia,Tramadol-Hypoglycemia=450; Azacitidine-QT=0; Baricitinib-Hypersensitivity=0; Erenumab-Stroke=0
11843418-1,Tramadol-Hypoglycemia,high,No,annotated drug-event pair with clear margin,414,Azacitidine-QT,0,414,tramadol,,tramadol,hypoglycemia,hypoglycemia,Tramadol-Hypoglycemia=414; Azacitidine-QT=0; Baricitinib-Hypersensitivity=0; Erenumab-Stroke=0
11860897-1,Tramadol-Hypoglycemia,high,No,annotated drug-event pair with clear margin,450,Erenumab-Stroke,12,438,tramadol,,tramadol,hypoglycemia,hypoglycemia,Tramadol-Hypoglycemia=450; Erenumab-Stroke=12; Azacitidine-QT=0; Baricitinib-Hypersensitivity=0
11863760-1,Azacitidine-QT,low,Yes,"weak, incomplete, or competing evidence",52,Baricitinib-Hypersensitivity,0,52,,azacitidine,azacitidine,,,Azacitidine-QT=52; Baricitinib-Hypersensitivity=0; Erenumab-Stroke=0; Tramadol-Hypoglycemia=0
11875727-3,Azacitidine-QT,medium,No,annotated target drug without strong event evidence,156,Baricitinib-Hypersensitivity,0,156,Vidaza,,Vidaza,,,Azacitidine-QT=156; Baricitinib-Hypersensitivity=0; Erenumab-Stroke=0; Tramadol-Hypoglycemia=0
11878508-4,Azacitidine-QT,medium,No,annotated target drug without strong event evidence,156,Baricitinib-Hypersensitivity,0,156,Vidaza,,Vidaza,,,Azacitidine-QT=156; Baricitinib-Hypersensitivity=0; Erenumab-Stroke=0; Tramadol-Hypoglycemia=0
11882706-1,Azacitidine-QT,medium,No,annotated target drug without strong event evidence,144,Baricitinib-Hypersensitivity,0,144,azacitidine,,azacitidine,,,Azacitidine-QT=144; Baricitinib-Hypersensitivity=0; Erenumab-Stroke=0; Tramadol-Hypoglycemia=0
11939809-3,Tramadol-Hypoglycemia,high,No,annotated drug-event pair with clear margin,630,Azacitidine-QT,0,630,tramadol; Tramal,,tramadol; Tramal,hypoglycemia,hypoglycemia,Tramadol-Hypoglycemia=630; Azacitidine-QT=0; Baricitinib-Hypersensitivity=0; Erenumab-Stroke=0
11965205-1,Tramadol-Hypoglycemia,high,No,annotated drug-event pair with clear margin,462,Azacitidine-QT,0,462,tramadol,,tramadol,hypoglycemia,hypoglycemia,Tramadol-Hypoglycemia=462; Azacitidine-QT=0; Baricitinib-Hypersensitivity=0; Erenumab-Stroke=0
11965207-1,Tramadol-Hypoglycemia,high,No,annotated drug-event pair with clear margin,462,Azacitidine-QT,0,462,tramadol,,tramadol,hypoglycemia,hypoglycemia,Tramadol-Hypoglycemia=462; Azacitidine-QT=0; Baricitinib-Hypersensitivity=0; Erenumab-Stroke=0
11965212-1,Tramadol-Hypoglycemia,high,No,annotated drug-event pair with clear margin,462,Azacitidine-QT,0,462,tramadol,,tramadol,hypoglycemia,hypoglycemia,Tramadol-Hypoglycemia=462; Azacitidine-QT=0; Baricitinib-Hypersensitivity=0; Erenumab-Stroke=0
12045875-3,Azacitidine-QT,medium,No,annotated target drug without strong event evidence,88,Baricitinib-Hypersensitivity,0,88,,azacytidine,azacytidine,,,Azacitidine-QT=88; Baricitinib-Hypersensitivity=0; Erenumab-Stroke=0; Tramadol-Hypoglycemia=0
12046279-2,Azacitidine-QT,medium,No,annotated target drug without strong event evidence,180,Baricitinib-Hypersensitivity,0,180,azacitidine,,azacitidine,,,Azacitidine-QT=180; Baricitinib-Hypersensitivity=0; Erenumab-Stroke=0; Tramadol-Hypoglycemia=0
12065967-1,Tramadol-Hypoglycemia,high,No,annotated drug-event pair with clear margin,930,Azacitidine-QT,0,930,tramadol,,tramadol,hypoglycemia,hypoglycemia,Tramadol-Hypoglycemia=930; Azacitidine-QT=0; Baricitinib-Hypersensitivity=0; Erenumab-Stroke=0
12099736-3,Tramadol-Hypoglycemia,high,No,annotated drug-event pair with clear margin,918,Azacitidine-QT,0,918,tramadol,,tramadol,hypoglycemia,hypoglycemia,Tramadol-Hypoglycemia=918; Azacitidine-QT=0; Baricitinib-Hypersensitivity=0; Erenumab-Stroke=0
12105564-1,Tramadol-Hypoglycemia,high,No,suspect drug plus event evidence,390,Azacitidine-QT,0,390,tramadol,,tramadol,,hypoglycemia,Tramadol-Hypoglycemia=390; Azacitidine-QT=0; Baricitinib-Hypersensitivity=0; Erenumab-Stroke=0
12131555-1,Azacitidine-QT,medium,No,annotated target drug without strong event evidence,180,Baricitinib-Hypersensitivity,0,180,,azacitidine; 5-azacytidine,azacitidine; 5-azacytidine,,,Azacitidine-QT=180; Baricitinib-Hypersensitivity=0; Erenumab-Stroke=0; Tramadol-Hypoglycemia=0
12133536-1,Tramadol-Hypoglycemia,high,No,annotated drug-event pair with clear margin,786,Azacitidine-QT,0,786,tramadol,,tramadol,hypoglycemia,hypoglycemia,Tramadol-Hypoglycemia=786; Azacitidine-QT=0; Baricitinib-Hypersensitivity=0; Erenumab-Stroke=0
12238869-1,Azacitidine-QT,medium,No,annotated target drug without strong event evidence,180,Baricitinib-Hypersensitivity,0,180,Vidaza,,Vidaza,,,Azacitidine-QT=180; Baricitinib-Hypersensitivity=0; Erenumab-Stroke=0; Tramadol-Hypoglycemia=0
12305222-1,Azacitidine-QT,medium,No,annotated target drug without strong event evidence,144,Baricitinib-Hypersensitivity,0,144,azacitidine,,azacitidine,,,Azacitidine-QT=144; Baricitinib-Hypersensitivity=0; Erenumab-Stroke=0; Tramadol-Hypoglycemia=0
12318040-1,Tramadol-Hypoglycemia,high,No,annotated drug-event pair with clear margin,750,Azacitidine-QT,0,750,tramadol,,tramadol,hypoglycemia,hypoglycemia,Tramadol-Hypoglycemia=750; Azacitidine-QT=0; Baricitinib-Hypersensitivity=0; Erenumab-Stroke=0
12391216-1,Azacitidine-QT,high,No,annotated drug-event pair with clear margin,840,Baricitinib-Hypersensitivity,0,840,azacitidine,,azacitidine; Vidaza,QT prolongation,QT prolongation,Azacitidine-QT=840; Baricitinib-Hypersensitivity=0; Erenumab-Stroke=0; Tramadol-Hypoglycemia=0
12402964-1,Azacitidine-QT,medium,No,annotated target drug without strong event evidence,340,Baricitinib-Hypersensitivity,0,340,azacitidine,Vidaza,azacitidine; Vidaza,,,Azacitidine-QT=340; Baricitinib-Hypersensitivity=0; Erenumab-Stroke=0; Tramadol-Hypoglycemia=0
12440420-1,Tramadol-Hypoglycemia,high,No,annotated drug-event pair with clear margin,414,Azacitidine-QT,0,414,tramadol,,tramadol,hypoglycemia,hypoglycemia,Tramadol-Hypoglycemia=414; Azacitidine-QT=0; Baricitinib-Hypersensitivity=0; Erenumab-Stroke=0
12453087-2,Azacitidine-QT,medium,No,annotated target drug without strong event evidence,168,Baricitinib-Hypersensitivity,0,168,Vidaza,,azacitidine; Vidaza,,,Azacitidine-QT=168; Baricitinib-Hypersensitivity=0; Erenumab-Stroke=0; Tramadol-Hypoglycemia=0
12453630-4,Tramadol-Hypoglycemia,high,No,annotated drug-event pair with clear margin,678,Erenumab-Stroke,24,654,tramadol,,tramadol,hypoglycemia,hypoglycemia,Tramadol-Hypoglycemia=678; Erenumab-Stroke=24; Azacitidine-QT=0; Baricitinib-Hypersensitivity=0
12517567-2,Azacitidine-QT,high,No,annotated drug-event pair with clear margin,670,Baricitinib-Hypersensitivity,0,670,azacitidine,Vidaza,azacitidine; Vidaza,QT prolongation,QT prolongation,Azacitidine-QT=670; Baricitinib-Hypersensitivity=0; Erenumab-Stroke=0; Tramadol-Hypoglycemia=0
12550015-4,Tramadol-Hypoglycemia,high,No,annotated drug-event pair with clear margin,970,Baricitinib-Hypersensitivity,12,958,tramadol; Tramacet,tramadol,tramadol; Tramacet,hypoglycemia,hypoglycemia,Tramadol-Hypoglycemia=970; Baricitinib-Hypersensitivity=12; Azacitidine-QT=0; Erenumab-Stroke=0
12598534-1,Tramadol-Hypoglycemia,high,No,annotated drug-event pair with clear margin,906,Azacitidine-QT,0,906,tramadol; Tramal,,tramadol; Tramal,hypoglycemia,hypoglycemia,Tramadol-Hypoglycemia=906; Azacitidine-QT=0; Baricitinib-Hypersensitivity=0; Erenumab-Stroke=0
12607941-1,Tramadol-Hypoglycemia,high,No,annotated drug-event pair with clear margin,774,Azacitidine-QT,0,774,tramadol,,tramadol,hypoglycemia,hypoglycemia,Tramadol-Hypoglycemia=774; Azacitidine-QT=0; Baricitinib-Hypersensitivity=0; Erenumab-Stroke=0
12621315-1,Tramadol-Hypoglycemia,high,No,annotated drug-event pair with clear margin,654,Azacitidine-QT,0,654,tramadol,,tramadol,low glucose,low glucose,Tramadol-Hypoglycemia=654; Azacitidine-QT=0; Baricitinib-Hypersensitivity=0; Erenumab-Stroke=0
12676172-1,Tramadol-Hypoglycemia,medium,No,annotated target drug without strong event evidence,120,Azacitidine-QT,0,120,tramadol,,,,,Tramadol-Hypoglycemia=120; Azacitidine-QT=0; Baricitinib-Hypersensitivity=0; Erenumab-Stroke=0
12707367-2,Tramadol-Hypoglycemia,high,No,annotated drug-event pair with clear margin,552,Azacitidine-QT,0,552,tramadol,,tramadol,hypoglycemia,hypoglycemia,Tramadol-Hypoglycemia=552; Azacitidine-QT=0; Baricitinib-Hypersensitivity=0; Erenumab-Stroke=0
12716925-1,Tramadol-Hypoglycemia,high,No,annotated drug-event pair with clear margin,738,Azacitidine-QT,0,738,tramadol,,tramadol,hypoglycemia,hypoglycemia,Tramadol-Hypoglycemia=738; Azacitidine-QT=0; Baricitinib-Hypersensitivity=0; Erenumab-Stroke=0
12717284-2,Tramadol-Hypoglycemia,high,No,annotated drug-event pair with clear margin,486,Erenumab-Stroke,24,462,tramadol,,tramadol,hypoglycemia,hypoglycemia,Tramadol-Hypoglycemia=486; Erenumab-Stroke=24; Azacitidine-QT=0; Baricitinib-Hypersensitivity=0
12753188-1,Tramadol-Hypoglycemia,high,No,annotated drug-event pair with clear margin,600,Azacitidine-QT,0,600,tramadol,,tramadol,hypoglycemia,hypoglycemia,Tramadol-Hypoglycemia=600; Azacitidine-QT=0; Baricitinib-Hypersensitivity=0; Erenumab-Stroke=0
12790074-5,Azacitidine-QT,high,No,annotated drug-event pair with clear margin,510,Baricitinib-Hypersensitivity,0,510,Vidaza,,Vidaza,ventricular arrhythmia,ventricular arrhythmia,Azacitidine-QT=510; Baricitinib-Hypersensitivity=0; Erenumab-Stroke=0; Tramadol-Hypoglycemia=0
12799489-3,Tramadol-Hypoglycemia,high,No,annotated drug-event pair with clear margin,474,Azacitidine-QT,0,474,tramadol,,tramadol,hypoglycemia,hypoglycemia,Tramadol-Hypoglycemia=474; Azacitidine-QT=0; Baricitinib-Hypersensitivity=0; Erenumab-Stroke=0
12817565-1,Tramadol-Hypoglycemia,high,No,annotated drug-event pair with clear margin,774,Azacitidine-QT,0,774,tramadol,,tramadol,hypoglycemia,hypoglycemia,Tramadol-Hypoglycemia=774; Azacitidine-QT=0; Baricitinib-Hypersensitivity=0; Erenumab-Stroke=0
12822660-2,Tramadol-Hypoglycemia,high,No,annotated drug-event pair with clear margin,690,Azacitidine-QT,0,690,tramadol,,tramadol,hypoglycemia,hypoglycemia,Tramadol-Hypoglycemia=690; Azacitidine-QT=0; Baricitinib-Hypersensitivity=0; Erenumab-Stroke=0
12846503-2,Tramadol-Hypoglycemia,high,No,annotated drug-event pair with clear margin,690,Azacitidine-QT,0,690,tramadol,,tramadol,hypoglycemia,hypoglycemia,Tramadol-Hypoglycemia=690; Azacitidine-QT=0; Baricitinib-Hypersensitivity=0; Erenumab-Stroke=0
12852775-2,Tramadol-Hypoglycemia,high,No,annotated drug-event pair with clear margin,540,Azacitidine-QT,0,540,tramadol,,tramadol,hypoglycemia,hypoglycemia,Tramadol-Hypoglycemia=540; Azacitidine-QT=0; Baricitinib-Hypersensitivity=0; Erenumab-Stroke=0
12861333-5,Tramadol-Hypoglycemia,high,No,annotated drug-event pair with clear margin,930,Azacitidine-QT,0,930,tramadol,,tramadol,hypoglycemia,hypoglycemia,Tramadol-Hypoglycemia=930; Azacitidine-QT=0; Baricitinib-Hypersensitivity=0; Erenumab-Stroke=0
12899513-3,Azacitidine-QT,medium,No,annotated target drug without strong event evidence,132,Baricitinib-Hypersensitivity,0,132,Vidaza,,Vidaza,,,Azacitidine-QT=132; Baricitinib-Hypersensitivity=0; Erenumab-Stroke=0; Tramadol-Hypoglycemia=0
12938493-5,Azacitidine-QT,medium,No,annotated target drug without strong event evidence,300,Baricitinib-Hypersensitivity,0,300,azacitidine,,azacitidine,,,Azacitidine-QT=300; Baricitinib-Hypersensitivity=0; Erenumab-Stroke=0; Tramadol-Hypoglycemia=0
12949753-6,Tramadol-Hypoglycemia,medium,No,annotated target drug without strong event evidence,156,Azacitidine-QT,0,156,tramadol,,tramadol,,,Tramadol-Hypoglycemia=156; Azacitidine-QT=0; Baricitinib-Hypersensitivity=0; Erenumab-Stroke=0
12962121-5,Azacitidine-QT,medium,No,annotated target drug without strong event evidence,168,Baricitinib-Hypersensitivity,0,168,azacitidine,,azacitidine,,,Azacitidine-QT=168; Baricitinib-Hypersensitivity=0; Erenumab-Stroke=0; Tramadol-Hypoglycemia=0
13063511-1,Tramadol-Hypoglycemia,high,No,annotated drug-event pair with clear margin,552,Azacitidine-QT,0,552,tramadol,,tramadol,hypoglycemia,hypoglycemia,Tramadol-Hypoglycemia=552; Azacitidine-QT=0; Baricitinib-Hypersensitivity=0; Erenumab-Stroke=0
13068312-6,Azacitidine-QT,medium,No,annotated target drug without strong event evidence,180,Baricitinib-Hypersensitivity,0,180,azacitidine,,azacitidine,,,Azacitidine-QT=180; Baricitinib-Hypersensitivity=0; Erenumab-Stroke=0; Tramadol-Hypoglycemia=0
13081542-1,Tramadol-Hypoglycemia,high,No,annotated drug-event pair with clear margin,930,Azacitidine-QT,0,930,tramadol; Ultram,,tramadol; Ultram,hypoglycemia,hypoglycemia,Tramadol-Hypoglycemia=930; Azacitidine-QT=0; Baricitinib-Hypersensitivity=0; Erenumab-Stroke=0
13122445-5,Tramadol-Hypoglycemia,high,No,annotated drug-event pair with clear margin,660,Azacitidine-QT,318,342,tramadol,,tramadol,hypoglycemia,hypoglycemia,Tramadol-Hypoglycemia=660; Azacitidine-QT=318; Baricitinib-Hypersensitivity=0; Erenumab-Stroke=0
13134280-2,Tramadol-Hypoglycemia,high,No,annotated drug-event pair with clear margin,562,Azacitidine-QT,0,562,,tramadol,tramadol,hypoglycemia,hypoglycemia,Tramadol-Hypoglycemia=562; Azacitidine-QT=0; Baricitinib-Hypersensitivity=0; Erenumab-Stroke=0
13144092-1,Tramadol-Hypoglycemia,high,No,annotated drug-event pair with clear margin,798,Azacitidine-QT,0,798,tramadol,,tramadol,hypoglycemia,hypoglycemia,Tramadol-Hypoglycemia=798; Azacitidine-QT=0; Baricitinib-Hypersensitivity=0; Erenumab-Stroke=0
13185047-2,Azacitidine-QT,medium,No,annotated target drug without strong event evidence,168,Baricitinib-Hypersensitivity,0,168,Vidaza,,Vidaza,,,Azacitidine-QT=168; Baricitinib-Hypersensitivity=0; Erenumab-Stroke=0; Tramadol-Hypoglycemia=0
13187807-1,Azacitidine-QT,medium,No,annotated target drug without strong event evidence,300,Baricitinib-Hypersensitivity,0,300,azacitidine; Vidaza,,azacitidine; Vidaza,,,Azacitidine-QT=300; Baricitinib-Hypersensitivity=0; Erenumab-Stroke=0; Tramadol-Hypoglycemia=0
13260857-1,Tramadol-Hypoglycemia,high,No,annotated drug-event pair with clear margin,654,Azacitidine-QT,0,654,tramadol,,tramadol,hypoglycemia,hypoglycemia,Tramadol-Hypoglycemia=654; Azacitidine-QT=0; Baricitinib-Hypersensitivity=0; Erenumab-Stroke=0
13268901-1,Tramadol-Hypoglycemia,high,No,annotated drug-event pair with clear margin,786,Azacitidine-QT,0,786,tramadol,,tramadol,hypoglycemia,hypoglycemia,Tramadol-Hypoglycemia=786; Azacitidine-QT=0; Baricitinib-Hypersensitivity=0; Erenumab-Stroke=0
13268980-1,Azacitidine-QT,medium,No,annotated target drug without strong event evidence,180,Baricitinib-Hypersensitivity,0,180,azacitidine,,azacitidine,,,Azacitidine-QT=180; Baricitinib-Hypersensitivity=0; Erenumab-Stroke=0; Tramadol-Hypoglycemia=0
13273300-1,Azacitidine-QT,medium,No,annotated target drug without strong event evidence,156,Baricitinib-Hypersensitivity,0,156,Vidaza,,Vidaza,,,Azacitidine-QT=156; Baricitinib-Hypersensitivity=0; Erenumab-Stroke=0; Tramadol-Hypoglycemia=0
13348046-1,Tramadol-Hypoglycemia,high,No,annotated drug-event pair with clear margin,930,Azacitidine-QT,0,930,tramadol,,tramadol,hypoglycemia,hypoglycemia,Tramadol-Hypoglycemia=930; Azacitidine-QT=0; Baricitinib-Hypersensitivity=0; Erenumab-Stroke=0
13366175-1,Tramadol-Hypoglycemia,high,No,annotated drug-event pair with clear margin,918,Azacitidine-QT,0,918,tramadol,,tramadol,hypoglycemia,hypoglycemia,Tramadol-Hypoglycemia=918; Azacitidine-QT=0; Baricitinib-Hypersensitivity=0; Erenumab-Stroke=0
13439962-2,Azacitidine-QT,medium,No,annotated target drug without strong event evidence,420,Baricitinib-Hypersensitivity,0,420,azacitidine; azacytidine,,azacitidine; 5-azacytidine; azacytidine,,,Azacitidine-QT=420; Baricitinib-Hypersensitivity=0; Erenumab-Stroke=0; Tramadol-Hypoglycemia=0
13495255-2,Tramadol-Hypoglycemia,high,No,annotated drug-event pair with clear margin,414,Azacitidine-QT,0,414,tramadol,,tramadol,hypoglycemia,hypoglycemia,Tramadol-Hypoglycemia=414; Azacitidine-QT=0; Baricitinib-Hypersensitivity=0; Erenumab-Stroke=0
13503415-1,Tramadol-Hypoglycemia,high,No,annotated drug-event pair with clear margin,906,Azacitidine-QT,0,906,tramadol,,tramadol,hypoglycemia,hypoglycemia,Tramadol-Hypoglycemia=906; Azacitidine-QT=0; Baricitinib-Hypersensitivity=0; Erenumab-Stroke=0
13574005-1,Tramadol-Hypoglycemia,high,No,annotated drug-event pair with clear margin,516,Azacitidine-QT,0,516,tramadol,,tramadol,hypoglycemia,hypoglycemia,Tramadol-Hypoglycemia=516; Azacitidine-QT=0; Baricitinib-Hypersensitivity=0; Erenumab-Stroke=0
13576167-1,Tramadol-Hypoglycemia,high,No,annotated drug-event pair with clear margin,930,Azacitidine-QT,0,930,tramadol,,tramadol,hypoglycemia,hypoglycemia,Tramadol-Hypoglycemia=930; Azacitidine-QT=0; Baricitinib-Hypersensitivity=0; Erenumab-Stroke=0
13585601-1,Tramadol-Hypoglycemia,high,No,annotated drug-event pair with clear margin,630,Azacitidine-QT,0,630,tramadol,,tramadol,hypoglycemia,hypoglycemia,Tramadol-Hypoglycemia=630; Azacitidine-QT=0; Baricitinib-Hypersensitivity=0; Erenumab-Stroke=0
13608942-3,Azacitidine-QT,medium,No,annotated target drug without strong event evidence,100,Baricitinib-Hypersensitivity,0,100,,azacytidine,azacitidine; 5-azacytidine; azacytidine,,,Azacitidine-QT=100; Baricitinib-Hypersensitivity=0; Erenumab-Stroke=0; Tramadol-Hypoglycemia=0
13620143-1,Tramadol-Hypoglycemia,high,No,annotated drug-event pair with clear margin,414,Azacitidine-QT,0,414,tramadol,,tramadol,hypoglycemia,hypoglycemia,Tramadol-Hypoglycemia=414; Azacitidine-QT=0; Baricitinib-Hypersensitivity=0; Erenumab-Stroke=0
13778727-2,Azacitidine-QT,medium,No,annotated target drug without strong event evidence,180,Baricitinib-Hypersensitivity,0,180,azacitidine,,azacitidine,,,Azacitidine-QT=180; Baricitinib-Hypersensitivity=0; Erenumab-Stroke=0; Tramadol-Hypoglycemia=0
13919427-1,Tramadol-Hypoglycemia,high,No,annotated drug-event pair with clear margin,918,Azacitidine-QT,0,918,Ixprim,,Ixprim,hypoglycemia,hypoglycemia,Tramadol-Hypoglycemia=918; Azacitidine-QT=0; Baricitinib-Hypersensitivity=0; Erenumab-Stroke=0
13930105-1,Tramadol-Hypoglycemia,high,No,annotated drug-event pair with clear margin,918,Azacitidine-QT,0,918,tramadol; Ixprim,,tramadol; Ixprim,hypoglycemia,hypoglycemia,Tramadol-Hypoglycemia=918; Azacitidine-QT=0; Baricitinib-Hypersensitivity=0; Erenumab-Stroke=0
13934467-2,Tramadol-Hypoglycemia,high,No,annotated drug-event pair with clear margin,630,Azacitidine-QT,0,630,tramadol,,tramadol,hypoglycemia,hypoglycemia,Tramadol-Hypoglycemia=630; Azacitidine-QT=0; Baricitinib-Hypersensitivity=0; Erenumab-Stroke=0
13955817-1,Azacitidine-QT,medium,No,annotated target drug without strong event evidence,260,Baricitinib-Hypersensitivity,0,260,Vidaza,azacitidine,azacitidine; Vidaza,,,Azacitidine-QT=260; Baricitinib-Hypersensitivity=0; Erenumab-Stroke=0; Tramadol-Hypoglycemia=0
13965794-5,Tramadol-Hypoglycemia,high,No,suspect drug plus event evidence,522,Azacitidine-QT,0,522,tramadol,,tramadol,,hypoglycemia,Tramadol-Hypoglycemia=522; Azacitidine-QT=0; Baricitinib-Hypersensitivity=0; Erenumab-Stroke=0
13967325-2,Tramadol-Hypoglycemia,medium,No,drug-event evidence with positive margin,432,Erenumab-Stroke,12,420,,,tramadol,hypoglycemia,hypoglycemia,Tramadol-Hypoglycemia=432; Erenumab-Stroke=12; Azacitidine-QT=0; Baricitinib-Hypersensitivity=0
14000768-4,Azacitidine-QT,high,No,annotated drug-event pair with clear margin,498,Baricitinib-Hypersensitivity,0,498,azacitidine,,azacitidine,ventricular arrhythmia,ventricular arrhythmia,Azacitidine-QT=498; Baricitinib-Hypersensitivity=0; Erenumab-Stroke=0; Tramadol-Hypoglycemia=0
14002628-2,Tramadol-Hypoglycemia,high,No,annotated drug-event pair with clear margin,564,Azacitidine-QT,0,564,tramadol,,tramadol,hypoglycemia,hypoglycemia,Tramadol-Hypoglycemia=564; Azacitidine-QT=0; Baricitinib-Hypersensitivity=0; Erenumab-Stroke=0
14034695-2,Azacitidine-QT,high,No,annotated drug-event pair with clear margin,462,Baricitinib-Hypersensitivity,0,462,azacitidine,,azacitidine,ventricular arrhythmia,ventricular arrhythmia,Azacitidine-QT=462; Baricitinib-Hypersensitivity=0; Erenumab-Stroke=0; Tramadol-Hypoglycemia=0
14044927-3,Azacitidine-QT,medium,No,annotated target drug without strong event evidence,300,Baricitinib-Hypersensitivity,0,300,Vidaza,,Vidaza,,,Azacitidine-QT=300; Baricitinib-Hypersensitivity=0; Erenumab-Stroke=0; Tramadol-Hypoglycemia=0
14069632-1,Tramadol-Hypoglycemia,high,No,annotated drug-event pair with clear margin,894,Azacitidine-QT,0,894,tramadol,,tramadol,hypoglycemia; low glucose,hypoglycemia; low glucose,Tramadol-Hypoglycemia=894; Azacitidine-QT=0; Baricitinib-Hypersensitivity=0; Erenumab-Stroke=0
14112069-3,Azacitidine-QT,high,No,annotated drug-event pair with clear margin,600,Baricitinib-Hypersensitivity,0,600,azacitidine,,azacitidine,ventricular arrhythmia,ventricular arrhythmia,Azacitidine-QT=600; Baricitinib-Hypersensitivity=0; Erenumab-Stroke=0; Tramadol-Hypoglycemia=0
14152135-1,Azacitidine-QT,high,No,annotated drug-event pair with clear margin,540,Baricitinib-Hypersensitivity,12,528,azacitidine,,azacitidine,ventricular arrhythmia,ventricular arrhythmia,Azacitidine-QT=540; Baricitinib-Hypersensitivity=12; Erenumab-Stroke=0; Tramadol-Hypoglycemia=0
14184338-1,Tramadol-Hypoglycemia,high,No,annotated drug-event pair with clear margin,660,Azacitidine-QT,0,660,tramadol,,tramadol,hypoglycemia,hypoglycemia,Tramadol-Hypoglycemia=660; Azacitidine-QT=0; Baricitinib-Hypersensitivity=0; Erenumab-Stroke=0
14206166-1,Azacitidine-QT,medium,No,annotated target drug without strong event evidence,300,Baricitinib-Hypersensitivity,0,300,azacitidine; Vidaza,,azacitidine; Vidaza,,,Azacitidine-QT=300; Baricitinib-Hypersensitivity=0; Erenumab-Stroke=0; Tramadol-Hypoglycemia=0
14234310-1,Azacitidine-QT,medium,No,annotated target drug without strong event evidence,156,Baricitinib-Hypersensitivity,0,156,Vidaza,,Vidaza,,,Azacitidine-QT=156; Baricitinib-Hypersensitivity=0; Erenumab-Stroke=0; Tramadol-Hypoglycemia=0
14238847-3,Tramadol-Hypoglycemia,high,No,annotated drug-event pair with clear margin,930,Azacitidine-QT,0,930,tramadol,,tramadol,hypoglycemia,hypoglycemia,Tramadol-Hypoglycemia=930; Azacitidine-QT=0; Baricitinib-Hypersensitivity=0; Erenumab-Stroke=0
14244523-1,Azacitidine-QT,high,No,annotated drug-event pair with clear margin,600,Baricitinib-Hypersensitivity,0,600,Vidaza,,Vidaza,ventricular arrhythmia,ventricular arrhythmia,Azacitidine-QT=600; Baricitinib-Hypersensitivity=0; Erenumab-Stroke=0; Tramadol-Hypoglycemia=0
14322529-1,Tramadol-Hypoglycemia,high,No,annotated drug-event pair with clear margin,918,Azacitidine-QT,0,918,tramadol,,tramadol,hypoglycemia,hypoglycemia,Tramadol-Hypoglycemia=918; Azacitidine-QT=0; Baricitinib-Hypersensitivity=0; Erenumab-Stroke=0
14324463-2,Tramadol-Hypoglycemia,high,No,annotated drug-event pair with clear margin,958,Azacitidine-QT,0,958,tramadol,tramadol,tramadol,hypoglycemia,hypoglycemia,Tramadol-Hypoglycemia=958; Azacitidine-QT=0; Baricitinib-Hypersensitivity=0; Erenumab-Stroke=0
14337421-1,Tramadol-Hypoglycemia,high,No,annotated drug-event pair with clear margin,894,Azacitidine-QT,0,894,tramadol,,tramadol,hypoglycemia,hypoglycemia,Tramadol-Hypoglycemia=894; Azacitidine-QT=0; Baricitinib-Hypersensitivity=0; Erenumab-Stroke=0
14347863-4,Tramadol-Hypoglycemia,high,No,annotated drug-event pair with clear margin,930,Azacitidine-QT,0,930,tramadol,,tramadol,hypoglycemia,hypoglycemia,Tramadol-Hypoglycemia=930; Azacitidine-QT=0; Baricitinib-Hypersensitivity=0; Erenumab-Stroke=0
14369574-2,Erenumab-Stroke,high,No,annotated drug-event pair with clear margin,576,Azacitidine-QT,0,576,Aimovig,,Aimovig,stroke; cerebrovascular accident,stroke; cerebrovascular accident,Erenumab-Stroke=576; Azacitidine-QT=0; Baricitinib-Hypersensitivity=0; Tramadol-Hypoglycemia=0
14412284-1,Tramadol-Hypoglycemia,high,No,annotated drug-event pair with clear margin,882,Azacitidine-QT,0,882,tramadol,,tramadol,hypoglycemia,hypoglycemia,Tramadol-Hypoglycemia=882; Azacitidine-QT=0; Baricitinib-Hypersensitivity=0; Erenumab-Stroke=0
14436628-1,Tramadol-Hypoglycemia,high,No,annotated drug-event pair with clear margin,690,Azacitidine-QT,0,690,tramadol,,tramadol,hypoglycemia,hypoglycemia,Tramadol-Hypoglycemia=690; Azacitidine-QT=0; Baricitinib-Hypersensitivity=0; Erenumab-Stroke=0
14474184-6,Azacitidine-QT,high,No,annotated drug-event pair with clear margin,690,Erenumab-Stroke,12,678,azacitidine,,azacitidine,torsade,torsade,Azacitidine-QT=690; Erenumab-Stroke=12; Baricitinib-Hypersensitivity=0; Tramadol-Hypoglycemia=0
14508717-1,Tramadol-Hypoglycemia,high,No,annotated drug-event pair with clear margin,918,Azacitidine-QT,0,918,tramadol,,tramadol,hypoglycemia,hypoglycemia,Tramadol-Hypoglycemia=918; Azacitidine-QT=0; Baricitinib-Hypersensitivity=0; Erenumab-Stroke=0
14656266-2,Baricitinib-Hypersensitivity,medium,No,annotated target drug without strong event evidence,144,Azacitidine-QT,0,144,baricitinib,,baricitinib,,,Baricitinib-Hypersensitivity=144; Azacitidine-QT=0; Erenumab-Stroke=0; Tramadol-Hypoglycemia=0
14666117-2,Azacitidine-QT,medium,No,annotated target drug without strong event evidence,180,Baricitinib-Hypersensitivity,0,180,azacitidine,,azacitidine,,,Azacitidine-QT=180; Baricitinib-Hypersensitivity=0; Erenumab-Stroke=0; Tramadol-Hypoglycemia=0
14685872-1,Tramadol-Hypoglycemia,high,No,annotated drug-event pair with clear margin,786,Azacitidine-QT,0,786,tramadol,,tramadol,hypoglycemia,hypoglycemia,Tramadol-Hypoglycemia=786; Azacitidine-QT=0; Baricitinib-Hypersensitivity=0; Erenumab-Stroke=0
14690202-1,Tramadol-Hypoglycemia,high,No,annotated drug-event pair with clear margin,426,Azacitidine-QT,0,426,tramadol,,tramadol,hypoglycemia,hypoglycemia,Tramadol-Hypoglycemia=426; Azacitidine-QT=0; Baricitinib-Hypersensitivity=0; Erenumab-Stroke=0
14701086-2,Tramadol-Hypoglycemia,high,No,annotated drug-event pair with clear margin,882,Azacitidine-QT,306,576,tramadol,,tramadol,hypoglycemia,hypoglycemia,Tramadol-Hypoglycemia=882; Azacitidine-QT=306; Baricitinib-Hypersensitivity=0; Erenumab-Stroke=0
14726257-1,Tramadol-Hypoglycemia,high,No,annotated drug-event pair with clear margin,780,Azacitidine-QT,0,780,tramadol,,tramadol,hypoglycemia,hypoglycemia,Tramadol-Hypoglycemia=780; Azacitidine-QT=0; Baricitinib-Hypersensitivity=0; Erenumab-Stroke=0
14740695-3,Azacitidine-QT,medium,No,annotated target drug without strong event evidence,180,Baricitinib-Hypersensitivity,0,180,azacitidine,,azacitidine,,,Azacitidine-QT=180; Baricitinib-Hypersensitivity=0; Erenumab-Stroke=0; Tramadol-Hypoglycemia=0
14746245-3,Tramadol-Hypoglycemia,high,No,annotated drug-event pair with clear margin,930,Azacitidine-QT,0,930,tramadol,,tramadol,hypoglycemia,hypoglycemia; low glucose,Tramadol-Hypoglycemia=930; Azacitidine-QT=0; Baricitinib-Hypersensitivity=0; Erenumab-Stroke=0
14753623-1,Tramadol-Hypoglycemia,high,No,annotated drug-event pair with clear margin,930,Azacitidine-QT,0,930,tramadol,,tramadol,hypoglycemia,hypoglycemia,Tramadol-Hypoglycemia=930; Azacitidine-QT=0; Baricitinib-Hypersensitivity=0; Erenumab-Stroke=0
14781646-1,Tramadol-Hypoglycemia,high,No,annotated drug-event pair with clear margin,840,Azacitidine-QT,0,840,tramadol,,tramadol,hypoglycemia,hypoglycemia,Tramadol-Hypoglycemia=840; Azacitidine-QT=0; Baricitinib-Hypersensitivity=0; Erenumab-Stroke=0
14833503-2,Tramadol-Hypoglycemia,high,No,annotated drug-event pair with clear margin,690,Azacitidine-QT,0,690,tramadol,,tramadol,hypoglycemia,hypoglycemia,Tramadol-Hypoglycemia=690; Azacitidine-QT=0; Baricitinib-Hypersensitivity=0; Erenumab-Stroke=0
14837540-2,Baricitinib-Hypersensitivity,medium,No,annotated target drug without strong event evidence,144,Azacitidine-QT,0,144,baricitinib,,baricitinib,,,Baricitinib-Hypersensitivity=144; Azacitidine-QT=0; Erenumab-Stroke=0; Tramadol-Hypoglycemia=0
14838374-3,Baricitinib-Hypersensitivity,medium,No,annotated target drug without strong event evidence,300,Azacitidine-QT,0,300,baricitinib; Olumiant,,baricitinib; Olumiant,,,Baricitinib-Hypersensitivity=300; Azacitidine-QT=0; Erenumab-Stroke=0; Tramadol-Hypoglycemia=0
14851199-1,Tramadol-Hypoglycemia,high,No,annotated drug-event pair with clear margin,666,Azacitidine-QT,0,666,tramadol,,tramadol,hypoglycemia,hypoglycemia,Tramadol-Hypoglycemia=666; Azacitidine-QT=0; Baricitinib-Hypersensitivity=0; Erenumab-Stroke=0
14869580-5,Azacitidine-QT,medium,No,annotated target drug without strong event evidence,180,Baricitinib-Hypersensitivity,0,180,azacitidine,,azacitidine,,,Azacitidine-QT=180; Baricitinib-Hypersensitivity=0; Erenumab-Stroke=0; Tramadol-Hypoglycemia=0
14892369-1,Azacitidine-QT,medium,No,annotated target drug without strong event evidence,396,Baricitinib-Hypersensitivity,0,396,azacitidine,,azacitidine,,,Azacitidine-QT=396; Baricitinib-Hypersensitivity=0; Erenumab-Stroke=0; Tramadol-Hypoglycemia=0
14903472-1,Tramadol-Hypoglycemia,high,No,annotated drug-event pair with clear margin,474,Azacitidine-QT,0,474,tramadol,,tramadol,hypoglycemia,hypoglycemia,Tramadol-Hypoglycemia=474; Azacitidine-QT=0; Baricitinib-Hypersensitivity=0; Erenumab-Stroke=0
15004497-4,Azacitidine-QT,medium,No,annotated target drug without strong event evidence,180,Baricitinib-Hypersensitivity,0,180,Vidaza,,Vidaza,,,Azacitidine-QT=180; Baricitinib-Hypersensitivity=0; Erenumab-Stroke=0; Tramadol-Hypoglycemia=0
15012529-1,Tramadol-Hypoglycemia,high,No,annotated drug-event pair with clear margin,894,Azacitidine-QT,0,894,tramadol,,tramadol,hypoglycemia,hypoglycemia,Tramadol-Hypoglycemia=894; Azacitidine-QT=0; Baricitinib-Hypersensitivity=0; Erenumab-Stroke=0
15028137-1,Tramadol-Hypoglycemia,medium,No,drug-event evidence with positive margin,366,Azacitidine-QT,0,366,,,tramadol,hypoglycemia,hypoglycemia,Tramadol-Hypoglycemia=366; Azacitidine-QT=0; Baricitinib-Hypersensitivity=0; Erenumab-Stroke=0
15064870-1,Tramadol-Hypoglycemia,high,No,annotated drug-event pair with clear margin,474,Azacitidine-QT,0,474,tramadol,,tramadol,hypoglycemia,hypoglycemia,Tramadol-Hypoglycemia=474; Azacitidine-QT=0; Baricitinib-Hypersensitivity=0; Erenumab-Stroke=0
15070166-15,Erenumab-Stroke,high,No,suspect drug plus event evidence,282,Azacitidine-QT,0,282,Aimovig,,erenumab; Aimovig,,stroke,Erenumab-Stroke=282; Azacitidine-QT=0; Baricitinib-Hypersensitivity=0; Tramadol-Hypoglycemia=0
15096207-1,Baricitinib-Hypersensitivity,medium,No,annotated target drug without strong event evidence,300,Azacitidine-QT,0,300,baricitinib; Olumiant,,baricitinib; Olumiant,,,Baricitinib-Hypersensitivity=300; Azacitidine-QT=0; Erenumab-Stroke=0; Tramadol-Hypoglycemia=0
15101665-2,Baricitinib-Hypersensitivity,medium,No,annotated target drug without strong event evidence,132,Azacitidine-QT,0,132,baricitinib,,baricitinib,,,Baricitinib-Hypersensitivity=132; Azacitidine-QT=0; Erenumab-Stroke=0; Tramadol-Hypoglycemia=0
15103724-5,Azacitidine-QT,low,Yes,"weak, incomplete, or competing evidence",48,Baricitinib-Hypersensitivity,0,48,,,azacitidine,,,Azacitidine-QT=48; Baricitinib-Hypersensitivity=0; Erenumab-Stroke=0; Tramadol-Hypoglycemia=0
15106919-2,Tramadol-Hypoglycemia,high,No,annotated drug-event pair with clear margin,690,Azacitidine-QT,0,690,tramadol,,tramadol,hypoglycemia,hypoglycemia,Tramadol-Hypoglycemia=690; Azacitidine-QT=0; Baricitinib-Hypersensitivity=0; Erenumab-Stroke=0
15111515-2,Baricitinib-Hypersensitivity,medium,No,annotated target drug without strong event evidence,420,Azacitidine-QT,0,420,baricitinib; Olumiant,,baricitinib; Olumiant,,,Baricitinib-Hypersensitivity=420; Azacitidine-QT=0; Erenumab-Stroke=0; Tramadol-Hypoglycemia=0
15129666-16,Azacitidine-QT,medium,No,annotated target drug without strong event evidence,180,Baricitinib-Hypersensitivity,0,180,azacitidine,,azacitidine,,,Azacitidine-QT=180; Baricitinib-Hypersensitivity=0; Erenumab-Stroke=0; Tramadol-Hypoglycemia=0
15147330-1,Erenumab-Stroke,medium,No,annotated target drug without strong event evidence,276,Azacitidine-QT,0,276,erenumab; Aimovig,,erenumab; Aimovig,,,Erenumab-Stroke=276; Azacitidine-QT=0; Baricitinib-Hypersensitivity=0; Tramadol-Hypoglycemia=0
15147342-1,Erenumab-Stroke,medium,No,annotated target drug without strong event evidence,144,Azacitidine-QT,0,144,Aimovig,,Aimovig,,,Erenumab-Stroke=144; Azacitidine-QT=0; Baricitinib-Hypersensitivity=0; Tramadol-Hypoglycemia=0
15148245-7,Azacitidine-QT,medium,No,annotated target drug without strong event evidence,220,Baricitinib-Hypersensitivity,0,220,Vidaza,azacitidine,azacitidine; Vidaza,,,Azacitidine-QT=220; Baricitinib-Hypersensitivity=0; Erenumab-Stroke=0; Tramadol-Hypoglycemia=0
15169598-6,Erenumab-Stroke,high,No,annotated drug-event pair with clear margin,798,Azacitidine-QT,0,798,Aimovig,,Aimovig,stroke; cerebrovascular accident,stroke; cerebrovascular accident,Erenumab-Stroke=798; Azacitidine-QT=0; Baricitinib-Hypersensitivity=0; Tramadol-Hypoglycemia=0
15171476-4,Erenumab-Stroke,high,No,annotated drug-event pair with clear margin,600,Azacitidine-QT,0,600,Aimovig,,Aimovig,stroke; cerebrovascular accident,stroke; cerebrovascular accident,Erenumab-Stroke=600; Azacitidine-QT=0; Baricitinib-Hypersensitivity=0; Tramadol-Hypoglycemia=0
15188070-2,Azacitidine-QT,medium,No,annotated target drug without strong event evidence,300,Baricitinib-Hypersensitivity,0,300,azacitidine; azacytidine,,azacitidine; azacytidine,,,Azacitidine-QT=300; Baricitinib-Hypersensitivity=0; Erenumab-Stroke=0; Tramadol-Hypoglycemia=0
15196856-3,Azacitidine-QT,medium,No,annotated target drug without strong event evidence,180,Baricitinib-Hypersensitivity,0,180,azacitidine,,azacitidine,,,Azacitidine-QT=180; Baricitinib-Hypersensitivity=0; Erenumab-Stroke=0; Tramadol-Hypoglycemia=0
15200324-1,Erenumab-Stroke,high,No,annotated drug-event pair with clear margin,678,Azacitidine-QT,0,678,Aimovig,,Aimovig,stroke; cerebrovascular accident,stroke; cerebrovascular accident,Erenumab-Stroke=678; Azacitidine-QT=0; Baricitinib-Hypersensitivity=0; Tramadol-Hypoglycemia=0
15208709-2,Azacitidine-QT,medium,No,annotated target drug without strong event evidence,420,Baricitinib-Hypersensitivity,0,420,azacitidine; Vidaza; azacytidine,,azacitidine; Vidaza; azacytidine,,,Azacitidine-QT=420; Baricitinib-Hypersensitivity=0; Erenumab-Stroke=0; Tramadol-Hypoglycemia=0
15219581-2,Baricitinib-Hypersensitivity,medium,No,annotated target drug without strong event evidence,300,Azacitidine-QT,0,300,baricitinib; Olumiant,,baricitinib; Olumiant,,,Baricitinib-Hypersensitivity=300; Azacitidine-QT=0; Erenumab-Stroke=0; Tramadol-Hypoglycemia=0
15225066-1,Erenumab-Stroke,medium,No,annotated target drug without strong event evidence,180,Azacitidine-QT,0,180,Aimovig,,Aimovig,,,Erenumab-Stroke=180; Azacitidine-QT=0; Baricitinib-Hypersensitivity=0; Tramadol-Hypoglycemia=0
15260925-2,Azacitidine-QT,medium,No,annotated target drug without strong event evidence,300,Baricitinib-Hypersensitivity,0,300,azacitidine,,azacitidine,,,Azacitidine-QT=300; Baricitinib-Hypersensitivity=0; Erenumab-Stroke=0; Tramadol-Hypoglycemia=0
15281747-1,Azacitidine-QT,high,No,annotated drug-event pair with clear margin,498,Baricitinib-Hypersensitivity,0,498,azacitidine,,azacitidine,QT prolongation,QT prolongation,Azacitidine-QT=498; Baricitinib-Hypersensitivity=0; Erenumab-Stroke=0; Tramadol-Hypoglycemia=0
15284015-1,Tramadol-Hypoglycemia,medium,No,drug-event evidence with positive margin,174,Azacitidine-QT,0,174,,,tramadol,,hypoglycemia,Tramadol-Hypoglycemia=174; Azacitidine-QT=0; Baricitinib-Hypersensitivity=0; Erenumab-Stroke=0
15287147-1,Erenumab-Stroke,medium,No,annotated target drug without strong event evidence,180,Azacitidine-QT,0,180,Aimovig,,Aimovig,,,Erenumab-Stroke=180; Azacitidine-QT=0; Baricitinib-Hypersensitivity=0; Tramadol-Hypoglycemia=0
15303321-3,Erenumab-Stroke,medium,No,annotated target drug without strong event evidence,180,Azacitidine-QT,0,180,Aimovig,,Aimovig,,,Erenumab-Stroke=180; Azacitidine-QT=0; Baricitinib-Hypersensitivity=0; Tramadol-Hypoglycemia=0
15304087-9,Erenumab-Stroke,medium,No,annotated target drug without strong event evidence,132,Azacitidine-QT,0,132,Aimovig,,Aimovig,,,Erenumab-Stroke=132; Azacitidine-QT=0; Baricitinib-Hypersensitivity=0; Tramadol-Hypoglycemia=0
15309850-3,Erenumab-Stroke,medium,No,annotated target drug without strong event evidence,180,Azacitidine-QT,0,180,Aimovig,,Aimovig,,,Erenumab-Stroke=180; Azacitidine-QT=0; Baricitinib-Hypersensitivity=0; Tramadol-Hypoglycemia=0
15312424-1,Azacitidine-QT,medium,No,annotated target drug without strong event evidence,168,Baricitinib-Hypersensitivity,0,168,Vidaza,,Vidaza,,,Azacitidine-QT=168; Baricitinib-Hypersensitivity=0; Erenumab-Stroke=0; Tramadol-Hypoglycemia=0
15312428-2,Azacitidine-QT,medium,No,annotated target drug without strong event evidence,180,Baricitinib-Hypersensitivity,0,180,Vidaza,,Vidaza,,,Azacitidine-QT=180; Baricitinib-Hypersensitivity=0; Erenumab-Stroke=0; Tramadol-Hypoglycemia=0
15312769-1,Azacitidine-QT,medium,No,annotated target drug without strong event evidence,180,Baricitinib-Hypersensitivity,0,180,azacitidine,,azacitidine,,,Azacitidine-QT=180; Baricitinib-Hypersensitivity=0; Erenumab-Stroke=0; Tramadol-Hypoglycemia=0
15313596-1,Tramadol-Hypoglycemia,high,No,annotated drug-event pair with clear margin,804,Azacitidine-QT,0,804,tramadol,,tramadol,hypoglycemia,hypoglycemia,Tramadol-Hypoglycemia=804; Azacitidine-QT=0; Baricitinib-Hypersensitivity=0; Erenumab-Stroke=0
15333071-2,Erenumab-Stroke,high,No,annotated drug-event pair with clear margin,690,Azacitidine-QT,0,690,Aimovig,,Aimovig,stroke; cerebrovascular accident,stroke; cerebrovascular accident,Erenumab-Stroke=690; Azacitidine-QT=0; Baricitinib-Hypersensitivity=0; Tramadol-Hypoglycemia=0
15341011-1,Azacitidine-QT,medium,No,annotated target drug without strong event evidence,180,Baricitinib-Hypersensitivity,0,180,Vidaza,,Vidaza,,,Azacitidine-QT=180; Baricitinib-Hypersensitivity=0; Erenumab-Stroke=0; Tramadol-Hypoglycemia=0
15343225-2,Erenumab-Stroke,high,No,annotated drug-event pair with clear margin,810,Azacitidine-QT,0,810,Aimovig,,Aimovig,stroke; cerebrovascular accident,stroke; cerebrovascular accident,Erenumab-Stroke=810; Azacitidine-QT=0; Baricitinib-Hypersensitivity=0; Tramadol-Hypoglycemia=0
15362570-2,Baricitinib-Hypersensitivity,high,No,annotated drug-event pair with clear margin,918,Azacitidine-QT,0,918,baricitinib; Olumiant,,baricitinib; Olumiant,angioedema; urticaria,angioedema; urticaria,Baricitinib-Hypersensitivity=918; Azacitidine-QT=0; Erenumab-Stroke=0; Tramadol-Hypoglycemia=0
15388328-3,Erenumab-Stroke,medium,No,annotated target drug without strong event evidence,180,Azacitidine-QT,0,180,Aimovig,,Aimovig,,,Erenumab-Stroke=180; Azacitidine-QT=0; Baricitinib-Hypersensitivity=0; Tramadol-Hypoglycemia=0
15390595-1,Erenumab-Stroke,high,No,annotated drug-event pair with clear margin,588,Azacitidine-QT,0,588,Aimovig,,Aimovig,stroke; cerebrovascular accident,stroke; cerebrovascular accident,Erenumab-Stroke=588; Azacitidine-QT=0; Baricitinib-Hypersensitivity=0; Tramadol-Hypoglycemia=0
15395281-2,Baricitinib-Hypersensitivity,medium,No,annotated target drug without strong event evidence,420,Azacitidine-QT,0,420,baricitinib; Olumiant,,baricitinib; Olumiant,,,Baricitinib-Hypersensitivity=420; Azacitidine-QT=0; Erenumab-Stroke=0; Tramadol-Hypoglycemia=0
15400654-1,Baricitinib-Hypersensitivity,medium,No,annotated target drug without strong event evidence,408,Azacitidine-QT,0,408,baricitinib; Olumiant,,baricitinib; Olumiant,,,Baricitinib-Hypersensitivity=408; Azacitidine-QT=0; Erenumab-Stroke=0; Tramadol-Hypoglycemia=0
15404257-6,Baricitinib-Hypersensitivity,medium,No,annotated target drug without strong event evidence,420,Azacitidine-QT,0,420,baricitinib; Olumiant,,baricitinib; Olumiant,,,Baricitinib-Hypersensitivity=420; Azacitidine-QT=0; Erenumab-Stroke=0; Tramadol-Hypoglycemia=0
15419646-1,Erenumab-Stroke,medium,No,annotated target drug without strong event evidence,180,Azacitidine-QT,0,180,Aimovig,,Aimovig,,,Erenumab-Stroke=180; Azacitidine-QT=0; Baricitinib-Hypersensitivity=0; Tramadol-Hypoglycemia=0
15430567-2,Erenumab-Stroke,high,No,annotated drug-event pair with clear margin,720,Azacitidine-QT,0,720,erenumab; Aimovig,,erenumab; Aimovig,stroke; cerebrovascular accident,stroke; cerebrovascular accident,Erenumab-Stroke=720; Azacitidine-QT=0; Baricitinib-Hypersensitivity=0; Tramadol-Hypoglycemia=0
15446077-1,UNRESOLVED,unclassified,Yes,no target drug or event evidence,0,Baricitinib-Hypersensitivity,0,0,,,,,,Azacitidine-QT=0; Baricitinib-Hypersensitivity=0; Erenumab-Stroke=0; Tramadol-Hypoglycemia=0
15453202-1,Azacitidine-QT,medium,No,annotated target drug without strong event evidence,144,Baricitinib-Hypersensitivity,0,144,Vidaza,,Vidaza,,,Azacitidine-QT=144; Baricitinib-Hypersensitivity=0; Erenumab-Stroke=0; Tramadol-Hypoglycemia=0
15462167-1,Erenumab-Stroke,medium,No,annotated target drug without strong event evidence,168,Azacitidine-QT,0,168,Aimovig,,Aimovig,,,Erenumab-Stroke=168; Azacitidine-QT=0; Baricitinib-Hypersensitivity=0; Tramadol-Hypoglycemia=0
15464764-3,Erenumab-Stroke,low,Yes,"weak, incomplete, or competing evidence",60,Azacitidine-QT,0,60,,,Aimovig,,,Erenumab-Stroke=60; Azacitidine-QT=0; Baricitinib-Hypersensitivity=0; Tramadol-Hypoglycemia=0
15470106-1,Erenumab-Stroke,high,No,annotated drug-event pair with clear margin,588,Azacitidine-QT,0,588,Aimovig,,Aimovig,stroke; cerebrovascular accident,stroke; cerebrovascular accident,Erenumab-Stroke=588; Azacitidine-QT=0; Baricitinib-Hypersensitivity=0; Tramadol-Hypoglycemia=0
15471119-1,Erenumab-Stroke,high,No,annotated drug-event pair with clear margin,498,Azacitidine-QT,0,498,Aimovig,,Aimovig,stroke,stroke,Erenumab-Stroke=498; Azacitidine-QT=0; Baricitinib-Hypersensitivity=0; Tramadol-Hypoglycemia=0
15473201-1,Baricitinib-Hypersensitivity,medium,No,annotated target drug without strong event evidence,420,Azacitidine-QT,0,420,baricitinib; Olumiant,,baricitinib; Olumiant,,,Baricitinib-Hypersensitivity=420; Azacitidine-QT=0; Erenumab-Stroke=0; Tramadol-Hypoglycemia=0
15473227-1,Erenumab-Stroke,high,No,annotated drug-event pair with clear margin,600,Azacitidine-QT,0,600,Aimovig,,Aimovig,stroke; cerebrovascular accident,stroke; cerebrovascular accident,Erenumab-Stroke=600; Azacitidine-QT=0; Baricitinib-Hypersensitivity=0; Tramadol-Hypoglycemia=0
15477190-1,Tramadol-Hypoglycemia,high,No,annotated drug-event pair with clear margin,540,Azacitidine-QT,0,540,tramadol,,tramadol,low glucose,low glucose,Tramadol-Hypoglycemia=540; Azacitidine-QT=0; Baricitinib-Hypersensitivity=0; Erenumab-Stroke=0
15477298-5,Erenumab-Stroke,medium,No,annotated target drug without strong event evidence,180,Azacitidine-QT,0,180,Aimovig,,Aimovig,,,Erenumab-Stroke=180; Azacitidine-QT=0; Baricitinib-Hypersensitivity=0; Tramadol-Hypoglycemia=0
15477831-4,Erenumab-Stroke,medium,No,annotated target drug without strong event evidence,180,Azacitidine-QT,0,180,Aimovig,,Aimovig,,,Erenumab-Stroke=180; Azacitidine-QT=0; Baricitinib-Hypersensitivity=0; Tramadol-Hypoglycemia=0
15479468-4,Baricitinib-Hypersensitivity,high,No,annotated drug-event pair with clear margin,804,Azacitidine-QT,0,804,baricitinib; Olumiant,,baricitinib; Olumiant,hypersensitivity,hypersensitivity,Baricitinib-Hypersensitivity=804; Azacitidine-QT=0; Erenumab-Stroke=0; Tramadol-Hypoglycemia=0
15482788-1,Erenumab-Stroke,high,No,annotated drug-event pair with clear margin,678,Azacitidine-QT,0,678,Aimovig,,Aimovig,stroke; cerebrovascular accident; transient ischemic attack,stroke; cerebrovascular accident; transient ischemic attack; TIA,Erenumab-Stroke=678; Azacitidine-QT=0; Baricitinib-Hypersensitivity=0; Tramadol-Hypoglycemia=0
15486425-1,Baricitinib-Hypersensitivity,medium,No,annotated target drug without strong event evidence,420,Azacitidine-QT,0,420,baricitinib; Olumiant,,baricitinib; Olumiant,,,Baricitinib-Hypersensitivity=420; Azacitidine-QT=0; Erenumab-Stroke=0; Tramadol-Hypoglycemia=0
15494187-2,Baricitinib-Hypersensitivity,high,No,annotated drug-event pair with clear margin,720,Azacitidine-QT,0,720,baricitinib; Olumiant,,baricitinib; Olumiant,hypersensitivity,hypersensitivity,Baricitinib-Hypersensitivity=720; Azacitidine-QT=0; Erenumab-Stroke=0; Tramadol-Hypoglycemia=0
15498726-2,Erenumab-Stroke,high,No,annotated drug-event pair with clear margin,666,Baricitinib-Hypersensitivity,330,336,Aimovig,,Aimovig,stroke,stroke,Erenumab-Stroke=666; Baricitinib-Hypersensitivity=330; Azacitidine-QT=0; Tramadol-Hypoglycemia=0
15499461-1,Tramadol-Hypoglycemia,high,No,annotated drug-event pair with clear margin,546,Azacitidine-QT,0,546,tramadol,,tramadol,hypoglycemia,hypoglycemia,Tramadol-Hypoglycemia=546; Azacitidine-QT=0; Baricitinib-Hypersensitivity=0; Erenumab-Stroke=0
15503865-2,Erenumab-Stroke,high,No,annotated drug-event pair with clear margin,588,Azacitidine-QT,0,588,Aimovig,,Aimovig,stroke,stroke,Erenumab-Stroke=588; Azacitidine-QT=0; Baricitinib-Hypersensitivity=0; Tramadol-Hypoglycemia=0
15503901-1,Erenumab-Stroke,medium,No,annotated target drug without strong event evidence,168,Azacitidine-QT,0,168,Aimovig,,Aimovig,,,Erenumab-Stroke=168; Azacitidine-QT=0; Baricitinib-Hypersensitivity=0; Tramadol-Hypoglycemia=0
15504194-1,Erenumab-Stroke,medium,No,annotated target drug without strong event evidence,180,Azacitidine-QT,0,180,Aimovig,,Aimovig,,,Erenumab-Stroke=180; Azacitidine-QT=0; Baricitinib-Hypersensitivity=0; Tramadol-Hypoglycemia=0
15526649-2,Erenumab-Stroke,medium,No,annotated target drug without strong event evidence,180,Azacitidine-QT,0,180,Aimovig,,Aimovig,,,Erenumab-Stroke=180; Azacitidine-QT=0; Baricitinib-Hypersensitivity=0; Tramadol-Hypoglycemia=0
15531373-1,Tramadol-Hypoglycemia,high,No,annotated drug-event pair with clear margin,804,Azacitidine-QT,0,804,tramadol,,tramadol,hypoglycemia,hypoglycemia,Tramadol-Hypoglycemia=804; Azacitidine-QT=0; Baricitinib-Hypersensitivity=0; Erenumab-Stroke=0
15533294-1,Tramadol-Hypoglycemia,high,No,annotated drug-event pair with clear margin,702,Azacitidine-QT,0,702,tramadol; Ixprim,,tramadol; Ixprim,hypoglycemia,hypoglycemia,Tramadol-Hypoglycemia=702; Azacitidine-QT=0; Baricitinib-Hypersensitivity=0; Erenumab-Stroke=0
15536042-2,Tramadol-Hypoglycemia,high,No,annotated drug-event pair with clear margin,462,Azacitidine-QT,0,462,tramadol,,tramadol,hypoglycemia,hypoglycemia,Tramadol-Hypoglycemia=462; Azacitidine-QT=0; Baricitinib-Hypersensitivity=0; Erenumab-Stroke=0
15536631-3,Baricitinib-Hypersensitivity,high,No,annotated drug-event pair with clear margin,840,Azacitidine-QT,0,840,baricitinib; Olumiant,,baricitinib; Olumiant,hypersensitivity,hypersensitivity,Baricitinib-Hypersensitivity=840; Azacitidine-QT=0; Erenumab-Stroke=0; Tramadol-Hypoglycemia=0
15542681-2,Azacitidine-QT,medium,No,annotated target drug without strong event evidence,180,Baricitinib-Hypersensitivity,0,180,azacitidine,,azacitidine,,,Azacitidine-QT=180; Baricitinib-Hypersensitivity=0; Erenumab-Stroke=0; Tramadol-Hypoglycemia=0
15543208-3,Baricitinib-Hypersensitivity,high,No,annotated drug-event pair with clear margin,738,Azacitidine-QT,0,738,baricitinib; Olumiant,,baricitinib; Olumiant,hypersensitivity,hypersensitivity,Baricitinib-Hypersensitivity=738; Azacitidine-QT=0; Erenumab-Stroke=0; Tramadol-Hypoglycemia=0
15544212-4,Baricitinib-Hypersensitivity,low,Yes,"weak, incomplete, or competing evidence",204,Erenumab-Stroke,180,24,,,,urticaria; hives,urticaria; hives,Baricitinib-Hypersensitivity=204; Erenumab-Stroke=180; Azacitidine-QT=0; Tramadol-Hypoglycemia=0
15545365-2,Baricitinib-Hypersensitivity,high,No,annotated drug-event pair with clear margin,816,Azacitidine-QT,0,816,baricitinib; Olumiant,,baricitinib; Olumiant,hypersensitivity,hypersensitivity,Baricitinib-Hypersensitivity=816; Azacitidine-QT=0; Erenumab-Stroke=0; Tramadol-Hypoglycemia=0
15554459-1,Baricitinib-Hypersensitivity,high,No,annotated drug-event pair with clear margin,726,Azacitidine-QT,0,726,baricitinib; Olumiant,,baricitinib; Olumiant,angioedema,angioedema,Baricitinib-Hypersensitivity=726; Azacitidine-QT=0; Erenumab-Stroke=0; Tramadol-Hypoglycemia=0
15556571-1,Erenumab-Stroke,medium,No,annotated target drug without strong event evidence,180,Azacitidine-QT,0,180,Aimovig,,Aimovig,,,Erenumab-Stroke=180; Azacitidine-QT=0; Baricitinib-Hypersensitivity=0; Tramadol-Hypoglycemia=0
15558775-1,Baricitinib-Hypersensitivity,high,No,annotated drug-event pair with clear margin,780,Azacitidine-QT,0,780,Olumiant,,Olumiant,hypersensitivity,hypersensitivity,Baricitinib-Hypersensitivity=780; Azacitidine-QT=0; Erenumab-Stroke=0; Tramadol-Hypoglycemia=0
15563781-2,Erenumab-Stroke,high,No,annotated drug-event pair with clear margin,600,Azacitidine-QT,0,600,Aimovig,,Aimovig,stroke,stroke,Erenumab-Stroke=600; Azacitidine-QT=0; Baricitinib-Hypersensitivity=0; Tramadol-Hypoglycemia=0
15566247-2,Erenumab-Stroke,medium,No,annotated target drug without strong event evidence,180,Azacitidine-QT,0,180,Aimovig,,Aimovig,,,Erenumab-Stroke=180; Azacitidine-QT=0; Baricitinib-Hypersensitivity=0; Tramadol-Hypoglycemia=0
15568558-2,Baricitinib-Hypersensitivity,medium,No,annotated target drug without strong event evidence,408,Azacitidine-QT,0,408,Olumiant,,Olumiant,,,Baricitinib-Hypersensitivity=408; Azacitidine-QT=0; Erenumab-Stroke=0; Tramadol-Hypoglycemia=0
15573783-1,Erenumab-Stroke,high,No,annotated drug-event pair with clear margin,600,Azacitidine-QT,0,600,Aimovig,,Aimovig,stroke; cerebrovascular accident,stroke; cerebrovascular accident,Erenumab-Stroke=600; Azacitidine-QT=0; Baricitinib-Hypersensitivity=0; Tramadol-Hypoglycemia=0
15578531-1,Erenumab-Stroke,high,No,annotated drug-event pair with clear margin,600,Azacitidine-QT,0,600,Aimovig,,Aimovig,stroke; cerebrovascular accident,stroke; cerebrovascular accident,Erenumab-Stroke=600; Azacitidine-QT=0; Baricitinib-Hypersensitivity=0; Tramadol-Hypoglycemia=0
15587045-1,UNRESOLVED,unclassified,Yes,no target drug or event evidence,0,Baricitinib-Hypersensitivity,0,0,,,,,,Azacitidine-QT=0; Baricitinib-Hypersensitivity=0; Erenumab-Stroke=0; Tramadol-Hypoglycemia=0
15599301-5,Baricitinib-Hypersensitivity,high,No,annotated drug-event pair with clear margin,714,Azacitidine-QT,0,714,baricitinib; Olumiant,,baricitinib; Olumiant,allergic reaction,allergic reaction,Baricitinib-Hypersensitivity=714; Azacitidine-QT=0; Erenumab-Stroke=0; Tramadol-Hypoglycemia=0
15606548-1,Baricitinib-Hypersensitivity,medium,No,annotated target drug without strong event evidence,156,Azacitidine-QT,0,156,barcitinib,,barcitinib,,,Baricitinib-Hypersensitivity=156; Azacitidine-QT=0; Erenumab-Stroke=0; Tramadol-Hypoglycemia=0
15609137-1,Erenumab-Stroke,medium,No,annotated target drug without strong event evidence,180,Azacitidine-QT,0,180,Aimovig,,Aimovig,,,Erenumab-Stroke=180; Azacitidine-QT=0; Baricitinib-Hypersensitivity=0; Tramadol-Hypoglycemia=0
15611494-4,Erenumab-Stroke,high,No,annotated drug-event pair with clear margin,600,Azacitidine-QT,0,600,Aimovig,,Aimovig,stroke; cerebrovascular accident,stroke; cerebrovascular accident,Erenumab-Stroke=600; Azacitidine-QT=0; Baricitinib-Hypersensitivity=0; Tramadol-Hypoglycemia=0
15612891-1,Erenumab-Stroke,high,No,annotated drug-event pair with clear margin,600,Azacitidine-QT,0,600,Aimovig,,Aimovig,stroke; cerebrovascular accident,stroke; cerebrovascular accident,Erenumab-Stroke=600; Azacitidine-QT=0; Baricitinib-Hypersensitivity=0; Tramadol-Hypoglycemia=0
15615411-1,Erenumab-Stroke,medium,No,annotated target drug without strong event evidence,180,Azacitidine-QT,0,180,Aimovig,,Aimovig,,,Erenumab-Stroke=180; Azacitidine-QT=0; Baricitinib-Hypersensitivity=0; Tramadol-Hypoglycemia=0
15615902-1,Erenumab-Stroke,high,No,annotated drug-event pair with clear margin,690,Azacitidine-QT,0,690,Aimovig,,Aimovig,stroke; cerebrovascular accident; transient ischemic attack; TIA,stroke; cerebrovascular accident; transient ischemic attack; TIA,Erenumab-Stroke=690; Azacitidine-QT=0; Baricitinib-Hypersensitivity=0; Tramadol-Hypoglycemia=0
15621288-2,Erenumab-Stroke,high,No,annotated drug-event pair with clear margin,600,Azacitidine-QT,0,600,Aimovig,,Aimovig,stroke; cerebrovascular accident,stroke; cerebrovascular accident,Erenumab-Stroke=600; Azacitidine-QT=0; Baricitinib-Hypersensitivity=0; Tramadol-Hypoglycemia=0
15631447-1,Erenumab-Stroke,high,No,annotated drug-event pair with clear margin,588,Azacitidine-QT,0,588,Aimovig,,Aimovig,stroke; cerebrovascular accident,stroke; cerebrovascular accident,Erenumab-Stroke=588; Azacitidine-QT=0; Baricitinib-Hypersensitivity=0; Tramadol-Hypoglycemia=0
15639389-4,Erenumab-Stroke,high,No,annotated drug-event pair with clear margin,690,Azacitidine-QT,0,690,Aimovig,,Aimovig,stroke; cerebrovascular accident,stroke; cerebrovascular accident; TIA,Erenumab-Stroke=690; Azacitidine-QT=0; Baricitinib-Hypersensitivity=0; Tramadol-Hypoglycemia=0
15653612-1,Baricitinib-Hypersensitivity,medium,No,annotated target drug without strong event evidence,420,Azacitidine-QT,0,420,baricitinib; Olumiant,,baricitinib; Olumiant,,,Baricitinib-Hypersensitivity=420; Azacitidine-QT=0; Erenumab-Stroke=0; Tramadol-Hypoglycemia=0
15656387-1,Tramadol-Hypoglycemia,high,No,annotated drug-event pair with clear margin,792,Azacitidine-QT,0,792,tramadol,,tramadol,hypoglycemia,hypoglycemia,Tramadol-Hypoglycemia=792; Azacitidine-QT=0; Baricitinib-Hypersensitivity=0; Erenumab-Stroke=0
15664344-1,Erenumab-Stroke,high,No,annotated drug-event pair with clear margin,720,Azacitidine-QT,0,720,Aimovig,,Aimovig,stroke; cerebrovascular accident,stroke; cerebrovascular accident,Erenumab-Stroke=720; Azacitidine-QT=0; Baricitinib-Hypersensitivity=0; Tramadol-Hypoglycemia=0
15670728-1,Erenumab-Stroke,high,No,annotated drug-event pair with clear margin,588,Azacitidine-QT,0,588,Aimovig,,Aimovig,stroke; cerebrovascular accident,stroke; cerebrovascular accident,Erenumab-Stroke=588; Azacitidine-QT=0; Baricitinib-Hypersensitivity=0; Tramadol-Hypoglycemia=0
15676710-4,Erenumab-Stroke,medium,No,annotated target drug without strong event evidence,180,Azacitidine-QT,0,180,Aimovig,,Aimovig,,,Erenumab-Stroke=180; Azacitidine-QT=0; Baricitinib-Hypersensitivity=0; Tramadol-Hypoglycemia=0
15687221-2,Erenumab-Stroke,medium,No,annotated target drug without strong event evidence,180,Azacitidine-QT,0,180,Aimovig,,Aimovig,,,Erenumab-Stroke=180; Azacitidine-QT=0; Baricitinib-Hypersensitivity=0; Tramadol-Hypoglycemia=0
15690079-1,Erenumab-Stroke,high,No,annotated drug-event pair with clear margin,810,Azacitidine-QT,0,810,erenumab; Aimovig,,erenumab; Aimovig,stroke; cerebrovascular accident,stroke; cerebrovascular accident,Erenumab-Stroke=810; Azacitidine-QT=0; Baricitinib-Hypersensitivity=0; Tramadol-Hypoglycemia=0
15695485-1,Erenumab-Stroke,medium,No,annotated target drug without strong event evidence,168,Azacitidine-QT,0,168,Aimovig,,Aimovig,,,Erenumab-Stroke=168; Azacitidine-QT=0; Baricitinib-Hypersensitivity=0; Tramadol-Hypoglycemia=0
15695613-1,Erenumab-Stroke,medium,No,drug-event evidence with positive margin,162,Azacitidine-QT,0,162,,,Aimovig,,stroke,Erenumab-Stroke=162; Azacitidine-QT=0; Baricitinib-Hypersensitivity=0; Tramadol-Hypoglycemia=0
15701050-2,Azacitidine-QT,medium,No,annotated target drug without strong event evidence,180,Baricitinib-Hypersensitivity,0,180,Vidaza,,Vidaza,,,Azacitidine-QT=180; Baricitinib-Hypersensitivity=0; Erenumab-Stroke=0; Tramadol-Hypoglycemia=0
15702449-2,Erenumab-Stroke,high,No,annotated drug-event pair with clear margin,600,Azacitidine-QT,0,600,Aimovig,,Aimovig,stroke; cerebrovascular accident,stroke; cerebrovascular accident,Erenumab-Stroke=600; Azacitidine-QT=0; Baricitinib-Hypersensitivity=0; Tramadol-Hypoglycemia=0
15703266-1,Erenumab-Stroke,medium,No,annotated target drug without strong event evidence,156,Azacitidine-QT,0,156,Aimovig,,Aimovig,,,Erenumab-Stroke=156; Azacitidine-QT=0; Baricitinib-Hypersensitivity=0; Tramadol-Hypoglycemia=0
15704490-3,Erenumab-Stroke,high,No,annotated drug-event pair with clear margin,588,Tramadol-Hypoglycemia,52,536,Aimovig,,Aimovig,stroke; cerebrovascular accident,cerebrovascular accident,Erenumab-Stroke=588; Tramadol-Hypoglycemia=52; Azacitidine-QT=0; Baricitinib-Hypersensitivity=0
15718316-1,Erenumab-Stroke,high,No,annotated drug-event pair with clear margin,462,Azacitidine-QT,0,462,Aimovig,,Aimovig,stroke,stroke,Erenumab-Stroke=462; Azacitidine-QT=0; Baricitinib-Hypersensitivity=0; Tramadol-Hypoglycemia=0
15721668-2,Erenumab-Stroke,high,No,annotated drug-event pair with clear margin,588,Azacitidine-QT,0,588,Aimovig,,Aimovig,stroke; cerebrovascular accident,stroke; cerebrovascular accident,Erenumab-Stroke=588; Azacitidine-QT=0; Baricitinib-Hypersensitivity=0; Tramadol-Hypoglycemia=0
15722953-1,Erenumab-Stroke,high,No,annotated drug-event pair with clear margin,600,Azacitidine-QT,0,600,Aimovig,,Aimovig,stroke; cerebrovascular accident,stroke; cerebrovascular accident,Erenumab-Stroke=600; Azacitidine-QT=0; Baricitinib-Hypersensitivity=0; Tramadol-Hypoglycemia=0
15723123-1,Erenumab-Stroke,medium,No,annotated target drug without strong event evidence,264,Azacitidine-QT,0,264,Aimovig,,Aimovig,,,Erenumab-Stroke=264; Azacitidine-QT=0; Baricitinib-Hypersensitivity=0; Tramadol-Hypoglycemia=0
15723842-1,UNRESOLVED,unclassified,Yes,no target drug or event evidence,0,Baricitinib-Hypersensitivity,0,0,,,,,,Azacitidine-QT=0; Baricitinib-Hypersensitivity=0; Erenumab-Stroke=0; Tramadol-Hypoglycemia=0
15729006-1,Erenumab-Stroke,high,No,annotated drug-event pair with clear margin,828,Azacitidine-QT,0,828,Aimovig,,Aimovig,stroke; cerebrovascular accident,stroke; cerebrovascular accident,Erenumab-Stroke=828; Azacitidine-QT=0; Baricitinib-Hypersensitivity=0; Tramadol-Hypoglycemia=0
15733503-1,Baricitinib-Hypersensitivity,medium,No,annotated target drug without strong event evidence,420,Azacitidine-QT,0,420,baricitinib; Olumiant,,baricitinib; Olumiant,,,Baricitinib-Hypersensitivity=420; Azacitidine-QT=0; Erenumab-Stroke=0; Tramadol-Hypoglycemia=0
15734159-1,Erenumab-Stroke,medium,No,annotated target drug without strong event evidence,420,Baricitinib-Hypersensitivity,114,306,Aimovig,,Aimovig,,,Erenumab-Stroke=420; Baricitinib-Hypersensitivity=114; Azacitidine-QT=0; Tramadol-Hypoglycemia=0
15739332-2,Erenumab-Stroke,low,Yes,"weak, incomplete, or competing evidence",180,Tramadol-Hypoglycemia,104,76,Aimovig,,Aimovig,,,Erenumab-Stroke=180; Tramadol-Hypoglycemia=104; Baricitinib-Hypersensitivity=12; Azacitidine-QT=0
15758973-2,Erenumab-Stroke,high,No,annotated drug-event pair with clear margin,930,Azacitidine-QT,0,930,Aimovig,,Aimovig,stroke; cerebrovascular accident; transient ischemic attack; TIA,stroke; cerebrovascular accident; transient ischemic attack; TIA,Erenumab-Stroke=930; Azacitidine-QT=0; Baricitinib-Hypersensitivity=0; Tramadol-Hypoglycemia=0
15763649-1,Baricitinib-Hypersensitivity,medium,No,annotated target drug without strong event evidence,420,Azacitidine-QT,0,420,baricitinib; Olumiant,,baricitinib; Olumiant,,,Baricitinib-Hypersensitivity=420; Azacitidine-QT=0; Erenumab-Stroke=0; Tramadol-Hypoglycemia=0
15802712-1,Baricitinib-Hypersensitivity,medium,No,annotated target drug without strong event evidence,396,Tramadol-Hypoglycemia,52,344,baricitinib; Olumiant,,baricitinib; Olumiant,,,Baricitinib-Hypersensitivity=396; Tramadol-Hypoglycemia=52; Azacitidine-QT=0; Erenumab-Stroke=0
15812130-1,Erenumab-Stroke,high,No,annotated drug-event pair with clear margin,750,Azacitidine-QT,0,750,Aimovig,,Aimovig,stroke,stroke,Erenumab-Stroke=750; Azacitidine-QT=0; Baricitinib-Hypersensitivity=0; Tramadol-Hypoglycemia=0
15813759-1,Erenumab-Stroke,medium,No,annotated target drug without strong event evidence,264,Azacitidine-QT,0,264,Aimovig,,Aimovig,,,Erenumab-Stroke=264; Azacitidine-QT=0; Baricitinib-Hypersensitivity=0; Tramadol-Hypoglycemia=0
15821107-1,Erenumab-Stroke,high,No,annotated drug-event pair with clear margin,840,Azacitidine-QT,0,840,Aimovig,,Aimovig,stroke; cerebrovascular accident,stroke; cerebrovascular accident,Erenumab-Stroke=840; Azacitidine-QT=0; Baricitinib-Hypersensitivity=0; Tramadol-Hypoglycemia=0
15824873-2,Erenumab-Stroke,high,No,annotated drug-event pair with clear margin,930,Azacitidine-QT,0,930,Aimovig,,Aimovig,stroke; transient ischemic attack,stroke; transient ischemic attack,Erenumab-Stroke=930; Azacitidine-QT=0; Baricitinib-Hypersensitivity=0; Tramadol-Hypoglycemia=0
15824986-1,Baricitinib-Hypersensitivity,medium,No,annotated target drug without strong event evidence,420,Azacitidine-QT,0,420,baricitinib; Olumiant,,baricitinib; Olumiant,,,Baricitinib-Hypersensitivity=420; Azacitidine-QT=0; Erenumab-Stroke=0; Tramadol-Hypoglycemia=0
15825414-1,Tramadol-Hypoglycemia,medium,No,annotated target drug without strong event evidence,156,Azacitidine-QT,0,156,tramadol,,tramadol,,,Tramadol-Hypoglycemia=156; Azacitidine-QT=0; Baricitinib-Hypersensitivity=0; Erenumab-Stroke=0
15826990-1,Azacitidine-QT,medium,No,annotated target drug without strong event evidence,168,Baricitinib-Hypersensitivity,0,168,Vidaza,,Vidaza,,,Azacitidine-QT=168; Baricitinib-Hypersensitivity=0; Erenumab-Stroke=0; Tramadol-Hypoglycemia=0
15827806-2,Baricitinib-Hypersensitivity,medium,No,annotated target drug without strong event evidence,396,Azacitidine-QT,0,396,Olumiant,,Olumiant,,,Baricitinib-Hypersensitivity=396; Azacitidine-QT=0; Erenumab-Stroke=0; Tramadol-Hypoglycemia=0
15835126-1,Erenumab-Stroke,high,No,annotated drug-event pair with clear margin,828,Azacitidine-QT,0,828,Aimovig,,Aimovig,cerebral infarction,cerebral infarction,Erenumab-Stroke=828; Azacitidine-QT=0; Baricitinib-Hypersensitivity=0; Tramadol-Hypoglycemia=0
15839032-2,Erenumab-Stroke,high,No,annotated drug-event pair with clear margin,804,Baricitinib-Hypersensitivity,240,564,Aimovig,,Aimovig,stroke,stroke,Erenumab-Stroke=804; Baricitinib-Hypersensitivity=240; Azacitidine-QT=0; Tramadol-Hypoglycemia=0
15840180-3,Erenumab-Stroke,medium,No,annotated target drug without strong event evidence,420,Azacitidine-QT,0,420,Aimovig,,Aimovig,,,Erenumab-Stroke=420; Azacitidine-QT=0; Baricitinib-Hypersensitivity=0; Tramadol-Hypoglycemia=0
15844967-1,Erenumab-Stroke,high,No,annotated drug-event pair with clear margin,840,Azacitidine-QT,0,840,Aimovig,,Aimovig,stroke; cerebrovascular accident,stroke; cerebrovascular accident,Erenumab-Stroke=840; Azacitidine-QT=0; Baricitinib-Hypersensitivity=0; Tramadol-Hypoglycemia=0
15851823-1,Erenumab-Stroke,medium,No,annotated target drug without strong event evidence,180,Azacitidine-QT,0,180,Aimovig,,Aimovig,,,Erenumab-Stroke=180; Azacitidine-QT=0; Baricitinib-Hypersensitivity=0; Tramadol-Hypoglycemia=0
15852107-10,Erenumab-Stroke,high,No,annotated drug-event pair with clear margin,600,Azacitidine-QT,0,600,Aimovig,,Aimovig,stroke; cerebrovascular accident,stroke; cerebrovascular accident,Erenumab-Stroke=600; Azacitidine-QT=0; Baricitinib-Hypersensitivity=0; Tramadol-Hypoglycemia=0
15853578-1,Erenumab-Stroke,high,No,suspect drug plus event evidence,258,Azacitidine-QT,0,258,Aimovig,,Aimovig,,TIA,Erenumab-Stroke=258; Azacitidine-QT=0; Baricitinib-Hypersensitivity=0; Tramadol-Hypoglycemia=0
15853889-2,Erenumab-Stroke,medium,No,annotated target drug without strong event evidence,180,Azacitidine-QT,0,180,Aimovig,,Aimovig,,,Erenumab-Stroke=180; Azacitidine-QT=0; Baricitinib-Hypersensitivity=0; Tramadol-Hypoglycemia=0
15858639-1,Baricitinib-Hypersensitivity,high,No,annotated drug-event pair with clear margin,678,Azacitidine-QT,0,678,baricitinib; Olumiant,,baricitinib,allergic reaction,allergic reaction,Baricitinib-Hypersensitivity=678; Azacitidine-QT=0; Erenumab-Stroke=0; Tramadol-Hypoglycemia=0
15862134-1,Erenumab-Stroke,medium,No,annotated target drug without strong event evidence,168,Azacitidine-QT,0,168,Aimovig,,Aimovig,,,Erenumab-Stroke=168; Azacitidine-QT=0; Baricitinib-Hypersensitivity=0; Tramadol-Hypoglycemia=0
15863587-1,Erenumab-Stroke,medium,No,annotated target drug without strong event evidence,132,Azacitidine-QT,0,132,Aimovig,,Aimovig,,,Erenumab-Stroke=132; Azacitidine-QT=0; Baricitinib-Hypersensitivity=0; Tramadol-Hypoglycemia=0
15865118-2,Erenumab-Stroke,medium,No,annotated target drug without strong event evidence,180,Azacitidine-QT,0,180,Aimovig,,Aimovig,,,Erenumab-Stroke=180; Azacitidine-QT=0; Baricitinib-Hypersensitivity=0; Tramadol-Hypoglycemia=0
15865275-1,Erenumab-Stroke,medium,No,annotated target drug without strong event evidence,180,Azacitidine-QT,0,180,Aimovig,,Aimovig,,,Erenumab-Stroke=180; Azacitidine-QT=0; Baricitinib-Hypersensitivity=0; Tramadol-Hypoglycemia=0
15865319-1,Erenumab-Stroke,medium,No,annotated target drug without strong event evidence,180,Azacitidine-QT,0,180,Aimovig,,Aimovig,,,Erenumab-Stroke=180; Azacitidine-QT=0; Baricitinib-Hypersensitivity=0; Tramadol-Hypoglycemia=0
15865353-1,Erenumab-Stroke,medium,No,annotated target drug without strong event evidence,180,Azacitidine-QT,0,180,Aimovig,,Aimovig,,,Erenumab-Stroke=180; Azacitidine-QT=0; Baricitinib-Hypersensitivity=0; Tramadol-Hypoglycemia=0
15865359-1,Erenumab-Stroke,medium,No,annotated target drug without strong event evidence,180,Azacitidine-QT,0,180,Aimovig,,Aimovig,,,Erenumab-Stroke=180; Azacitidine-QT=0; Baricitinib-Hypersensitivity=0; Tramadol-Hypoglycemia=0
15865360-1,Erenumab-Stroke,medium,No,annotated target drug without strong event evidence,180,Azacitidine-QT,0,180,Aimovig,,Aimovig,,,Erenumab-Stroke=180; Azacitidine-QT=0; Baricitinib-Hypersensitivity=0; Tramadol-Hypoglycemia=0
15865361-1,Erenumab-Stroke,medium,No,annotated target drug without strong event evidence,180,Azacitidine-QT,0,180,Aimovig,,Aimovig,,,Erenumab-Stroke=180; Azacitidine-QT=0; Baricitinib-Hypersensitivity=0; Tramadol-Hypoglycemia=0
15865366-1,Erenumab-Stroke,medium,No,annotated target drug without strong event evidence,180,Azacitidine-QT,0,180,Aimovig,,Aimovig,,,Erenumab-Stroke=180; Azacitidine-QT=0; Baricitinib-Hypersensitivity=0; Tramadol-Hypoglycemia=0
15865369-1,Erenumab-Stroke,medium,No,annotated target drug without strong event evidence,180,Azacitidine-QT,0,180,Aimovig,,Aimovig,,,Erenumab-Stroke=180; Azacitidine-QT=0; Baricitinib-Hypersensitivity=0; Tramadol-Hypoglycemia=0
15865370-1,Erenumab-Stroke,medium,No,annotated target drug without strong event evidence,180,Azacitidine-QT,0,180,Aimovig,,Aimovig,,,Erenumab-Stroke=180; Azacitidine-QT=0; Baricitinib-Hypersensitivity=0; Tramadol-Hypoglycemia=0
15878992-1,Tramadol-Hypoglycemia,high,No,annotated drug-event pair with clear margin,558,Azacitidine-QT,0,558,tramadol,,tramadol,hypoglycemia,hypoglycemia,Tramadol-Hypoglycemia=558; Azacitidine-QT=0; Baricitinib-Hypersensitivity=0; Erenumab-Stroke=0
15879369-1,Erenumab-Stroke,medium,No,annotated target drug without strong event evidence,156,Azacitidine-QT,0,156,Aimovig,,Aimovig,,,Erenumab-Stroke=156; Azacitidine-QT=0; Baricitinib-Hypersensitivity=0; Tramadol-Hypoglycemia=0
15880781-1,Tramadol-Hypoglycemia,high,No,annotated drug-event pair with clear margin,714,Azacitidine-QT,0,714,tramadol,,tramadol,hypoglycemia,hypoglycemia,Tramadol-Hypoglycemia=714; Azacitidine-QT=0; Baricitinib-Hypersensitivity=0; Erenumab-Stroke=0
15884594-1,Erenumab-Stroke,medium,No,annotated target drug without strong event evidence,276,Tramadol-Hypoglycemia,36,240,erenumab; Aimovig,,erenumab; Aimovig,,,Erenumab-Stroke=276; Tramadol-Hypoglycemia=36; Azacitidine-QT=0; Baricitinib-Hypersensitivity=0
15886193-2,Erenumab-Stroke,medium,No,annotated target drug without strong event evidence,288,Azacitidine-QT,0,288,erenumab; Aimovig,,erenumab; Aimovig,,,Erenumab-Stroke=288; Azacitidine-QT=0; Baricitinib-Hypersensitivity=0; Tramadol-Hypoglycemia=0
15887724-1,Erenumab-Stroke,high,No,annotated drug-event pair with clear margin,498,Azacitidine-QT,0,498,Aimovig,,Aimovig,transient ischemic attack,transient ischemic attack,Erenumab-Stroke=498; Azacitidine-QT=0; Baricitinib-Hypersensitivity=0; Tramadol-Hypoglycemia=0
15889827-1,Baricitinib-Hypersensitivity,medium,No,annotated target drug without strong event evidence,420,Azacitidine-QT,0,420,baricitinib; Olumiant,,baricitinib; Olumiant,,,Baricitinib-Hypersensitivity=420; Azacitidine-QT=0; Erenumab-Stroke=0; Tramadol-Hypoglycemia=0
15893614-1,Tramadol-Hypoglycemia,high,No,annotated drug-event pair with clear margin,558,Azacitidine-QT,0,558,tramadol,,tramadol,hypoglycemia,hypoglycemia,Tramadol-Hypoglycemia=558; Azacitidine-QT=0; Baricitinib-Hypersensitivity=0; Erenumab-Stroke=0
15898944-1,Tramadol-Hypoglycemia,high,No,annotated drug-event pair with clear margin,570,Azacitidine-QT,0,570,tramadol,,tramadol,hypoglycemia,hypoglycemia,Tramadol-Hypoglycemia=570; Azacitidine-QT=0; Baricitinib-Hypersensitivity=0; Erenumab-Stroke=0
15903426-1,Erenumab-Stroke,high,No,annotated drug-event pair with clear margin,588,Azacitidine-QT,0,588,Aimovig,,Aimovig,stroke; cerebrovascular accident,stroke; cerebrovascular accident,Erenumab-Stroke=588; Azacitidine-QT=0; Baricitinib-Hypersensitivity=0; Tramadol-Hypoglycemia=0
15906691-1,Erenumab-Stroke,high,No,annotated drug-event pair with clear margin,540,Baricitinib-Hypersensitivity,12,528,Aimovig,,Aimovig,stroke,stroke,Erenumab-Stroke=540; Baricitinib-Hypersensitivity=12; Azacitidine-QT=0; Tramadol-Hypoglycemia=0
15918174-1,Tramadol-Hypoglycemia,high,No,annotated drug-event pair with clear margin,882,Azacitidine-QT,0,882,tramadol,,tramadol,hypoglycemia,hypoglycemia,Tramadol-Hypoglycemia=882; Azacitidine-QT=0; Baricitinib-Hypersensitivity=0; Erenumab-Stroke=0
15926980-3,Erenumab-Stroke,medium,No,annotated target drug without strong event evidence,420,Tramadol-Hypoglycemia,52,368,erenumab; Aimovig,,erenumab; Aimovig,,,Erenumab-Stroke=420; Tramadol-Hypoglycemia=52; Azacitidine-QT=0; Baricitinib-Hypersensitivity=0
15927105-1,Erenumab-Stroke,medium,No,annotated target drug without strong event evidence,420,Azacitidine-QT,0,420,Aimovig,,Aimovig,,,Erenumab-Stroke=420; Azacitidine-QT=0; Baricitinib-Hypersensitivity=0; Tramadol-Hypoglycemia=0
15938104-2,Erenumab-Stroke,high,No,annotated drug-event pair with clear margin,726,Baricitinib-Hypersensitivity,240,486,Aimovig,,Aimovig,stroke,stroke,Erenumab-Stroke=726; Baricitinib-Hypersensitivity=240; Azacitidine-QT=0; Tramadol-Hypoglycemia=0
15943492-1,UNRESOLVED,unclassified,Yes,no target drug or event evidence,0,Baricitinib-Hypersensitivity,0,0,,,,,,Azacitidine-QT=0; Baricitinib-Hypersensitivity=0; Erenumab-Stroke=0; Tramadol-Hypoglycemia=0
15943643-1,UNRESOLVED,unclassified,Yes,no target drug or event evidence,0,Baricitinib-Hypersensitivity,0,0,,,,,,Azacitidine-QT=0; Baricitinib-Hypersensitivity=0; Erenumab-Stroke=0; Tramadol-Hypoglycemia=0
15955900-1,Baricitinib-Hypersensitivity,medium,No,annotated target drug without strong event evidence,264,Azacitidine-QT,0,264,baricitinib,,baricitinib,,,Baricitinib-Hypersensitivity=264; Azacitidine-QT=0; Erenumab-Stroke=0; Tramadol-Hypoglycemia=0
15967675-3,Azacitidine-QT,medium,No,annotated target drug without strong event evidence,180,Baricitinib-Hypersensitivity,0,180,Vidaza,,Vidaza,,,Azacitidine-QT=180; Baricitinib-Hypersensitivity=0; Erenumab-Stroke=0; Tramadol-Hypoglycemia=0
15977608-8,Azacitidine-QT,medium,No,annotated target drug without strong event evidence,180,Baricitinib-Hypersensitivity,0,180,azacitidine,,azacitidine,,,Azacitidine-QT=180; Baricitinib-Hypersensitivity=0; Erenumab-Stroke=0; Tramadol-Hypoglycemia=0
15978466-2,Erenumab-Stroke,medium,No,annotated target drug without strong event evidence,420,Baricitinib-Hypersensitivity,330,90,erenumab; Aimovig,,erenumab; Aimovig,,,Erenumab-Stroke=420; Baricitinib-Hypersensitivity=330; Azacitidine-QT=0; Tramadol-Hypoglycemia=0
15992911-2,Erenumab-Stroke,medium,No,annotated target drug without strong event evidence,144,Azacitidine-QT,0,144,Aimovig,,Aimovig,,,Erenumab-Stroke=144; Azacitidine-QT=0; Baricitinib-Hypersensitivity=0; Tramadol-Hypoglycemia=0
16004238-1,Erenumab-Stroke,medium,No,drug-event evidence with positive margin,468,Azacitidine-QT,0,468,,,Aimovig,stroke; cerebrovascular accident,stroke; cerebrovascular accident,Erenumab-Stroke=468; Azacitidine-QT=0; Baricitinib-Hypersensitivity=0; Tramadol-Hypoglycemia=0
16004330-1,Erenumab-Stroke,medium,No,annotated target drug without strong event evidence,180,Azacitidine-QT,0,180,Aimovig,,Aimovig,,,Erenumab-Stroke=180; Azacitidine-QT=0; Baricitinib-Hypersensitivity=0; Tramadol-Hypoglycemia=0
16004352-1,Erenumab-Stroke,high,No,annotated drug-event pair with clear margin,588,Azacitidine-QT,0,588,Aimovig,,Aimovig,stroke; cerebrovascular accident,stroke; cerebrovascular accident,Erenumab-Stroke=588; Azacitidine-QT=0; Baricitinib-Hypersensitivity=0; Tramadol-Hypoglycemia=0
16004616-2,Erenumab-Stroke,medium,No,drug-event evidence with positive margin,252,Azacitidine-QT,0,252,,,Aimovig,transient ischemic attack,transient ischemic attack,Erenumab-Stroke=252; Azacitidine-QT=0; Baricitinib-Hypersensitivity=0; Tramadol-Hypoglycemia=0
16008858-1,Erenumab-Stroke,high,No,annotated drug-event pair with clear margin,600,Azacitidine-QT,0,600,Aimovig,,Aimovig,stroke; cerebrovascular accident,stroke; cerebrovascular accident,Erenumab-Stroke=600; Azacitidine-QT=0; Baricitinib-Hypersensitivity=0; Tramadol-Hypoglycemia=0
16008943-1,Erenumab-Stroke,high,No,annotated drug-event pair with clear margin,600,Azacitidine-QT,0,600,Aimovig,,Aimovig,stroke; cerebrovascular accident,stroke; cerebrovascular accident,Erenumab-Stroke=600; Azacitidine-QT=0; Baricitinib-Hypersensitivity=0; Tramadol-Hypoglycemia=0
16012392-3,Erenumab-Stroke,high,No,annotated drug-event pair with clear margin,600,Azacitidine-QT,0,600,Aimovig,,Aimovig,stroke; cerebrovascular accident,stroke; cerebrovascular accident,Erenumab-Stroke=600; Azacitidine-QT=0; Baricitinib-Hypersensitivity=0; Tramadol-Hypoglycemia=0
16012600-4,Erenumab-Stroke,high,No,annotated drug-event pair with clear margin,690,Azacitidine-QT,0,690,Aimovig,,Aimovig,cerebrovascular accident; transient ischemic attack; TIA,cerebrovascular accident; transient ischemic attack; TIA,Erenumab-Stroke=690; Azacitidine-QT=0; Baricitinib-Hypersensitivity=0; Tramadol-Hypoglycemia=0
16013029-1,Erenumab-Stroke,medium,No,annotated target drug without strong event evidence,132,Azacitidine-QT,0,132,Aimovig,,Aimovig,,,Erenumab-Stroke=132; Azacitidine-QT=0; Baricitinib-Hypersensitivity=0; Tramadol-Hypoglycemia=0
16021402-1,Erenumab-Stroke,high,No,annotated drug-event pair with clear margin,828,Azacitidine-QT,0,828,Aimovig,,Aimovig,stroke; cerebrovascular accident,stroke; cerebrovascular accident,Erenumab-Stroke=828; Azacitidine-QT=0; Baricitinib-Hypersensitivity=0; Tramadol-Hypoglycemia=0
16023402-2,Tramadol-Hypoglycemia,high,No,annotated drug-event pair with clear margin,828,Azacitidine-QT,0,828,tramadol,,tramadol,hypoglycemia,hypoglycemia,Tramadol-Hypoglycemia=828; Azacitidine-QT=0; Baricitinib-Hypersensitivity=0; Erenumab-Stroke=0
16028126-1,Erenumab-Stroke,high,No,annotated drug-event pair with clear margin,840,Azacitidine-QT,0,840,Aimovig,,Aimovig,stroke; cerebrovascular accident,stroke; cerebrovascular accident,Erenumab-Stroke=840; Azacitidine-QT=0; Baricitinib-Hypersensitivity=0; Tramadol-Hypoglycemia=0
16031814-1,Tramadol-Hypoglycemia,high,No,annotated drug-event pair with clear margin,594,Azacitidine-QT,0,594,tramadol,,tramadol,hypoglycemia,hypoglycemia,Tramadol-Hypoglycemia=594; Azacitidine-QT=0; Baricitinib-Hypersensitivity=0; Erenumab-Stroke=0
16038598-3,Erenumab-Stroke,high,No,annotated drug-event pair with clear margin,930,Azacitidine-QT,0,930,Aimovig,,Aimovig,stroke; transient ischemic attack,stroke; transient ischemic attack; TIA,Erenumab-Stroke=930; Azacitidine-QT=0; Baricitinib-Hypersensitivity=0; Tramadol-Hypoglycemia=0
16047875-1,Erenumab-Stroke,high,No,annotated drug-event pair with clear margin,816,Azacitidine-QT,0,816,erenumab; Aimovig,,erenumab; Aimovig,stroke; cerebrovascular accident,stroke; cerebrovascular accident,Erenumab-Stroke=816; Azacitidine-QT=0; Baricitinib-Hypersensitivity=0; Tramadol-Hypoglycemia=0
16065942-2,Erenumab-Stroke,medium,No,annotated target drug without strong event evidence,420,Azacitidine-QT,0,420,Aimovig,,Aimovig,,,Erenumab-Stroke=420; Azacitidine-QT=0; Baricitinib-Hypersensitivity=0; Tramadol-Hypoglycemia=0
16074870-1,Erenumab-Stroke,high,No,annotated drug-event pair with clear margin,930,Azacitidine-QT,0,930,Aimovig,,Aimovig,stroke; cerebrovascular accident,stroke; cerebrovascular accident,Erenumab-Stroke=930; Azacitidine-QT=0; Baricitinib-Hypersensitivity=0; Tramadol-Hypoglycemia=0
16082532-1,Baricitinib-Hypersensitivity,medium,No,annotated target drug without strong event evidence,420,Azacitidine-QT,0,420,baricitinib; Olumiant,,baricitinib; Olumiant,,,Baricitinib-Hypersensitivity=420; Azacitidine-QT=0; Erenumab-Stroke=0; Tramadol-Hypoglycemia=0
16082745-1,Erenumab-Stroke,high,No,annotated drug-event pair with clear margin,840,Azacitidine-QT,0,840,erenumab; Aimovig,,erenumab; Aimovig,stroke; cerebrovascular accident,stroke; cerebrovascular accident,Erenumab-Stroke=840; Azacitidine-QT=0; Baricitinib-Hypersensitivity=0; Tramadol-Hypoglycemia=0
16100756-5,Erenumab-Stroke,high,No,annotated drug-event pair with clear margin,816,Azacitidine-QT,0,816,erenumab; Aimovig,,erenumab; Aimovig,stroke; cerebrovascular accident,cerebrovascular accident,Erenumab-Stroke=816; Azacitidine-QT=0; Baricitinib-Hypersensitivity=0; Tramadol-Hypoglycemia=0
16113077-1,Erenumab-Stroke,medium,No,annotated target drug without strong event evidence,408,Azacitidine-QT,0,408,Aimovig,,Aimovig,,,Erenumab-Stroke=408; Azacitidine-QT=0; Baricitinib-Hypersensitivity=0; Tramadol-Hypoglycemia=0
16117083-1,Erenumab-Stroke,medium,No,annotated target drug without strong event evidence,132,Azacitidine-QT,0,132,Aimovig,,Aimovig,,,Erenumab-Stroke=132; Azacitidine-QT=0; Baricitinib-Hypersensitivity=0; Tramadol-Hypoglycemia=0
16155801-1,Baricitinib-Hypersensitivity,medium,No,annotated target drug without strong event evidence,408,Azacitidine-QT,0,408,baricitinib; Olumiant,,baricitinib; Olumiant,,,Baricitinib-Hypersensitivity=408; Azacitidine-QT=0; Erenumab-Stroke=0; Tramadol-Hypoglycemia=0
16157304-1,Erenumab-Stroke,medium,No,annotated target drug without strong event evidence,420,Azacitidine-QT,0,420,Aimovig,,Aimovig,,,Erenumab-Stroke=420; Azacitidine-QT=0; Baricitinib-Hypersensitivity=0; Tramadol-Hypoglycemia=0
16160190-1,Baricitinib-Hypersensitivity,medium,No,annotated target drug without strong event evidence,396,Azacitidine-QT,0,396,baricitinib,,baricitinib,,,Baricitinib-Hypersensitivity=396; Azacitidine-QT=0; Erenumab-Stroke=0; Tramadol-Hypoglycemia=0
16167852-7,Erenumab-Stroke,medium,No,annotated target drug without strong event evidence,420,Azacitidine-QT,0,420,erenumab; Aimovig,,erenumab; Aimovig,,,Erenumab-Stroke=420; Azacitidine-QT=0; Baricitinib-Hypersensitivity=0; Tramadol-Hypoglycemia=0
16186433-2,Baricitinib-Hypersensitivity,medium,No,annotated target drug without strong event evidence,420,Tramadol-Hypoglycemia,52,368,baricitinib; Olumiant,,baricitinib; Olumiant,,,Baricitinib-Hypersensitivity=420; Tramadol-Hypoglycemia=52; Azacitidine-QT=0; Erenumab-Stroke=0
16194913-2,Tramadol-Hypoglycemia,high,No,annotated drug-event pair with clear margin,564,Azacitidine-QT,0,564,tramadol,,tramadol,hypoglycemia,hypoglycemia,Tramadol-Hypoglycemia=564; Azacitidine-QT=0; Baricitinib-Hypersensitivity=0; Erenumab-Stroke=0
16197456-1,Erenumab-Stroke,high,No,annotated drug-event pair with clear margin,414,Azacitidine-QT,0,414,Aimovig,,Aimovig,stroke,stroke,Erenumab-Stroke=414; Azacitidine-QT=0; Baricitinib-Hypersensitivity=0; Tramadol-Hypoglycemia=0
16205155-1,Erenumab-Stroke,medium,No,annotated target drug without strong event evidence,168,Azacitidine-QT,0,168,Aimovig,,Aimovig,,,Erenumab-Stroke=168; Azacitidine-QT=0; Baricitinib-Hypersensitivity=0; Tramadol-Hypoglycemia=0
16215485-1,UNRESOLVED,unclassified,Yes,no target drug or event evidence,0,Baricitinib-Hypersensitivity,0,0,,,,,,Azacitidine-QT=0; Baricitinib-Hypersensitivity=0; Erenumab-Stroke=0; Tramadol-Hypoglycemia=0
16219423-2,Erenumab-Stroke,medium,No,annotated target drug without strong event evidence,300,Baricitinib-Hypersensitivity,114,186,erenumab; Aimovig,,erenumab; Aimovig,,,Erenumab-Stroke=300; Baricitinib-Hypersensitivity=114; Azacitidine-QT=0; Tramadol-Hypoglycemia=0
16219426-3,Erenumab-Stroke,medium,No,annotated target drug without strong event evidence,300,Baricitinib-Hypersensitivity,102,198,erenumab; Aimovig,,erenumab; Aimovig,,,Erenumab-Stroke=300; Baricitinib-Hypersensitivity=102; Azacitidine-QT=0; Tramadol-Hypoglycemia=0
16229555-1,Erenumab-Stroke,medium,No,annotated target drug without strong event evidence,168,Azacitidine-QT,0,168,Aimovig,,Aimovig,,,Erenumab-Stroke=168; Azacitidine-QT=0; Baricitinib-Hypersensitivity=0; Tramadol-Hypoglycemia=0
16237079-1,Tramadol-Hypoglycemia,high,No,annotated drug-event pair with clear margin,414,Azacitidine-QT,0,414,tramadol,,tramadol,hypoglycemia,hypoglycemia,Tramadol-Hypoglycemia=414; Azacitidine-QT=0; Baricitinib-Hypersensitivity=0; Erenumab-Stroke=0
16241817-4,Erenumab-Stroke,high,No,suspect drug plus event evidence,402,Azacitidine-QT,0,402,erenumab; Aimovig,,erenumab; Aimovig,,cerebral infarction,Erenumab-Stroke=402; Azacitidine-QT=0; Baricitinib-Hypersensitivity=0; Tramadol-Hypoglycemia=0
16241939-1,Baricitinib-Hypersensitivity,high,No,annotated drug-event pair with clear margin,702,Azacitidine-QT,0,702,baricitinib; Olumiant,,baricitinib; Olumiant,allergic reaction,allergic reaction,Baricitinib-Hypersensitivity=702; Azacitidine-QT=0; Erenumab-Stroke=0; Tramadol-Hypoglycemia=0
16252965-1,Erenumab-Stroke,high,No,annotated drug-event pair with clear margin,600,Azacitidine-QT,0,600,Aimovig,,Aimovig,stroke; cerebrovascular accident,stroke; cerebrovascular accident,Erenumab-Stroke=600; Azacitidine-QT=0; Baricitinib-Hypersensitivity=0; Tramadol-Hypoglycemia=0
16272538-1,Baricitinib-Hypersensitivity,high,No,annotated drug-event pair with clear margin,690,Azacitidine-QT,0,690,baricitinib; Olumiant,,baricitinib; Olumiant,hives,hives,Baricitinib-Hypersensitivity=690; Azacitidine-QT=0; Erenumab-Stroke=0; Tramadol-Hypoglycemia=0
16274941-1,Baricitinib-Hypersensitivity,medium,No,annotated target drug without strong event evidence,132,Azacitidine-QT,0,132,Olumiant,,Olumiant,,,Baricitinib-Hypersensitivity=132; Azacitidine-QT=0; Erenumab-Stroke=0; Tramadol-Hypoglycemia=0
16288047-2,Erenumab-Stroke,high,No,suspect drug plus event evidence,294,Azacitidine-QT,0,294,Aimovig,,Aimovig,,stroke,Erenumab-Stroke=294; Azacitidine-QT=0; Baricitinib-Hypersensitivity=0; Tramadol-Hypoglycemia=0
16301689-2,Erenumab-Stroke,high,No,annotated drug-event pair with clear margin,690,Azacitidine-QT,0,690,Aimovig,,Aimovig,stroke; cerebrovascular accident; cerebral infarction,stroke; cerebrovascular accident; cerebral infarction,Erenumab-Stroke=690; Azacitidine-QT=0; Baricitinib-Hypersensitivity=0; Tramadol-Hypoglycemia=0
16311366-3,Tramadol-Hypoglycemia,high,No,annotated drug-event pair with clear margin,630,Azacitidine-QT,0,630,tramadol,,tramadol,hypoglycemia,hypoglycemia,Tramadol-Hypoglycemia=630; Azacitidine-QT=0; Baricitinib-Hypersensitivity=0; Erenumab-Stroke=0
16312965-2,Erenumab-Stroke,medium,No,annotated target drug without strong event evidence,180,Azacitidine-QT,0,180,Aimovig,,Aimovig,,,Erenumab-Stroke=180; Azacitidine-QT=0; Baricitinib-Hypersensitivity=0; Tramadol-Hypoglycemia=0
16315514-1,Erenumab-Stroke,medium,No,annotated target drug without strong event evidence,168,Azacitidine-QT,0,168,Aimovig,,Aimovig,,,Erenumab-Stroke=168; Azacitidine-QT=0; Baricitinib-Hypersensitivity=0; Tramadol-Hypoglycemia=0
16320883-8,Erenumab-Stroke,medium,No,annotated target drug without strong event evidence,144,Azacitidine-QT,0,144,Aimovig,,Aimovig,,,Erenumab-Stroke=144; Azacitidine-QT=0; Baricitinib-Hypersensitivity=0; Tramadol-Hypoglycemia=0
16327391-1,Tramadol-Hypoglycemia,medium,No,drug-event evidence with positive margin,354,Azacitidine-QT,0,354,,,tramadol,hypoglycemia,hypoglycemia,Tramadol-Hypoglycemia=354; Azacitidine-QT=0; Baricitinib-Hypersensitivity=0; Erenumab-Stroke=0
16333062-9,Azacitidine-QT,medium,No,annotated target drug without strong event evidence,180,Baricitinib-Hypersensitivity,0,180,azacitidine,,azacitidine,,,Azacitidine-QT=180; Baricitinib-Hypersensitivity=0; Erenumab-Stroke=0; Tramadol-Hypoglycemia=0
16340152-1,Tramadol-Hypoglycemia,high,No,annotated drug-event pair with clear margin,702,Azacitidine-QT,0,702,tramadol,,tramadol,hypoglycemia,hypoglycemia,Tramadol-Hypoglycemia=702; Azacitidine-QT=0; Baricitinib-Hypersensitivity=0; Erenumab-Stroke=0
16342363-1,Baricitinib-Hypersensitivity,high,No,annotated drug-event pair with clear margin,696,Azacitidine-QT,0,696,baricitinib; Olumiant,,baricitinib; Olumiant,hypersensitivity; allergic reaction,hypersensitivity; allergic reaction,Baricitinib-Hypersensitivity=696; Azacitidine-QT=0; Erenumab-Stroke=0; Tramadol-Hypoglycemia=0
16347640-2,Baricitinib-Hypersensitivity,high,No,annotated drug-event pair with clear margin,810,Azacitidine-QT,0,810,baricitinib; Olumiant,,baricitinib; Olumiant,hypersensitivity,hypersensitivity,Baricitinib-Hypersensitivity=810; Azacitidine-QT=0; Erenumab-Stroke=0; Tramadol-Hypoglycemia=0
16349528-2,Tramadol-Hypoglycemia,high,No,annotated drug-event pair with clear margin,450,Azacitidine-QT,0,450,tramadol,,tramadol,hypoglycemia,hypoglycemia,Tramadol-Hypoglycemia=450; Azacitidine-QT=0; Baricitinib-Hypersensitivity=0; Erenumab-Stroke=0
16352300-1,Erenumab-Stroke,medium,No,annotated target drug without strong event evidence,132,Azacitidine-QT,0,132,Aimovig,,Aimovig,,,Erenumab-Stroke=132; Azacitidine-QT=0; Baricitinib-Hypersensitivity=0; Tramadol-Hypoglycemia=0
16352529-4,Azacitidine-QT,low,Yes,"weak, incomplete, or competing evidence",180,Erenumab-Stroke,150,30,Vidaza,,Vidaza,,,Azacitidine-QT=180; Erenumab-Stroke=150; Baricitinib-Hypersensitivity=0; Tramadol-Hypoglycemia=0
16355718-1,Tramadol-Hypoglycemia,high,No,annotated drug-event pair with clear margin,672,Azacitidine-QT,0,672,tramadol,,tramadol,hypoglycemia,hypoglycemia,Tramadol-Hypoglycemia=672; Azacitidine-QT=0; Baricitinib-Hypersensitivity=0; Erenumab-Stroke=0
16356814-1,Erenumab-Stroke,high,No,annotated drug-event pair with clear margin,462,Azacitidine-QT,0,462,Aimovig,,Aimovig,stroke,stroke,Erenumab-Stroke=462; Azacitidine-QT=0; Baricitinib-Hypersensitivity=0; Tramadol-Hypoglycemia=0
16365362-1,Baricitinib-Hypersensitivity,high,No,annotated drug-event pair with clear margin,582,Azacitidine-QT,0,582,baricitinib; Olumiant,,baricitinib; Olumiant,allergic reaction,allergic reaction,Baricitinib-Hypersensitivity=582; Azacitidine-QT=0; Erenumab-Stroke=0; Tramadol-Hypoglycemia=0
16366892-1,Erenumab-Stroke,low,Yes,"weak, incomplete, or competing evidence",102,Azacitidine-QT,0,102,,,,stroke,stroke,Erenumab-Stroke=102; Azacitidine-QT=0; Baricitinib-Hypersensitivity=0; Tramadol-Hypoglycemia=0
16372702-4,Erenumab-Stroke,medium,No,annotated target drug without strong event evidence,180,Azacitidine-QT,0,180,Aimovig,,Aimovig,,,Erenumab-Stroke=180; Azacitidine-QT=0; Baricitinib-Hypersensitivity=0; Tramadol-Hypoglycemia=0
16374688-1,Erenumab-Stroke,high,No,annotated drug-event pair with clear margin,600,Azacitidine-QT,0,600,Aimovig,,Aimovig,stroke; cerebrovascular accident,stroke; cerebrovascular accident,Erenumab-Stroke=600; Azacitidine-QT=0; Baricitinib-Hypersensitivity=0; Tramadol-Hypoglycemia=0
16380149-1,Tramadol-Hypoglycemia,high,No,annotated drug-event pair with clear margin,450,Azacitidine-QT,0,450,tramadol,,tramadol,hypoglycemia,hypoglycemia,Tramadol-Hypoglycemia=450; Azacitidine-QT=0; Baricitinib-Hypersensitivity=0; Erenumab-Stroke=0
16380554-2,Tramadol-Hypoglycemia,high,No,annotated drug-event pair with clear margin,462,Azacitidine-QT,0,462,tramadol,,tramadol,hypoglycemia,hypoglycemia,Tramadol-Hypoglycemia=462; Azacitidine-QT=0; Baricitinib-Hypersensitivity=0; Erenumab-Stroke=0
16384336-1,Tramadol-Hypoglycemia,high,No,annotated drug-event pair with clear margin,714,Azacitidine-QT,0,714,tramadol,,tramadol,hypoglycemia,hypoglycemia,Tramadol-Hypoglycemia=714; Azacitidine-QT=0; Baricitinib-Hypersensitivity=0; Erenumab-Stroke=0
16388425-2,Baricitinib-Hypersensitivity,low,Yes,"weak, incomplete, or competing evidence",102,Azacitidine-QT,0,102,,,,allergic reaction,allergic reaction,Baricitinib-Hypersensitivity=102; Azacitidine-QT=0; Erenumab-Stroke=0; Tramadol-Hypoglycemia=0
16397537-2,Erenumab-Stroke,high,No,annotated drug-event pair with clear margin,720,Azacitidine-QT,0,720,erenumab; Aimovig,,erenumab; Aimovig,stroke; cerebrovascular accident,stroke; cerebrovascular accident,Erenumab-Stroke=720; Azacitidine-QT=0; Baricitinib-Hypersensitivity=0; Tramadol-Hypoglycemia=0
16403017-1,Tramadol-Hypoglycemia,high,No,annotated drug-event pair with clear margin,438,Azacitidine-QT,0,438,tramadol,,tramadol,hypoglycemia,hypoglycemia,Tramadol-Hypoglycemia=438; Azacitidine-QT=0; Baricitinib-Hypersensitivity=0; Erenumab-Stroke=0
16404651-1,Erenumab-Stroke,high,No,annotated drug-event pair with clear margin,720,Azacitidine-QT,0,720,erenumab; Aimovig,,erenumab; Aimovig,stroke; cerebrovascular accident,stroke; cerebrovascular accident,Erenumab-Stroke=720; Azacitidine-QT=0; Baricitinib-Hypersensitivity=0; Tramadol-Hypoglycemia=0
16405917-5,UNRESOLVED,unclassified,Yes,no target drug or event evidence,0,Baricitinib-Hypersensitivity,0,0,,,,,,Azacitidine-QT=0; Baricitinib-Hypersensitivity=0; Erenumab-Stroke=0; Tramadol-Hypoglycemia=0
16412356-1,Tramadol-Hypoglycemia,high,No,annotated drug-event pair with clear margin,648,Azacitidine-QT,0,648,tramadol,,tramadol,hypoglycemia,hypoglycemia,Tramadol-Hypoglycemia=648; Azacitidine-QT=0; Baricitinib-Hypersensitivity=0; Erenumab-Stroke=0
16418709-1,Baricitinib-Hypersensitivity,high,No,annotated drug-event pair with clear margin,810,Azacitidine-QT,0,810,baricitinib; Olumiant,,baricitinib; Olumiant,hypersensitivity,hypersensitivity,Baricitinib-Hypersensitivity=810; Azacitidine-QT=0; Erenumab-Stroke=0; Tramadol-Hypoglycemia=0
16418926-1,Baricitinib-Hypersensitivity,medium,No,annotated target drug without strong event evidence,300,Azacitidine-QT,0,300,baricitinib; Olumiant,,baricitinib; Olumiant,,,Baricitinib-Hypersensitivity=300; Azacitidine-QT=0; Erenumab-Stroke=0; Tramadol-Hypoglycemia=0
16426197-2,Tramadol-Hypoglycemia,high,No,annotated drug-event pair with clear margin,780,Azacitidine-QT,0,780,tramadol,,tramadol,hypoglycemia,hypoglycemia,Tramadol-Hypoglycemia=780; Azacitidine-QT=0; Baricitinib-Hypersensitivity=0; Erenumab-Stroke=0
16427416-1,Erenumab-Stroke,medium,No,annotated target drug without strong event evidence,168,Azacitidine-QT,0,168,Aimovig,,Aimovig,,,Erenumab-Stroke=168; Azacitidine-QT=0; Baricitinib-Hypersensitivity=0; Tramadol-Hypoglycemia=0
16430031-1,UNRESOLVED,unclassified,Yes,no target drug or event evidence,0,Baricitinib-Hypersensitivity,0,0,,,,,,Azacitidine-QT=0; Baricitinib-Hypersensitivity=0; Erenumab-Stroke=0; Tramadol-Hypoglycemia=0
16440110-1,Azacitidine-QT,medium,No,annotated target drug without strong event evidence,180,Baricitinib-Hypersensitivity,0,180,Vidaza,,Vidaza,,,Azacitidine-QT=180; Baricitinib-Hypersensitivity=0; Erenumab-Stroke=0; Tramadol-Hypoglycemia=0
16453716-4,Erenumab-Stroke,high,No,annotated drug-event pair with clear margin,600,Azacitidine-QT,0,600,Aimovig,,Aimovig,stroke; cerebrovascular accident,stroke; cerebrovascular accident,Erenumab-Stroke=600; Azacitidine-QT=0; Baricitinib-Hypersensitivity=0; Tramadol-Hypoglycemia=0
16461482-6,Erenumab-Stroke,high,No,annotated drug-event pair with clear margin,708,Azacitidine-QT,0,708,erenumab; Aimovig,,erenumab; Aimovig,stroke; cerebrovascular accident,stroke; cerebrovascular accident,Erenumab-Stroke=708; Azacitidine-QT=0; Baricitinib-Hypersensitivity=0; Tramadol-Hypoglycemia=0
16468509-1,Erenumab-Stroke,high,No,annotated drug-event pair with clear margin,600,Azacitidine-QT,0,600,Aimovig,,Aimovig,stroke; transient ischemic attack,stroke; transient ischemic attack,Erenumab-Stroke=600; Azacitidine-QT=0; Baricitinib-Hypersensitivity=0; Tramadol-Hypoglycemia=0
16469665-1,Erenumab-Stroke,medium,No,annotated target drug without strong event evidence,144,Azacitidine-QT,0,144,Aimovig,,Aimovig,,,Erenumab-Stroke=144; Azacitidine-QT=0; Baricitinib-Hypersensitivity=0; Tramadol-Hypoglycemia=0
16472908-2,Erenumab-Stroke,medium,No,annotated target drug without strong event evidence,300,Azacitidine-QT,0,300,erenumab; Aimovig,,erenumab; Aimovig,,,Erenumab-Stroke=300; Azacitidine-QT=0; Baricitinib-Hypersensitivity=0; Tramadol-Hypoglycemia=0
16481847-1,Baricitinib-Hypersensitivity,medium,No,annotated target drug without strong event evidence,300,Azacitidine-QT,0,300,baricitinib; Olumiant,,baricitinib; Olumiant,,,Baricitinib-Hypersensitivity=300; Azacitidine-QT=0; Erenumab-Stroke=0; Tramadol-Hypoglycemia=0
16483243-5,Baricitinib-Hypersensitivity,medium,No,annotated target drug without strong event evidence,276,Azacitidine-QT,0,276,baricitinib; Olumiant,,baricitinib; Olumiant,,,Baricitinib-Hypersensitivity=276; Azacitidine-QT=0; Erenumab-Stroke=0; Tramadol-Hypoglycemia=0
16485144-1,Tramadol-Hypoglycemia,high,No,annotated drug-event pair with clear margin,498,Azacitidine-QT,0,498,tramadol,,tramadol,hypoglycemia,hypoglycemia,Tramadol-Hypoglycemia=498; Azacitidine-QT=0; Baricitinib-Hypersensitivity=0; Erenumab-Stroke=0
16485683-1,UNRESOLVED,unclassified,Yes,no target drug or event evidence,0,Baricitinib-Hypersensitivity,0,0,,,,,,Azacitidine-QT=0; Baricitinib-Hypersensitivity=0; Erenumab-Stroke=0; Tramadol-Hypoglycemia=0
16499836-2,Erenumab-Stroke,medium,No,annotated target drug without strong event evidence,180,Azacitidine-QT,0,180,Aimovig,,Aimovig,,,Erenumab-Stroke=180; Azacitidine-QT=0; Baricitinib-Hypersensitivity=0; Tramadol-Hypoglycemia=0
16518066-1,UNRESOLVED,unclassified,Yes,no target drug or event evidence,0,Baricitinib-Hypersensitivity,0,0,,,,,,Azacitidine-QT=0; Baricitinib-Hypersensitivity=0; Erenumab-Stroke=0; Tramadol-Hypoglycemia=0
16527987-1,Erenumab-Stroke,high,No,annotated drug-event pair with clear margin,576,Azacitidine-QT,0,576,Aimovig,,Aimovig,stroke; cerebrovascular accident,cerebrovascular accident,Erenumab-Stroke=576; Azacitidine-QT=0; Baricitinib-Hypersensitivity=0; Tramadol-Hypoglycemia=0
16535182-2,Erenumab-Stroke,high,No,annotated drug-event pair with clear margin,810,Azacitidine-QT,0,810,erenumab; Aimovig,,erenumab; Aimovig,stroke; cerebrovascular accident,stroke; cerebrovascular accident,Erenumab-Stroke=810; Azacitidine-QT=0; Baricitinib-Hypersensitivity=0; Tramadol-Hypoglycemia=0
16536762-3,Baricitinib-Hypersensitivity,medium,No,annotated target drug without strong event evidence,300,Azacitidine-QT,0,300,baricitinib; Olumiant,,baricitinib; Olumiant,,,Baricitinib-Hypersensitivity=300; Azacitidine-QT=0; Erenumab-Stroke=0; Tramadol-Hypoglycemia=0
16568822-2,Erenumab-Stroke,high,No,annotated drug-event pair with clear margin,600,Azacitidine-QT,0,600,Aimovig,,Aimovig,stroke; cerebrovascular accident,stroke; cerebrovascular accident,Erenumab-Stroke=600; Azacitidine-QT=0; Baricitinib-Hypersensitivity=0; Tramadol-Hypoglycemia=0
16583386-1,Erenumab-Stroke,medium,No,annotated target drug without strong event evidence,156,Azacitidine-QT,0,156,Aimovig,,Aimovig,,,Erenumab-Stroke=156; Azacitidine-QT=0; Baricitinib-Hypersensitivity=0; Tramadol-Hypoglycemia=0
16586459-3,Azacitidine-QT,medium,No,annotated target drug without strong event evidence,180,Baricitinib-Hypersensitivity,0,180,azacitidine,,azacitidine,,,Azacitidine-QT=180; Baricitinib-Hypersensitivity=0; Erenumab-Stroke=0; Tramadol-Hypoglycemia=0
16606729-2,Erenumab-Stroke,medium,No,annotated target drug without strong event evidence,264,Azacitidine-QT,0,264,erenumab; Aimovig,,erenumab; Aimovig,,,Erenumab-Stroke=264; Azacitidine-QT=0; Baricitinib-Hypersensitivity=0; Tramadol-Hypoglycemia=0
16606869-1,UNRESOLVED,unclassified,Yes,no target drug or event evidence,0,Baricitinib-Hypersensitivity,0,0,,,,,,Azacitidine-QT=0; Baricitinib-Hypersensitivity=0; Erenumab-Stroke=0; Tramadol-Hypoglycemia=0
16610110-1,Erenumab-Stroke,high,No,annotated drug-event pair with clear margin,600,Azacitidine-QT,0,600,Aimovig,,Aimovig,stroke; cerebrovascular accident,stroke; cerebrovascular accident,Erenumab-Stroke=600; Azacitidine-QT=0; Baricitinib-Hypersensitivity=0; Tramadol-Hypoglycemia=0
16623569-1,Baricitinib-Hypersensitivity,medium,No,annotated target drug without strong event evidence,300,Azacitidine-QT,0,300,baricitinib; Olumiant,,baricitinib; Olumiant,,,Baricitinib-Hypersensitivity=300; Azacitidine-QT=0; Erenumab-Stroke=0; Tramadol-Hypoglycemia=0
16624350-1,UNRESOLVED,unclassified,Yes,no target drug or event evidence,0,Baricitinib-Hypersensitivity,0,0,,,,,,Azacitidine-QT=0; Baricitinib-Hypersensitivity=0; Erenumab-Stroke=0; Tramadol-Hypoglycemia=0
16628101-1,Baricitinib-Hypersensitivity,low,Yes,"weak, incomplete, or competing evidence",204,Azacitidine-QT,0,204,,,,allergic reaction; hives,allergic reaction; hives,Baricitinib-Hypersensitivity=204; Azacitidine-QT=0; Erenumab-Stroke=0; Tramadol-Hypoglycemia=0
16634132-1,Baricitinib-Hypersensitivity,high,No,annotated drug-event pair with clear margin,570,Azacitidine-QT,0,570,baricitinib; Olumiant,,baricitinib; Olumiant,hives,hives,Baricitinib-Hypersensitivity=570; Azacitidine-QT=0; Erenumab-Stroke=0; Tramadol-Hypoglycemia=0
16644229-1,Baricitinib-Hypersensitivity,high,No,annotated drug-event pair with clear margin,672,Azacitidine-QT,0,672,baricitinib; Olumiant,,baricitinib; Olumiant,allergic reaction; hives,allergic reaction; hives,Baricitinib-Hypersensitivity=672; Azacitidine-QT=0; Erenumab-Stroke=0; Tramadol-Hypoglycemia=0
16649176-1,Erenumab-Stroke,medium,No,annotated target drug without strong event evidence,168,Azacitidine-QT,0,168,Aimovig,,Aimovig,,,Erenumab-Stroke=168; Azacitidine-QT=0; Baricitinib-Hypersensitivity=0; Tramadol-Hypoglycemia=0
16653248-2,Erenumab-Stroke,high,No,annotated drug-event pair with clear margin,690,Azacitidine-QT,0,690,Aimovig,,Aimovig,stroke; transient ischemic attack,stroke; transient ischemic attack; TIA,Erenumab-Stroke=690; Azacitidine-QT=0; Baricitinib-Hypersensitivity=0; Tramadol-Hypoglycemia=0
16655362-1,Erenumab-Stroke,medium,No,annotated target drug without strong event evidence,300,Azacitidine-QT,0,300,erenumab; Aimovig,,erenumab; Aimovig,,,Erenumab-Stroke=300; Azacitidine-QT=0; Baricitinib-Hypersensitivity=0; Tramadol-Hypoglycemia=0
16660303-2,Azacitidine-QT,high,No,annotated drug-event pair with clear margin,678,Baricitinib-Hypersensitivity,0,678,azacitidine,,azacitidine,torsade; ventricular arrhythmia,torsade; ventricular arrhythmia,Azacitidine-QT=678; Baricitinib-Hypersensitivity=0; Erenumab-Stroke=0; Tramadol-Hypoglycemia=0
16666294-3,Erenumab-Stroke,high,No,annotated drug-event pair with clear margin,690,Azacitidine-QT,0,690,Aimovig,,Aimovig,stroke,stroke; transient ischemic attack; TIA,Erenumab-Stroke=690; Azacitidine-QT=0; Baricitinib-Hypersensitivity=0; Tramadol-Hypoglycemia=0
16674218-23,Azacitidine-QT,medium,No,annotated target drug without strong event evidence,180,Tramadol-Hypoglycemia,52,128,azacitidine,,azacitidine,,,Azacitidine-QT=180; Tramadol-Hypoglycemia=52; Baricitinib-Hypersensitivity=0; Erenumab-Stroke=0
16688387-1,Erenumab-Stroke,high,No,annotated drug-event pair with clear margin,810,Azacitidine-QT,0,810,erenumab; Aimovig,,erenumab; Aimovig,stroke,stroke,Erenumab-Stroke=810; Azacitidine-QT=0; Baricitinib-Hypersensitivity=0; Tramadol-Hypoglycemia=0
16692955-1,UNRESOLVED,unclassified,Yes,no target drug or event evidence,0,Baricitinib-Hypersensitivity,0,0,,,,,,Azacitidine-QT=0; Baricitinib-Hypersensitivity=0; Erenumab-Stroke=0; Tramadol-Hypoglycemia=0
16694655-1,Baricitinib-Hypersensitivity,medium,No,annotated target drug without strong event evidence,300,Azacitidine-QT,0,300,baricitinib; Olumiant,,baricitinib; Olumiant,,,Baricitinib-Hypersensitivity=300; Azacitidine-QT=0; Erenumab-Stroke=0; Tramadol-Hypoglycemia=0
16696187-1,Azacitidine-QT,medium,No,annotated target drug without strong event evidence,144,Baricitinib-Hypersensitivity,0,144,azacitidine,,azacitidine,,,Azacitidine-QT=144; Baricitinib-Hypersensitivity=0; Erenumab-Stroke=0; Tramadol-Hypoglycemia=0
16698737-1,Azacitidine-QT,medium,No,annotated target drug without strong event evidence,396,Baricitinib-Hypersensitivity,0,396,azacitidine,,azacitidine,,,Azacitidine-QT=396; Baricitinib-Hypersensitivity=0; Erenumab-Stroke=0; Tramadol-Hypoglycemia=0
16704929-1,Erenumab-Stroke,high,No,annotated drug-event pair with clear margin,678,Azacitidine-QT,0,678,Aimovig,,Aimovig,stroke; transient ischemic attack,stroke; transient ischemic attack,Erenumab-Stroke=678; Azacitidine-QT=0; Baricitinib-Hypersensitivity=0; Tramadol-Hypoglycemia=0
16713825-2,Erenumab-Stroke,high,No,annotated drug-event pair with clear margin,690,Azacitidine-QT,0,690,erenumab,,erenumab,stroke,stroke,Erenumab-Stroke=690; Azacitidine-QT=0; Baricitinib-Hypersensitivity=0; Tramadol-Hypoglycemia=0
16715419-1,UNRESOLVED,unclassified,Yes,no target drug or event evidence,0,Baricitinib-Hypersensitivity,0,0,,,,,,Azacitidine-QT=0; Baricitinib-Hypersensitivity=0; Erenumab-Stroke=0; Tramadol-Hypoglycemia=0
16723979-1,Baricitinib-Hypersensitivity,low,Yes,"weak, incomplete, or competing evidence",102,Azacitidine-QT,0,102,,,,hives,hives,Baricitinib-Hypersensitivity=102; Azacitidine-QT=0; Erenumab-Stroke=0; Tramadol-Hypoglycemia=0
16728688-1,Azacitidine-QT,high,No,annotated drug-event pair with clear margin,438,Baricitinib-Hypersensitivity,0,438,azacitidine,,azacitidine,ventricular arrhythmia,ventricular arrhythmia,Azacitidine-QT=438; Baricitinib-Hypersensitivity=0; Erenumab-Stroke=0; Tramadol-Hypoglycemia=0
16730220-2,Erenumab-Stroke,high,No,annotated drug-event pair with clear margin,750,Azacitidine-QT,0,750,erenumab; Aimovig,,erenumab; Aimovig,cerebrovascular accident,cerebrovascular accident,Erenumab-Stroke=750; Azacitidine-QT=0; Baricitinib-Hypersensitivity=0; Tramadol-Hypoglycemia=0
16730603-1,Erenumab-Stroke,medium,No,annotated target drug without strong event evidence,168,Azacitidine-QT,0,168,Aimovig,,Aimovig,,,Erenumab-Stroke=168; Azacitidine-QT=0; Baricitinib-Hypersensitivity=0; Tramadol-Hypoglycemia=0
16732772-2,Erenumab-Stroke,medium,No,annotated target drug without strong event evidence,300,Azacitidine-QT,0,300,erenumab; Aimovig,,erenumab; Aimovig,,,Erenumab-Stroke=300; Azacitidine-QT=0; Baricitinib-Hypersensitivity=0; Tramadol-Hypoglycemia=0
16733443-5,Erenumab-Stroke,medium,No,annotated target drug without strong event evidence,300,Baricitinib-Hypersensitivity,102,198,erenumab; Aimovig,,erenumab; Aimovig,,,Erenumab-Stroke=300; Baricitinib-Hypersensitivity=102; Azacitidine-QT=0; Tramadol-Hypoglycemia=0
16738389-3,Azacitidine-QT,medium,No,annotated target drug without strong event evidence,180,Baricitinib-Hypersensitivity,0,180,Vidaza,,Vidaza,,,Azacitidine-QT=180; Baricitinib-Hypersensitivity=0; Erenumab-Stroke=0; Tramadol-Hypoglycemia=0
16744464-1,Azacitidine-QT,medium,No,annotated target drug without strong event evidence,156,Baricitinib-Hypersensitivity,0,156,azacitidine,,azacitidine; azacytidine,,,Azacitidine-QT=156; Baricitinib-Hypersensitivity=0; Erenumab-Stroke=0; Tramadol-Hypoglycemia=0
16750864-1,Azacitidine-QT,high,No,annotated drug-event pair with clear margin,474,Baricitinib-Hypersensitivity,0,474,azacitidine,,azacitidine,QT prolongation,QT prolongation,Azacitidine-QT=474; Baricitinib-Hypersensitivity=0; Erenumab-Stroke=0; Tramadol-Hypoglycemia=0
16751578-1,Erenumab-Stroke,high,No,annotated drug-event pair with clear margin,600,Azacitidine-QT,0,600,Aimovig,,Aimovig,stroke; cerebrovascular accident,stroke; cerebrovascular accident,Erenumab-Stroke=600; Azacitidine-QT=0; Baricitinib-Hypersensitivity=0; Tramadol-Hypoglycemia=0
16754524-3,Baricitinib-Hypersensitivity,medium,No,annotated target drug without strong event evidence,288,Azacitidine-QT,0,288,baricitinib; Olumiant,,baricitinib; Olumiant,,,Baricitinib-Hypersensitivity=288; Azacitidine-QT=0; Erenumab-Stroke=0; Tramadol-Hypoglycemia=0
16756882-3,Tramadol-Hypoglycemia,high,No,annotated drug-event pair with clear margin,438,Azacitidine-QT,0,438,tramadol,,tramadol,hypoglycemia,hypoglycemia,Tramadol-Hypoglycemia=438; Azacitidine-QT=0; Baricitinib-Hypersensitivity=0; Erenumab-Stroke=0
16761344-1,Baricitinib-Hypersensitivity,high,No,annotated drug-event pair with clear margin,660,Azacitidine-QT,0,660,baricitinib; Olumiant,,baricitinib; Olumiant,urticaria,urticaria,Baricitinib-Hypersensitivity=660; Azacitidine-QT=0; Erenumab-Stroke=0; Tramadol-Hypoglycemia=0
16779038-5,Erenumab-Stroke,high,No,annotated drug-event pair with clear margin,486,Azacitidine-QT,0,486,Aimovig,,Aimovig,stroke,stroke,Erenumab-Stroke=486; Azacitidine-QT=0; Baricitinib-Hypersensitivity=0; Tramadol-Hypoglycemia=0
16785605-1,Erenumab-Stroke,medium,No,annotated target drug without strong event evidence,144,Azacitidine-QT,0,144,Aimovig,,Aimovig,,,Erenumab-Stroke=144; Azacitidine-QT=0; Baricitinib-Hypersensitivity=0; Tramadol-Hypoglycemia=0
16789743-3,Erenumab-Stroke,medium,No,annotated target drug without strong event evidence,180,Azacitidine-QT,0,180,Aimovig,,erenumab; Aimovig,,,Erenumab-Stroke=180; Azacitidine-QT=0; Baricitinib-Hypersensitivity=0; Tramadol-Hypoglycemia=0
16793586-2,Erenumab-Stroke,medium,No,annotated target drug without strong event evidence,180,Azacitidine-QT,0,180,Aimovig,,Aimovig,,,Erenumab-Stroke=180; Azacitidine-QT=0; Baricitinib-Hypersensitivity=0; Tramadol-Hypoglycemia=0
16795796-1,Erenumab-Stroke,high,No,annotated drug-event pair with clear margin,588,Azacitidine-QT,0,588,Aimovig,,Aimovig,stroke,stroke,Erenumab-Stroke=588; Azacitidine-QT=0; Baricitinib-Hypersensitivity=0; Tramadol-Hypoglycemia=0
16802689-1,Erenumab-Stroke,medium,No,annotated target drug without strong event evidence,180,Azacitidine-QT,0,180,erenumab,,erenumab,,,Erenumab-Stroke=180; Azacitidine-QT=0; Baricitinib-Hypersensitivity=0; Tramadol-Hypoglycemia=0
16817121-1,Erenumab-Stroke,high,No,annotated drug-event pair with clear margin,414,Azacitidine-QT,0,414,Aimovig,,Aimovig,stroke,stroke,Erenumab-Stroke=414; Azacitidine-QT=0; Baricitinib-Hypersensitivity=0; Tramadol-Hypoglycemia=0
16833252-4,Azacitidine-QT,medium,No,annotated target drug without strong event evidence,300,Baricitinib-Hypersensitivity,0,300,azacitidine; Vidaza,,azacitidine; Vidaza,,,Azacitidine-QT=300; Baricitinib-Hypersensitivity=0; Erenumab-Stroke=0; Tramadol-Hypoglycemia=0
16848027-2,Erenumab-Stroke,high,No,annotated drug-event pair with clear margin,600,Azacitidine-QT,0,600,Aimovig,,Aimovig,stroke; cerebrovascular accident,stroke; cerebrovascular accident,Erenumab-Stroke=600; Azacitidine-QT=0; Baricitinib-Hypersensitivity=0; Tramadol-Hypoglycemia=0
16850199-1,Erenumab-Stroke,high,No,annotated drug-event pair with clear margin,720,Azacitidine-QT,0,720,erenumab; Aimovig,,erenumab; Aimovig,stroke; cerebrovascular accident,stroke; cerebrovascular accident,Erenumab-Stroke=720; Azacitidine-QT=0; Baricitinib-Hypersensitivity=0; Tramadol-Hypoglycemia=0
16850932-1,Erenumab-Stroke,medium,No,annotated target drug without strong event evidence,156,Azacitidine-QT,0,156,Aimovig,,Aimovig,,,Erenumab-Stroke=156; Azacitidine-QT=0; Baricitinib-Hypersensitivity=0; Tramadol-Hypoglycemia=0
16853799-3,Erenumab-Stroke,high,No,annotated drug-event pair with clear margin,690,Azacitidine-QT,0,690,Aimovig,,Aimovig,stroke,stroke,Erenumab-Stroke=690; Azacitidine-QT=0; Baricitinib-Hypersensitivity=0; Tramadol-Hypoglycemia=0
16854911-4,Tramadol-Hypoglycemia,high,No,annotated drug-event pair with clear margin,486,Azacitidine-QT,228,258,tramadol,,tramadol,hypoglycemia,hypoglycemia,Tramadol-Hypoglycemia=486; Azacitidine-QT=228; Baricitinib-Hypersensitivity=0; Erenumab-Stroke=0
16870187-2,Tramadol-Hypoglycemia,low,Yes,"weak, incomplete, or competing evidence",12,Azacitidine-QT,0,12,,,tramadol,,,Tramadol-Hypoglycemia=12; Azacitidine-QT=0; Baricitinib-Hypersensitivity=0; Erenumab-Stroke=0
16872598-3,Tramadol-Hypoglycemia,high,No,annotated drug-event pair with clear margin,738,Azacitidine-QT,240,498,tramadol,,tramadol,hypoglycemia,hypoglycemia,Tramadol-Hypoglycemia=738; Azacitidine-QT=240; Baricitinib-Hypersensitivity=0; Erenumab-Stroke=0
16876781-1,Tramadol-Hypoglycemia,high,No,annotated drug-event pair with clear margin,654,Azacitidine-QT,0,654,tramadol,,tramadol,hypoglycemia,hypoglycemia,Tramadol-Hypoglycemia=654; Azacitidine-QT=0; Baricitinib-Hypersensitivity=0; Erenumab-Stroke=0
16876881-1,Tramadol-Hypoglycemia,high,No,annotated drug-event pair with clear margin,498,Azacitidine-QT,0,498,tramadol,,tramadol,hypoglycemia,hypoglycemia,Tramadol-Hypoglycemia=498; Azacitidine-QT=0; Baricitinib-Hypersensitivity=0; Erenumab-Stroke=0
16879044-1,Erenumab-Stroke,medium,No,annotated target drug without strong event evidence,168,Azacitidine-QT,0,168,Aimovig,,Aimovig,,,Erenumab-Stroke=168; Azacitidine-QT=0; Baricitinib-Hypersensitivity=0; Tramadol-Hypoglycemia=0
16887164-4,Erenumab-Stroke,medium,No,annotated target drug without strong event evidence,180,Azacitidine-QT,0,180,Aimovig,,Aimovig,,,Erenumab-Stroke=180; Azacitidine-QT=0; Baricitinib-Hypersensitivity=0; Tramadol-Hypoglycemia=0
16889945-1,Erenumab-Stroke,medium,No,annotated target drug without strong event evidence,132,Azacitidine-QT,0,132,erenumab,,erenumab,,,Erenumab-Stroke=132; Azacitidine-QT=0; Baricitinib-Hypersensitivity=0; Tramadol-Hypoglycemia=0
16891711-4,Azacitidine-QT,medium,No,annotated target drug without strong event evidence,180,Baricitinib-Hypersensitivity,0,180,azacitidine,,azacitidine,,,Azacitidine-QT=180; Baricitinib-Hypersensitivity=0; Erenumab-Stroke=0; Tramadol-Hypoglycemia=0
16894001-1,Baricitinib-Hypersensitivity,medium,No,annotated target drug without strong event evidence,288,Azacitidine-QT,0,288,baricitinib; Olumiant,,baricitinib; Olumiant,,,Baricitinib-Hypersensitivity=288; Azacitidine-QT=0; Erenumab-Stroke=0; Tramadol-Hypoglycemia=0
16910602-1,Erenumab-Stroke,medium,No,annotated target drug without strong event evidence,168,Azacitidine-QT,0,168,Aimovig,,Aimovig,,,Erenumab-Stroke=168; Azacitidine-QT=0; Baricitinib-Hypersensitivity=0; Tramadol-Hypoglycemia=0
16912709-3,Erenumab-Stroke,medium,No,annotated target drug without strong event evidence,288,Tramadol-Hypoglycemia,24,264,erenumab; Aimovig,,erenumab; Aimovig,,,Erenumab-Stroke=288; Tramadol-Hypoglycemia=24; Azacitidine-QT=0; Baricitinib-Hypersensitivity=0
16913865-2,Tramadol-Hypoglycemia,high,No,annotated drug-event pair with clear margin,894,Baricitinib-Hypersensitivity,102,792,tramadol,,tramadol,hypoglycemia,hypoglycemia,Tramadol-Hypoglycemia=894; Baricitinib-Hypersensitivity=102; Azacitidine-QT=0; Erenumab-Stroke=0
16922485-2,Erenumab-Stroke,high,No,annotated drug-event pair with clear margin,720,Azacitidine-QT,0,720,erenumab; Aimovig,,erenumab; Aimovig,stroke; cerebrovascular accident,stroke; cerebrovascular accident,Erenumab-Stroke=720; Azacitidine-QT=0; Baricitinib-Hypersensitivity=0; Tramadol-Hypoglycemia=0
16922569-1,Tramadol-Hypoglycemia,high,No,annotated drug-event pair with clear margin,462,Azacitidine-QT,0,462,tramadol,,tramadol,hypoglycemia,hypoglycemia,Tramadol-Hypoglycemia=462; Azacitidine-QT=0; Baricitinib-Hypersensitivity=0; Erenumab-Stroke=0
16930430-1,Baricitinib-Hypersensitivity,medium,No,annotated target drug without strong event evidence,408,Azacitidine-QT,0,408,baricitinib; Olumiant,,baricitinib; Olumiant,,,Baricitinib-Hypersensitivity=408; Azacitidine-QT=0; Erenumab-Stroke=0; Tramadol-Hypoglycemia=0
16937340-2,Erenumab-Stroke,high,No,annotated drug-event pair with clear margin,600,Azacitidine-QT,0,600,Aimovig,,Aimovig,stroke; cerebrovascular accident,stroke; cerebrovascular accident,Erenumab-Stroke=600; Azacitidine-QT=0; Baricitinib-Hypersensitivity=0; Tramadol-Hypoglycemia=0
16940669-1,Erenumab-Stroke,high,No,annotated drug-event pair with clear margin,666,Azacitidine-QT,0,666,erenumab,,erenumab,stroke,stroke,Erenumab-Stroke=666; Azacitidine-QT=0; Baricitinib-Hypersensitivity=0; Tramadol-Hypoglycemia=0
16945865-1,Tramadol-Hypoglycemia,high,No,annotated drug-event pair with clear margin,792,Azacitidine-QT,0,792,tramadol,,tramadol,hypoglycemia,hypoglycemia,Tramadol-Hypoglycemia=792; Azacitidine-QT=0; Baricitinib-Hypersensitivity=0; Erenumab-Stroke=0
16966580-1,Baricitinib-Hypersensitivity,high,No,annotated drug-event pair with clear margin,582,Azacitidine-QT,0,582,baricitinib; Olumiant,,baricitinib; Olumiant,hives,hives,Baricitinib-Hypersensitivity=582; Azacitidine-QT=0; Erenumab-Stroke=0; Tramadol-Hypoglycemia=0
16972000-1,Erenumab-Stroke,high,No,annotated drug-event pair with clear margin,690,Azacitidine-QT,0,690,erenumab,,erenumab,stroke,stroke,Erenumab-Stroke=690; Azacitidine-QT=0; Baricitinib-Hypersensitivity=0; Tramadol-Hypoglycemia=0
16987115-1,Erenumab-Stroke,medium,No,drug-event evidence with positive margin,198,Azacitidine-QT,0,198,,,erenumab,,stroke,Erenumab-Stroke=198; Azacitidine-QT=0; Baricitinib-Hypersensitivity=0; Tramadol-Hypoglycemia=0
16989763-2,Erenumab-Stroke,high,No,annotated drug-event pair with clear margin,720,Azacitidine-QT,0,720,erenumab; Aimovig,,erenumab; Aimovig,stroke,stroke,Erenumab-Stroke=720; Azacitidine-QT=0; Baricitinib-Hypersensitivity=0; Tramadol-Hypoglycemia=0
16994025-1,Tramadol-Hypoglycemia,medium,No,annotated target drug without strong event evidence,132,Azacitidine-QT,0,132,tramadol,,tramadol,,,Tramadol-Hypoglycemia=132; Azacitidine-QT=0; Baricitinib-Hypersensitivity=0; Erenumab-Stroke=0
17002409-2,Erenumab-Stroke,medium,No,annotated target drug without strong event evidence,276,Azacitidine-QT,0,276,erenumab; Aimovig,,erenumab; Aimovig,,,Erenumab-Stroke=276; Azacitidine-QT=0; Baricitinib-Hypersensitivity=0; Tramadol-Hypoglycemia=0
17016972-5,Tramadol-Hypoglycemia,high,No,annotated drug-event pair with clear margin,528,Azacitidine-QT,0,528,tramadol,,tramadol,hypoglycemia,hypoglycemia,Tramadol-Hypoglycemia=528; Azacitidine-QT=0; Baricitinib-Hypersensitivity=0; Erenumab-Stroke=0
17026037-1,Erenumab-Stroke,high,No,annotated drug-event pair with clear margin,426,Azacitidine-QT,0,426,Aimovig,,Aimovig,stroke,stroke,Erenumab-Stroke=426; Azacitidine-QT=0; Baricitinib-Hypersensitivity=0; Tramadol-Hypoglycemia=0
17032978-4,Baricitinib-Hypersensitivity,medium,No,annotated target drug without strong event evidence,288,Azacitidine-QT,0,288,baricitinib; Olumiant,,baricitinib; Olumiant,,,Baricitinib-Hypersensitivity=288; Azacitidine-QT=0; Erenumab-Stroke=0; Tramadol-Hypoglycemia=0
17044017-2,Erenumab-Stroke,high,No,annotated drug-event pair with clear margin,840,Azacitidine-QT,0,840,Aimovig,,Aimovig,stroke; cerebrovascular accident,stroke; cerebrovascular accident,Erenumab-Stroke=840; Azacitidine-QT=0; Baricitinib-Hypersensitivity=0; Tramadol-Hypoglycemia=0
17044300-1,UNRESOLVED,unclassified,Yes,no target drug or event evidence,0,Baricitinib-Hypersensitivity,0,0,,,,,,Azacitidine-QT=0; Baricitinib-Hypersensitivity=0; Erenumab-Stroke=0; Tramadol-Hypoglycemia=0
17044732-1,Baricitinib-Hypersensitivity,medium,No,annotated target drug without strong event evidence,300,Azacitidine-QT,0,300,baricitinib; Olumiant,,baricitinib; Olumiant,,,Baricitinib-Hypersensitivity=300; Azacitidine-QT=0; Erenumab-Stroke=0; Tramadol-Hypoglycemia=0
17047541-2,Baricitinib-Hypersensitivity,medium,No,annotated target drug without strong event evidence,420,Azacitidine-QT,0,420,baricitinib; Olumiant,,baricitinib; Olumiant,,,Baricitinib-Hypersensitivity=420; Azacitidine-QT=0; Erenumab-Stroke=0; Tramadol-Hypoglycemia=0
17064203-2,Erenumab-Stroke,medium,No,annotated target drug without strong event evidence,420,Azacitidine-QT,0,420,Aimovig,,Aimovig,,,Erenumab-Stroke=420; Azacitidine-QT=0; Baricitinib-Hypersensitivity=0; Tramadol-Hypoglycemia=0
17064287-2,Erenumab-Stroke,high,No,annotated drug-event pair with clear margin,840,Azacitidine-QT,0,840,erenumab; Aimovig,,erenumab; Aimovig,stroke; cerebrovascular accident,stroke; cerebrovascular accident,Erenumab-Stroke=840; Azacitidine-QT=0; Baricitinib-Hypersensitivity=0; Tramadol-Hypoglycemia=0
17071898-1,Azacitidine-QT,medium,No,annotated target drug without strong event evidence,180,Baricitinib-Hypersensitivity,0,180,Vidaza,,Vidaza,,,Azacitidine-QT=180; Baricitinib-Hypersensitivity=0; Erenumab-Stroke=0; Tramadol-Hypoglycemia=0
17088321-1,Erenumab-Stroke,medium,No,drug-event evidence with positive margin,288,Azacitidine-QT,0,288,,,Aimovig,transient ischemic attack,transient ischemic attack,Erenumab-Stroke=288; Azacitidine-QT=0; Baricitinib-Hypersensitivity=0; Tramadol-Hypoglycemia=0
17092864-3,Erenumab-Stroke,high,No,annotated drug-event pair with clear margin,810,Azacitidine-QT,0,810,Aimovig,,Aimovig,stroke; cerebral infarction,stroke; cerebral infarction,Erenumab-Stroke=810; Azacitidine-QT=0; Baricitinib-Hypersensitivity=0; Tramadol-Hypoglycemia=0
17098383-1,Tramadol-Hypoglycemia,high,No,annotated drug-event pair with clear margin,414,Azacitidine-QT,0,414,tramadol,,tramadol,hypoglycemia,hypoglycemia,Tramadol-Hypoglycemia=414; Azacitidine-QT=0; Baricitinib-Hypersensitivity=0; Erenumab-Stroke=0
17114613-1,Erenumab-Stroke,high,No,annotated drug-event pair with clear margin,720,Azacitidine-QT,0,720,erenumab; Aimovig,,erenumab; Aimovig,stroke; cerebrovascular accident,stroke; cerebrovascular accident,Erenumab-Stroke=720; Azacitidine-QT=0; Baricitinib-Hypersensitivity=0; Tramadol-Hypoglycemia=0
17130126-1,Erenumab-Stroke,high,No,suspect drug plus event evidence,282,Azacitidine-QT,0,282,Aimovig,,Aimovig,,stroke,Erenumab-Stroke=282; Azacitidine-QT=0; Baricitinib-Hypersensitivity=0; Tramadol-Hypoglycemia=0
17141061-1,Baricitinib-Hypersensitivity,medium,No,annotated target drug without strong event evidence,300,Azacitidine-QT,0,300,baricitinib; Olumiant,,baricitinib; Olumiant,,,Baricitinib-Hypersensitivity=300; Azacitidine-QT=0; Erenumab-Stroke=0; Tramadol-Hypoglycemia=0
17156928-1,UNRESOLVED,unclassified,Yes,no target drug or event evidence,0,Baricitinib-Hypersensitivity,0,0,,,,,,Azacitidine-QT=0; Baricitinib-Hypersensitivity=0; Erenumab-Stroke=0; Tramadol-Hypoglycemia=0
17168041-1,Baricitinib-Hypersensitivity,medium,No,annotated target drug without strong event evidence,132,Azacitidine-QT,0,132,Olumiant,,Olumiant,,,Baricitinib-Hypersensitivity=132; Azacitidine-QT=0; Erenumab-Stroke=0; Tramadol-Hypoglycemia=0
17184846-2,Baricitinib-Hypersensitivity,high,No,annotated drug-event pair with clear margin,726,Azacitidine-QT,0,726,baricitinib; Olumiant,,baricitinib; Olumiant,urticaria,angioedema; urticaria,Baricitinib-Hypersensitivity=726; Azacitidine-QT=0; Erenumab-Stroke=0; Tramadol-Hypoglycemia=0
17185101-3,Tramadol-Hypoglycemia,high,No,annotated drug-event pair with clear margin,648,Azacitidine-QT,0,648,tramadol,,tramadol,hypoglycemia,hypoglycemia,Tramadol-Hypoglycemia=648; Azacitidine-QT=0; Baricitinib-Hypersensitivity=0; Erenumab-Stroke=0
17217711-1,Tramadol-Hypoglycemia,high,No,annotated drug-event pair with clear margin,678,Erenumab-Stroke,12,666,tramadol,,tramadol,hypoglycemia,hypoglycemia,Tramadol-Hypoglycemia=678; Erenumab-Stroke=12; Azacitidine-QT=0; Baricitinib-Hypersensitivity=0
17229686-1,Tramadol-Hypoglycemia,high,No,annotated drug-event pair with clear margin,666,Azacitidine-QT,102,564,tramadol,,tramadol,hypoglycemia,hypoglycemia,Tramadol-Hypoglycemia=666; Azacitidine-QT=102; Baricitinib-Hypersensitivity=0; Erenumab-Stroke=0
17233470-1,Tramadol-Hypoglycemia,high,No,annotated drug-event pair with clear margin,630,Erenumab-Stroke,24,606,tramadol,,tramadol,hypoglycemia,hypoglycemia,Tramadol-Hypoglycemia=630; Erenumab-Stroke=24; Azacitidine-QT=0; Baricitinib-Hypersensitivity=0
17237689-1,Tramadol-Hypoglycemia,high,No,annotated drug-event pair with clear margin,798,Erenumab-Stroke,114,684,tramadol,,tramadol,hypoglycemia,hypoglycemia,Tramadol-Hypoglycemia=798; Erenumab-Stroke=114; Azacitidine-QT=0; Baricitinib-Hypersensitivity=0
17243497-1,Tramadol-Hypoglycemia,high,No,annotated drug-event pair with clear margin,930,Erenumab-Stroke,12,918,tramadol,,tramadol,hypoglycemia,hypoglycemia,Tramadol-Hypoglycemia=930; Erenumab-Stroke=12; Azacitidine-QT=0; Baricitinib-Hypersensitivity=0
17245682-1,Tramadol-Hypoglycemia,high,No,annotated drug-event pair with clear margin,564,Erenumab-Stroke,12,552,tramadol,,tramadol,hypoglycemia,hypoglycemia,Tramadol-Hypoglycemia=564; Erenumab-Stroke=12; Azacitidine-QT=0; Baricitinib-Hypersensitivity=0
17247360-1,Tramadol-Hypoglycemia,high,No,annotated drug-event pair with clear margin,810,Erenumab-Stroke,12,798,tramadol,,tramadol,hypoglycemia,hypoglycemia,Tramadol-Hypoglycemia=810; Erenumab-Stroke=12; Azacitidine-QT=0; Baricitinib-Hypersensitivity=0
17266112-1,Tramadol-Hypoglycemia,medium,No,drug-event evidence with positive margin,432,Erenumab-Stroke,12,420,,,tramadol,hypoglycemia,hypoglycemia,Tramadol-Hypoglycemia=432; Erenumab-Stroke=12; Azacitidine-QT=0; Baricitinib-Hypersensitivity=0
17266271-1,Tramadol-Hypoglycemia,medium,No,drug-event evidence with positive margin,432,Erenumab-Stroke,12,420,,,tramadol,hypoglycemia,hypoglycemia,Tramadol-Hypoglycemia=432; Erenumab-Stroke=12; Azacitidine-QT=0; Baricitinib-Hypersensitivity=0
17300597-1,Baricitinib-Hypersensitivity,medium,No,annotated target drug without strong event evidence,288,Azacitidine-QT,0,288,baricitinib; Olumiant,,baricitinib; Olumiant,,,Baricitinib-Hypersensitivity=288; Azacitidine-QT=0; Erenumab-Stroke=0; Tramadol-Hypoglycemia=0
17305623-1,Tramadol-Hypoglycemia,high,No,annotated drug-event pair with clear margin,654,Azacitidine-QT,0,654,tramadol,,tramadol,hypoglycemia,hypoglycemia,Tramadol-Hypoglycemia=654; Azacitidine-QT=0; Baricitinib-Hypersensitivity=0; Erenumab-Stroke=0
17368239-1,Tramadol-Hypoglycemia,high,No,annotated drug-event pair with clear margin,450,Azacitidine-QT,0,450,tramadol,,tramadol,hypoglycemia,hypoglycemia,Tramadol-Hypoglycemia=450; Azacitidine-QT=0; Baricitinib-Hypersensitivity=0; Erenumab-Stroke=0
17373232-3,Baricitinib-Hypersensitivity,medium,No,annotated target drug without strong event evidence,300,Azacitidine-QT,0,300,baricitinib; Olumiant,,baricitinib; Olumiant,,,Baricitinib-Hypersensitivity=300; Azacitidine-QT=0; Erenumab-Stroke=0; Tramadol-Hypoglycemia=0
17401114-1,Tramadol-Hypoglycemia,high,No,annotated drug-event pair with clear margin,678,Azacitidine-QT,0,678,tramadol,,tramadol,hypoglycemia,hypoglycemia,Tramadol-Hypoglycemia=678; Azacitidine-QT=0; Baricitinib-Hypersensitivity=0; Erenumab-Stroke=0
17411659-1,Baricitinib-Hypersensitivity,medium,No,annotated target drug without strong event evidence,300,Azacitidine-QT,0,300,baricitinib; Olumiant,,baricitinib; Olumiant,,,Baricitinib-Hypersensitivity=300; Azacitidine-QT=0; Erenumab-Stroke=0; Tramadol-Hypoglycemia=0
17420309-1,Baricitinib-Hypersensitivity,medium,No,annotated target drug without strong event evidence,300,Azacitidine-QT,0,300,baricitinib; Olumiant,,baricitinib; Olumiant,,,Baricitinib-Hypersensitivity=300; Azacitidine-QT=0; Erenumab-Stroke=0; Tramadol-Hypoglycemia=0
17427222-2,Tramadol-Hypoglycemia,high,No,annotated drug-event pair with clear margin,594,Azacitidine-QT,0,594,tramadol,,tramadol,hypoglycemia,hypoglycemia,Tramadol-Hypoglycemia=594; Azacitidine-QT=0; Baricitinib-Hypersensitivity=0; Erenumab-Stroke=0
17427274-2,Tramadol-Hypoglycemia,high,No,annotated drug-event pair with clear margin,708,Erenumab-Stroke,12,696,tramadol,,tramadol,hypoglycemia,hypoglycemia,Tramadol-Hypoglycemia=708; Erenumab-Stroke=12; Azacitidine-QT=0; Baricitinib-Hypersensitivity=0
17429608-2,Tramadol-Hypoglycemia,high,No,annotated drug-event pair with clear margin,708,Erenumab-Stroke,114,594,tramadol,,tramadol,hypoglycemia,hypoglycemia,Tramadol-Hypoglycemia=708; Erenumab-Stroke=114; Azacitidine-QT=0; Baricitinib-Hypersensitivity=0
17431119-2,Baricitinib-Hypersensitivity,medium,No,annotated target drug without strong event evidence,420,Azacitidine-QT,0,420,baricitinib; Olumiant,,baricitinib; Olumiant,,,Baricitinib-Hypersensitivity=420; Azacitidine-QT=0; Erenumab-Stroke=0; Tramadol-Hypoglycemia=0
17431803-4,Tramadol-Hypoglycemia,high,No,annotated drug-event pair with clear margin,930,Azacitidine-QT,0,930,tramadol,,tramadol,hypoglycemia,hypoglycemia,Tramadol-Hypoglycemia=930; Azacitidine-QT=0; Baricitinib-Hypersensitivity=0; Erenumab-Stroke=0
17438552-2,Tramadol-Hypoglycemia,high,No,annotated drug-event pair with clear margin,672,Azacitidine-QT,0,672,tramadol,,tramadol,hypoglycemia,hypoglycemia,Tramadol-Hypoglycemia=672; Azacitidine-QT=0; Baricitinib-Hypersensitivity=0; Erenumab-Stroke=0
17496674-2,Azacitidine-QT,high,No,annotated drug-event pair with clear margin,738,Baricitinib-Hypersensitivity,0,738,azacitidine; Vidaza,,azacitidine; Vidaza,ventricular arrhythmia,ventricular arrhythmia,Azacitidine-QT=738; Baricitinib-Hypersensitivity=0; Erenumab-Stroke=0; Tramadol-Hypoglycemia=0
17509951-1,Baricitinib-Hypersensitivity,high,No,annotated drug-event pair with clear margin,438,Azacitidine-QT,0,438,baricitinib,,baricitinib,allergic reaction,allergic reaction,Baricitinib-Hypersensitivity=438; Azacitidine-QT=0; Erenumab-Stroke=0; Tramadol-Hypoglycemia=0
17521878-1,Azacitidine-QT,medium,No,annotated target drug without strong event evidence,156,Baricitinib-Hypersensitivity,0,156,Vidaza,,Vidaza,,,Azacitidine-QT=156; Baricitinib-Hypersensitivity=0; Erenumab-Stroke=0; Tramadol-Hypoglycemia=0
17527816-1,Azacitidine-QT,medium,No,annotated target drug without strong event evidence,420,Baricitinib-Hypersensitivity,0,420,azacitidine,,azacitidine,,,Azacitidine-QT=420; Baricitinib-Hypersensitivity=0; Erenumab-Stroke=0; Tramadol-Hypoglycemia=0
17552119-7,Azacitidine-QT,high,No,annotated drug-event pair with clear margin,564,Baricitinib-Hypersensitivity,0,564,azacitidine,,azacitidine,QT prolongation; ventricular arrhythmia,QT prolongation; ventricular arrhythmia,Azacitidine-QT=564; Baricitinib-Hypersensitivity=0; Erenumab-Stroke=0; Tramadol-Hypoglycemia=0
17587785-8,Tramadol-Hypoglycemia,low,Yes,"weak, incomplete, or competing evidence",330,Azacitidine-QT,306,24,,,,hypoglycemia,hypoglycemia,Tramadol-Hypoglycemia=330; Azacitidine-QT=306; Erenumab-Stroke=12; Baricitinib-Hypersensitivity=0
17602247-1,Baricitinib-Hypersensitivity,medium,No,annotated target drug without strong event evidence,300,Azacitidine-QT,0,300,baricitinib; Olumiant,,baricitinib; Olumiant,,,Baricitinib-Hypersensitivity=300; Azacitidine-QT=0; Erenumab-Stroke=0; Tramadol-Hypoglycemia=0
17650443-1,Baricitinib-Hypersensitivity,medium,No,annotated target drug without strong event evidence,132,Azacitidine-QT,0,132,baricitinib,,baricitinib,,,Baricitinib-Hypersensitivity=132; Azacitidine-QT=0; Erenumab-Stroke=0; Tramadol-Hypoglycemia=0
17677628-1,Azacitidine-QT,medium,No,annotated target drug without strong event evidence,180,Baricitinib-Hypersensitivity,0,180,Vidaza,,Vidaza,,,Azacitidine-QT=180; Baricitinib-Hypersensitivity=0; Erenumab-Stroke=0; Tramadol-Hypoglycemia=0
17677757-4,Baricitinib-Hypersensitivity,medium,No,annotated target drug without strong event evidence,300,Azacitidine-QT,0,300,baricitinib; Olumiant,,baricitinib; Olumiant,,,Baricitinib-Hypersensitivity=300; Azacitidine-QT=0; Erenumab-Stroke=0; Tramadol-Hypoglycemia=0
17751669-3,Baricitinib-Hypersensitivity,medium,No,annotated target drug without strong event evidence,300,Azacitidine-QT,0,300,baricitinib; Olumiant,,baricitinib; Olumiant,,,Baricitinib-Hypersensitivity=300; Azacitidine-QT=0; Erenumab-Stroke=0; Tramadol-Hypoglycemia=0
17799236-2,Baricitinib-Hypersensitivity,medium,No,annotated target drug without strong event evidence,300,Azacitidine-QT,0,300,baricitinib; Olumiant,,baricitinib; Olumiant,,,Baricitinib-Hypersensitivity=300; Azacitidine-QT=0; Erenumab-Stroke=0; Tramadol-Hypoglycemia=0
17800028-2,Baricitinib-Hypersensitivity,medium,No,annotated target drug without strong event evidence,408,Azacitidine-QT,0,408,baricitinib; Olumiant,,baricitinib; Olumiant,,,Baricitinib-Hypersensitivity=408; Azacitidine-QT=0; Erenumab-Stroke=0; Tramadol-Hypoglycemia=0
17820662-6,Azacitidine-QT,medium,No,annotated target drug without strong event evidence,300,Erenumab-Stroke,114,186,azacitidine,,azacitidine,,,Azacitidine-QT=300; Erenumab-Stroke=114; Baricitinib-Hypersensitivity=0; Tramadol-Hypoglycemia=0
17831030-1,Baricitinib-Hypersensitivity,medium,No,annotated target drug without strong event evidence,288,Azacitidine-QT,0,288,baricitinib; Olumiant,,baricitinib; Olumiant,,,Baricitinib-Hypersensitivity=288; Azacitidine-QT=0; Erenumab-Stroke=0; Tramadol-Hypoglycemia=0
17880116-1,UNRESOLVED,unclassified,Yes,no target drug or event evidence,0,Baricitinib-Hypersensitivity,0,0,,,,,,Azacitidine-QT=0; Baricitinib-Hypersensitivity=0; Erenumab-Stroke=0; Tramadol-Hypoglycemia=0
17891524-1,Baricitinib-Hypersensitivity,high,No,annotated drug-event pair with clear margin,786,Azacitidine-QT,0,786,baricitinib; Olumiant,,baricitinib; Olumiant,allergic reaction,allergic reaction,Baricitinib-Hypersensitivity=786; Azacitidine-QT=0; Erenumab-Stroke=0; Tramadol-Hypoglycemia=0
17907943-1,Baricitinib-Hypersensitivity,medium,No,annotated target drug without strong event evidence,288,Azacitidine-QT,0,288,baricitinib; Olumiant,,baricitinib; Olumiant,,,Baricitinib-Hypersensitivity=288; Azacitidine-QT=0; Erenumab-Stroke=0; Tramadol-Hypoglycemia=0
17931333-2,Baricitinib-Hypersensitivity,medium,No,annotated target drug without strong event evidence,144,Azacitidine-QT,0,144,baricitinib,,baricitinib,,,Baricitinib-Hypersensitivity=144; Azacitidine-QT=0; Erenumab-Stroke=0; Tramadol-Hypoglycemia=0
18020312-2,Azacitidine-QT,high,No,annotated drug-event pair with clear margin,798,Baricitinib-Hypersensitivity,0,798,azacitidine; Vidaza,,azacitidine; Vidaza,ventricular arrhythmia,ventricular arrhythmia,Azacitidine-QT=798; Baricitinib-Hypersensitivity=0; Erenumab-Stroke=0; Tramadol-Hypoglycemia=0
18118948-1,Baricitinib-Hypersensitivity,medium,No,annotated target drug without strong event evidence,180,Azacitidine-QT,0,180,baricitinib,,baricitinib,,,Baricitinib-Hypersensitivity=180; Azacitidine-QT=0; Erenumab-Stroke=0; Tramadol-Hypoglycemia=0
18160905-1,Baricitinib-Hypersensitivity,medium,No,annotated target drug without strong event evidence,180,Azacitidine-QT,0,180,baricitinib,,baricitinib,,,Baricitinib-Hypersensitivity=180; Azacitidine-QT=0; Erenumab-Stroke=0; Tramadol-Hypoglycemia=0
18164313-1,Baricitinib-Hypersensitivity,medium,No,annotated target drug without strong event evidence,300,Azacitidine-QT,0,300,baricitinib; Olumiant,,baricitinib; Olumiant,,,Baricitinib-Hypersensitivity=300; Azacitidine-QT=0; Erenumab-Stroke=0; Tramadol-Hypoglycemia=0
18171229-1,Azacitidine-QT,medium,No,annotated target drug without strong event evidence,180,Baricitinib-Hypersensitivity,0,180,Vidaza,,Vidaza,,,Azacitidine-QT=180; Baricitinib-Hypersensitivity=0; Erenumab-Stroke=0; Tramadol-Hypoglycemia=0
18171251-2,Azacitidine-QT,medium,No,annotated target drug without strong event evidence,420,Baricitinib-Hypersensitivity,0,420,azacytidine,,5-azacytidine; azacytidine,,,Azacitidine-QT=420; Baricitinib-Hypersensitivity=0; Erenumab-Stroke=0; Tramadol-Hypoglycemia=0
18177097-3,Azacitidine-QT,medium,No,annotated target drug without strong event evidence,180,Baricitinib-Hypersensitivity,0,180,azacitidine,,azacitidine,,,Azacitidine-QT=180; Baricitinib-Hypersensitivity=0; Erenumab-Stroke=0; Tramadol-Hypoglycemia=0
18200535-2,Baricitinib-Hypersensitivity,high,No,annotated drug-event pair with clear margin,570,Azacitidine-QT,0,570,baricitinib; Olumiant,,baricitinib; Olumiant,hypersensitivity,hypersensitivity,Baricitinib-Hypersensitivity=570; Azacitidine-QT=0; Erenumab-Stroke=0; Tramadol-Hypoglycemia=0
3047591-1,UNRESOLVED,unclassified,Yes,no target drug or event evidence,0,Baricitinib-Hypersensitivity,0,0,,,,,,Azacitidine-QT=0; Baricitinib-Hypersensitivity=0; Erenumab-Stroke=0; Tramadol-Hypoglycemia=0
3148634-1,Azacitidine-QT,medium,No,annotated target drug without strong event evidence,168,Baricitinib-Hypersensitivity,0,168,azacytidine,,5-azacytidine; azacytidine,,,Azacitidine-QT=168; Baricitinib-Hypersensitivity=0; Erenumab-Stroke=0; Tramadol-Hypoglycemia=0
3160420-2,Tramadol-Hypoglycemia,high,No,annotated drug-event pair with clear margin,648,Azacitidine-QT,0,648,Ultram,,Ultram,hypoglycemia,hypoglycemia,Tramadol-Hypoglycemia=648; Azacitidine-QT=0; Baricitinib-Hypersensitivity=0; Erenumab-Stroke=0
3312352-1,Tramadol-Hypoglycemia,high,No,annotated drug-event pair with clear margin,414,Azacitidine-QT,0,414,tramadol,,tramadol,hypoglycemia,hypoglycemia,Tramadol-Hypoglycemia=414; Azacitidine-QT=0; Baricitinib-Hypersensitivity=0; Erenumab-Stroke=0
3496473-2,Tramadol-Hypoglycemia,medium,No,annotated target drug without strong event evidence,264,Azacitidine-QT,0,264,tramadol,,tramadol,,,Tramadol-Hypoglycemia=264; Azacitidine-QT=0; Baricitinib-Hypersensitivity=0; Erenumab-Stroke=0
3516080-1,Tramadol-Hypoglycemia,high,No,annotated drug-event pair with clear margin,774,Azacitidine-QT,0,774,tramadol,,tramadol,hypoglycemia,hypoglycemia; low glucose,Tramadol-Hypoglycemia=774; Azacitidine-QT=0; Baricitinib-Hypersensitivity=0; Erenumab-Stroke=0
3673921-1,Tramadol-Hypoglycemia,high,No,suspect drug plus event evidence,270,Azacitidine-QT,0,270,tramadol,,tramadol,,low glucose,Tramadol-Hypoglycemia=270; Azacitidine-QT=0; Baricitinib-Hypersensitivity=0; Erenumab-Stroke=0
3720662-2,Tramadol-Hypoglycemia,medium,No,annotated target drug without strong event evidence,264,Azacitidine-QT,0,264,tramadol,,tramadol,,,Tramadol-Hypoglycemia=264; Azacitidine-QT=0; Baricitinib-Hypersensitivity=0; Erenumab-Stroke=0
3764042-1,Tramadol-Hypoglycemia,high,No,annotated drug-event pair with clear margin,582,Azacitidine-QT,0,582,tramadol,,tramadol,hypoglycemia,hypoglycemia,Tramadol-Hypoglycemia=582; Azacitidine-QT=0; Baricitinib-Hypersensitivity=0; Erenumab-Stroke=0
3768169-1,Tramadol-Hypoglycemia,medium,No,annotated target drug without strong event evidence,132,Azacitidine-QT,0,132,tramadol,,tramadol,,,Tramadol-Hypoglycemia=132; Azacitidine-QT=0; Baricitinib-Hypersensitivity=0; Erenumab-Stroke=0
3840304-1,Tramadol-Hypoglycemia,medium,No,annotated target drug without strong event evidence,132,Azacitidine-QT,0,132,tramadol,,tramadol,,,Tramadol-Hypoglycemia=132; Azacitidine-QT=0; Baricitinib-Hypersensitivity=0; Erenumab-Stroke=0
3842651-2,Tramadol-Hypoglycemia,high,No,annotated drug-event pair with clear margin,906,Baricitinib-Hypersensitivity,12,894,tramadol,,tramadol,hypoglycemia,hypoglycemia,Tramadol-Hypoglycemia=906; Baricitinib-Hypersensitivity=12; Azacitidine-QT=0; Erenumab-Stroke=0
3867283-1,Tramadol-Hypoglycemia,high,No,annotated drug-event pair with clear margin,660,Azacitidine-QT,0,660,tramadol,,tramadol,hypoglycemia,hypoglycemia,Tramadol-Hypoglycemia=660; Azacitidine-QT=0; Baricitinib-Hypersensitivity=0; Erenumab-Stroke=0
3967639-1,Tramadol-Hypoglycemia,high,No,annotated drug-event pair with clear margin,660,Baricitinib-Hypersensitivity,12,648,tramadol; Zydol,,tramadol; Zydol,hypoglycemia,hypoglycemia,Tramadol-Hypoglycemia=660; Baricitinib-Hypersensitivity=12; Azacitidine-QT=0; Erenumab-Stroke=0
4007489-1,Tramadol-Hypoglycemia,low,Yes,"weak, incomplete, or competing evidence",114,Azacitidine-QT,0,114,,,,hypoglycemia,hypoglycemia,Tramadol-Hypoglycemia=114; Azacitidine-QT=0; Baricitinib-Hypersensitivity=0; Erenumab-Stroke=0
4036960-1,Tramadol-Hypoglycemia,medium,No,annotated target drug without strong event evidence,276,Azacitidine-QT,0,276,tramadol; Tramal,,tramadol; Tramal,,,Tramadol-Hypoglycemia=276; Azacitidine-QT=0; Baricitinib-Hypersensitivity=0; Erenumab-Stroke=0
4050137-2,Tramadol-Hypoglycemia,high,No,annotated drug-event pair with clear margin,594,Azacitidine-QT,0,594,tramadol,,tramadol,hypoglycemia,hypoglycemia,Tramadol-Hypoglycemia=594; Azacitidine-QT=0; Baricitinib-Hypersensitivity=0; Erenumab-Stroke=0
4119337-1,Tramadol-Hypoglycemia,high,No,annotated drug-event pair with clear margin,450,Azacitidine-QT,0,450,tramadol,,tramadol,hypoglycemia,hypoglycemia,Tramadol-Hypoglycemia=450; Azacitidine-QT=0; Baricitinib-Hypersensitivity=0; Erenumab-Stroke=0
4149782-2,Tramadol-Hypoglycemia,high,No,annotated drug-event pair with clear margin,450,Azacitidine-QT,0,450,tramadol,,tramadol,hypoglycemia,hypoglycemia,Tramadol-Hypoglycemia=450; Azacitidine-QT=0; Baricitinib-Hypersensitivity=0; Erenumab-Stroke=0
4218819-1,Azacitidine-QT,medium,No,annotated target drug without strong event evidence,196,Baricitinib-Hypersensitivity,0,196,Vidaza,azacitidine,azacitidine; Vidaza,,,Azacitidine-QT=196; Baricitinib-Hypersensitivity=0; Erenumab-Stroke=0; Tramadol-Hypoglycemia=0
4219081-1,Tramadol-Hypoglycemia,medium,No,annotated target drug without strong event evidence,132,Azacitidine-QT,0,132,tramadol,,tramadol,,,Tramadol-Hypoglycemia=132; Azacitidine-QT=0; Baricitinib-Hypersensitivity=0; Erenumab-Stroke=0
5656181-2,Tramadol-Hypoglycemia,low,Yes,"weak, incomplete, or competing evidence",12,Azacitidine-QT,0,12,,,tramadol,,,Tramadol-Hypoglycemia=12; Azacitidine-QT=0; Baricitinib-Hypersensitivity=0; Erenumab-Stroke=0
5671687-2,Tramadol-Hypoglycemia,medium,No,annotated target drug without strong event evidence,132,Azacitidine-QT,0,132,tramadol,,tramadol,,,Tramadol-Hypoglycemia=132; Azacitidine-QT=0; Baricitinib-Hypersensitivity=0; Erenumab-Stroke=0
5734041-1,Tramadol-Hypoglycemia,high,No,annotated drug-event pair with clear margin,540,Azacitidine-QT,0,540,tramadol,,tramadol,hypoglycemia,hypoglycemia,Tramadol-Hypoglycemia=540; Azacitidine-QT=0; Baricitinib-Hypersensitivity=0; Erenumab-Stroke=0
5754568-1,Azacitidine-QT,medium,No,annotated target drug without strong event evidence,168,Baricitinib-Hypersensitivity,0,168,Vidaza,,Vidaza,,,Azacitidine-QT=168; Baricitinib-Hypersensitivity=0; Erenumab-Stroke=0; Tramadol-Hypoglycemia=0
5787932-1,Tramadol-Hypoglycemia,high,No,annotated drug-event pair with clear margin,780,Azacitidine-QT,0,780,tramadol; Ixprim,,tramadol; Ixprim,hypoglycemia,hypoglycemia,Tramadol-Hypoglycemia=780; Azacitidine-QT=0; Baricitinib-Hypersensitivity=0; Erenumab-Stroke=0
5873528-1,Tramadol-Hypoglycemia,high,No,annotated drug-event pair with clear margin,690,Azacitidine-QT,0,690,tramadol,,tramadol,hypoglycemia,hypoglycemia,Tramadol-Hypoglycemia=690; Azacitidine-QT=0; Baricitinib-Hypersensitivity=0; Erenumab-Stroke=0
5894560-3,Tramadol-Hypoglycemia,high,No,annotated drug-event pair with clear margin,690,Azacitidine-QT,0,690,tramadol; Ixprim,,tramadol; Ixprim,hypoglycemia,hypoglycemia,Tramadol-Hypoglycemia=690; Azacitidine-QT=0; Baricitinib-Hypersensitivity=0; Erenumab-Stroke=0
5906403-1,Tramadol-Hypoglycemia,high,No,annotated drug-event pair with clear margin,426,Azacitidine-QT,0,426,tramadol,,tramadol,hypoglycemia,hypoglycemia,Tramadol-Hypoglycemia=426; Azacitidine-QT=0; Baricitinib-Hypersensitivity=0; Erenumab-Stroke=0
5928901-2,Tramadol-Hypoglycemia,medium,No,annotated target drug without strong event evidence,396,Azacitidine-QT,0,396,tramadol,,tramadol,,,Tramadol-Hypoglycemia=396; Azacitidine-QT=0; Baricitinib-Hypersensitivity=0; Erenumab-Stroke=0
5940107-2,Tramadol-Hypoglycemia,medium,No,drug-event evidence with positive margin,306,Azacitidine-QT,0,306,,,tramadol,hypoglycemia,hypoglycemia,Tramadol-Hypoglycemia=306; Azacitidine-QT=0; Baricitinib-Hypersensitivity=0; Erenumab-Stroke=0
5950148-1,Tramadol-Hypoglycemia,medium,No,annotated target drug without strong event evidence,132,Azacitidine-QT,0,132,tramadol,,tramadol,,,Tramadol-Hypoglycemia=132; Azacitidine-QT=0; Baricitinib-Hypersensitivity=0; Erenumab-Stroke=0
5963649-3,Tramadol-Hypoglycemia,high,No,suspect drug plus event evidence,366,Azacitidine-QT,102,264,tramadol,,tramadol,,hypoglycemia,Tramadol-Hypoglycemia=366; Azacitidine-QT=102; Baricitinib-Hypersensitivity=0; Erenumab-Stroke=0
5969127-1,Azacitidine-QT,medium,No,annotated target drug without strong event evidence,144,Baricitinib-Hypersensitivity,0,144,Vidaza,,Vidaza,,,Azacitidine-QT=144; Baricitinib-Hypersensitivity=0; Erenumab-Stroke=0; Tramadol-Hypoglycemia=0
6035673-2,Tramadol-Hypoglycemia,high,No,suspect drug plus event evidence,390,Azacitidine-QT,0,390,tramadol,,tramadol,,low glucose,Tramadol-Hypoglycemia=390; Azacitidine-QT=0; Baricitinib-Hypersensitivity=0; Erenumab-Stroke=0
6061156-1,Tramadol-Hypoglycemia,high,No,annotated drug-event pair with clear margin,450,Azacitidine-QT,0,450,Ultram,,Ultram,hypoglycemia,hypoglycemia,Tramadol-Hypoglycemia=450; Azacitidine-QT=0; Baricitinib-Hypersensitivity=0; Erenumab-Stroke=0
6151652-1,Tramadol-Hypoglycemia,high,No,annotated drug-event pair with clear margin,648,Azacitidine-QT,0,648,tramadol,,tramadol,hypoglycemia,hypoglycemia,Tramadol-Hypoglycemia=648; Azacitidine-QT=0; Baricitinib-Hypersensitivity=0; Erenumab-Stroke=0
6152959-1,Tramadol-Hypoglycemia,high,No,annotated drug-event pair with clear margin,678,Azacitidine-QT,0,678,tramadol; Ixprim,,tramadol; Ixprim,hypoglycemia,hypoglycemia,Tramadol-Hypoglycemia=678; Azacitidine-QT=0; Baricitinib-Hypersensitivity=0; Erenumab-Stroke=0
6201395-1,Azacitidine-QT,medium,No,annotated target drug without strong event evidence,300,Baricitinib-Hypersensitivity,0,300,azacitidine,azacitidine,azacitidine,,,Azacitidine-QT=300; Baricitinib-Hypersensitivity=0; Erenumab-Stroke=0; Tramadol-Hypoglycemia=0
6207664-1,Tramadol-Hypoglycemia,high,No,annotated drug-event pair with clear margin,414,Azacitidine-QT,0,414,tramadol,,tramadol,hypoglycemia,hypoglycemia,Tramadol-Hypoglycemia=414; Azacitidine-QT=0; Baricitinib-Hypersensitivity=0; Erenumab-Stroke=0
6211406-1,Tramadol-Hypoglycemia,high,No,annotated drug-event pair with clear margin,714,Azacitidine-QT,0,714,tramadol,,tramadol,hypoglycemia,hypoglycemia,Tramadol-Hypoglycemia=714; Azacitidine-QT=0; Baricitinib-Hypersensitivity=0; Erenumab-Stroke=0
6215081-2,Tramadol-Hypoglycemia,high,No,annotated drug-event pair with clear margin,552,Azacitidine-QT,0,552,tramadol,,tramadol,hypoglycemia,hypoglycemia,Tramadol-Hypoglycemia=552; Azacitidine-QT=0; Baricitinib-Hypersensitivity=0; Erenumab-Stroke=0
6314630-1,Tramadol-Hypoglycemia,high,No,annotated drug-event pair with clear margin,690,Azacitidine-QT,0,690,tramadol,,tramadol; Ultram,hypoglycemia,hypoglycemia,Tramadol-Hypoglycemia=690; Azacitidine-QT=0; Baricitinib-Hypersensitivity=0; Erenumab-Stroke=0
6314804-2,Tramadol-Hypoglycemia,high,No,annotated drug-event pair with clear margin,450,Azacitidine-QT,0,450,tramadol,,tramadol,hypoglycemia,hypoglycemia,Tramadol-Hypoglycemia=450; Azacitidine-QT=0; Baricitinib-Hypersensitivity=0; Erenumab-Stroke=0
6336322-1,Tramadol-Hypoglycemia,high,No,annotated drug-event pair with clear margin,606,Azacitidine-QT,0,606,tramadol,,tramadol,hypoglycemia,hypoglycemia,Tramadol-Hypoglycemia=606; Azacitidine-QT=0; Baricitinib-Hypersensitivity=0; Erenumab-Stroke=0
6337441-1,Azacitidine-QT,medium,No,annotated target drug without strong event evidence,408,Baricitinib-Hypersensitivity,0,408,azacitidine,,azacitidine,,,Azacitidine-QT=408; Baricitinib-Hypersensitivity=0; Erenumab-Stroke=0; Tramadol-Hypoglycemia=0
6424370-1,Tramadol-Hypoglycemia,high,No,annotated drug-event pair with clear margin,882,Azacitidine-QT,0,882,tramadol,,tramadol,hypoglycemia,hypoglycemia,Tramadol-Hypoglycemia=882; Azacitidine-QT=0; Baricitinib-Hypersensitivity=0; Erenumab-Stroke=0
6436524-1,Tramadol-Hypoglycemia,high,No,annotated drug-event pair with clear margin,438,Azacitidine-QT,0,438,tramadol,,tramadol,hypoglycemia,hypoglycemia,Tramadol-Hypoglycemia=438; Azacitidine-QT=0; Baricitinib-Hypersensitivity=0; Erenumab-Stroke=0
6458448-2,Azacitidine-QT,low,Yes,"weak, incomplete, or competing evidence",330,Tramadol-Hypoglycemia,264,66,,,,QT prolongation,QT prolongation; ventricular arrhythmia,Azacitidine-QT=330; Tramadol-Hypoglycemia=264; Baricitinib-Hypersensitivity=0; Erenumab-Stroke=0
6458780-2,Tramadol-Hypoglycemia,medium,No,annotated target drug without strong event evidence,276,Azacitidine-QT,0,276,tramadol,,tramadol,,,Tramadol-Hypoglycemia=276; Azacitidine-QT=0; Baricitinib-Hypersensitivity=0; Erenumab-Stroke=0
6462551-2,Tramadol-Hypoglycemia,high,No,annotated drug-event pair with clear margin,894,Azacitidine-QT,0,894,tramadol,,tramadol,hypoglycemia,hypoglycemia,Tramadol-Hypoglycemia=894; Azacitidine-QT=0; Baricitinib-Hypersensitivity=0; Erenumab-Stroke=0
6462817-1,Tramadol-Hypoglycemia,high,No,annotated drug-event pair with clear margin,780,Azacitidine-QT,0,780,tramadol,,tramadol,hypoglycemia,hypoglycemia,Tramadol-Hypoglycemia=780; Azacitidine-QT=0; Baricitinib-Hypersensitivity=0; Erenumab-Stroke=0
6462861-1,Tramadol-Hypoglycemia,high,No,annotated drug-event pair with clear margin,438,Azacitidine-QT,0,438,tramadol,,tramadol,hypoglycemia,hypoglycemia; low glucose,Tramadol-Hypoglycemia=438; Azacitidine-QT=0; Baricitinib-Hypersensitivity=0; Erenumab-Stroke=0
6554729-5,Tramadol-Hypoglycemia,high,No,suspect drug plus event evidence,282,Azacitidine-QT,102,180,tramadol,,tramadol,,hypoglycemia,Tramadol-Hypoglycemia=282; Azacitidine-QT=102; Baricitinib-Hypersensitivity=0; Erenumab-Stroke=0
6560428-2,Tramadol-Hypoglycemia,high,No,annotated drug-event pair with clear margin,882,Azacitidine-QT,0,882,tramadol,,tramadol,hypoglycemia,hypoglycemia,Tramadol-Hypoglycemia=882; Azacitidine-QT=0; Baricitinib-Hypersensitivity=0; Erenumab-Stroke=0
6602690-1,Tramadol-Hypoglycemia,high,No,suspect drug plus event evidence,414,Azacitidine-QT,0,414,tramadol,,tramadol,,hypoglycemia,Tramadol-Hypoglycemia=414; Azacitidine-QT=0; Baricitinib-Hypersensitivity=0; Erenumab-Stroke=0
6620448-3,Tramadol-Hypoglycemia,high,No,annotated drug-event pair with clear margin,684,Azacitidine-QT,0,684,tramadol,,tramadol,hypoglycemia,hypoglycemia,Tramadol-Hypoglycemia=684; Azacitidine-QT=0; Baricitinib-Hypersensitivity=0; Erenumab-Stroke=0
6626007-1,Tramadol-Hypoglycemia,high,No,annotated drug-event pair with clear margin,462,Azacitidine-QT,0,462,tramadol,,tramadol,hypoglycemia,hypoglycemia,Tramadol-Hypoglycemia=462; Azacitidine-QT=0; Baricitinib-Hypersensitivity=0; Erenumab-Stroke=0
6658881-1,Tramadol-Hypoglycemia,high,No,suspect drug plus event evidence,402,Azacitidine-QT,0,402,tramadol,,tramadol,,hypoglycemia,Tramadol-Hypoglycemia=402; Azacitidine-QT=0; Baricitinib-Hypersensitivity=0; Erenumab-Stroke=0
6700900-1,Azacitidine-QT,medium,No,annotated target drug without strong event evidence,180,Baricitinib-Hypersensitivity,0,180,Vidaza,,Vidaza,,,Azacitidine-QT=180; Baricitinib-Hypersensitivity=0; Erenumab-Stroke=0; Tramadol-Hypoglycemia=0
6753533-3,Tramadol-Hypoglycemia,high,No,annotated drug-event pair with clear margin,930,Azacitidine-QT,0,930,tramadol,,tramadol,hypoglycemia,hypoglycemia,Tramadol-Hypoglycemia=930; Azacitidine-QT=0; Baricitinib-Hypersensitivity=0; Erenumab-Stroke=0
6783550-2,Azacitidine-QT,medium,No,annotated target drug without strong event evidence,180,Tramadol-Hypoglycemia,12,168,Vidaza,,azacitidine; Vidaza,,,Azacitidine-QT=180; Tramadol-Hypoglycemia=12; Baricitinib-Hypersensitivity=0; Erenumab-Stroke=0
6797565-1,Tramadol-Hypoglycemia,high,No,suspect drug plus event evidence,402,Azacitidine-QT,0,402,tramadol,,tramadol; Ultram,,hypoglycemia,Tramadol-Hypoglycemia=402; Azacitidine-QT=0; Baricitinib-Hypersensitivity=0; Erenumab-Stroke=0
6804305-2,Azacitidine-QT,medium,No,annotated target drug without strong event evidence,180,Tramadol-Hypoglycemia,12,168,Vidaza,,azacitidine; Vidaza,,,Azacitidine-QT=180; Tramadol-Hypoglycemia=12; Baricitinib-Hypersensitivity=0; Erenumab-Stroke=0
6882171-1,Tramadol-Hypoglycemia,high,No,annotated drug-event pair with clear margin,702,Azacitidine-QT,0,702,tramadol; Ultram,,tramadol; Ultram,hypoglycemia,hypoglycemia,Tramadol-Hypoglycemia=702; Azacitidine-QT=0; Baricitinib-Hypersensitivity=0; Erenumab-Stroke=0
6888791-1,Azacitidine-QT,medium,No,annotated target drug without strong event evidence,220,Baricitinib-Hypersensitivity,0,220,Vidaza,azacitidine,azacitidine; Vidaza,,,Azacitidine-QT=220; Baricitinib-Hypersensitivity=0; Erenumab-Stroke=0; Tramadol-Hypoglycemia=0
6896934-1,Azacitidine-QT,medium,No,annotated target drug without strong event evidence,408,Baricitinib-Hypersensitivity,0,408,azacitidine; Vidaza,,azacitidine; Vidaza,,,Azacitidine-QT=408; Baricitinib-Hypersensitivity=0; Erenumab-Stroke=0; Tramadol-Hypoglycemia=0
6899645-2,Tramadol-Hypoglycemia,high,No,annotated drug-event pair with clear margin,564,Azacitidine-QT,0,564,tramadol,,tramadol,hypoglycemia,hypoglycemia,Tramadol-Hypoglycemia=564; Azacitidine-QT=0; Baricitinib-Hypersensitivity=0; Erenumab-Stroke=0
6901377-1,Tramadol-Hypoglycemia,high,No,annotated drug-event pair with clear margin,684,Erenumab-Stroke,102,582,tramadol; Ixprim,,tramadol; Ixprim,hypoglycemia,hypoglycemia,Tramadol-Hypoglycemia=684; Erenumab-Stroke=102; Azacitidine-QT=0; Baricitinib-Hypersensitivity=0
6980090-1,Azacitidine-QT,medium,No,annotated target drug without strong event evidence,264,Baricitinib-Hypersensitivity,0,264,azacitidine,,azacitidine,,,Azacitidine-QT=264; Baricitinib-Hypersensitivity=0; Erenumab-Stroke=0; Tramadol-Hypoglycemia=0
6990942-1,Tramadol-Hypoglycemia,high,No,suspect drug plus event evidence,270,Azacitidine-QT,0,270,tramadol,,tramadol,,hypoglycemia,Tramadol-Hypoglycemia=270; Azacitidine-QT=0; Baricitinib-Hypersensitivity=0; Erenumab-Stroke=0
7037362-1,Azacitidine-QT,medium,No,annotated target drug without strong event evidence,156,Baricitinib-Hypersensitivity,0,156,Vidaza,,Vidaza; azacytidine,,,Azacitidine-QT=156; Baricitinib-Hypersensitivity=0; Erenumab-Stroke=0; Tramadol-Hypoglycemia=0
7041086-1,Azacitidine-QT,medium,No,annotated target drug without strong event evidence,180,Baricitinib-Hypersensitivity,0,180,azacitidine,,azacitidine,,,Azacitidine-QT=180; Baricitinib-Hypersensitivity=0; Erenumab-Stroke=0; Tramadol-Hypoglycemia=0
7073781-1,Azacitidine-QT,medium,No,annotated target drug without strong event evidence,300,Baricitinib-Hypersensitivity,0,300,azacitidine,,azacitidine,,,Azacitidine-QT=300; Baricitinib-Hypersensitivity=0; Erenumab-Stroke=0; Tramadol-Hypoglycemia=0
7087883-2,Azacitidine-QT,medium,No,annotated target drug without strong event evidence,264,Baricitinib-Hypersensitivity,0,264,Vidaza,,Vidaza,,,Azacitidine-QT=264; Baricitinib-Hypersensitivity=0; Erenumab-Stroke=0; Tramadol-Hypoglycemia=0
7103769-1,Azacitidine-QT,medium,No,annotated target drug without strong event evidence,264,Baricitinib-Hypersensitivity,0,264,Vidaza,,Vidaza,,,Azacitidine-QT=264; Baricitinib-Hypersensitivity=0; Erenumab-Stroke=0; Tramadol-Hypoglycemia=0
7159439-1,Tramadol-Hypoglycemia,high,No,annotated drug-event pair with clear margin,726,Azacitidine-QT,0,726,tramadol; Ixprim,,tramadol; Ixprim,hypoglycemia,hypoglycemia,Tramadol-Hypoglycemia=726; Azacitidine-QT=0; Baricitinib-Hypersensitivity=0; Erenumab-Stroke=0
7162813-1,Tramadol-Hypoglycemia,high,No,annotated drug-event pair with clear margin,684,Azacitidine-QT,0,684,tramadol; Ixprim,,tramadol; Ixprim,hypoglycemia,hypoglycemia,Tramadol-Hypoglycemia=684; Azacitidine-QT=0; Baricitinib-Hypersensitivity=0; Erenumab-Stroke=0
7171059-1,Tramadol-Hypoglycemia,high,No,annotated drug-event pair with clear margin,474,Azacitidine-QT,0,474,tramadol,,tramadol,hypoglycemia,hypoglycemia,Tramadol-Hypoglycemia=474; Azacitidine-QT=0; Baricitinib-Hypersensitivity=0; Erenumab-Stroke=0
7178695-1,Tramadol-Hypoglycemia,high,No,annotated drug-event pair with clear margin,426,Azacitidine-QT,0,426,tramadol,,tramadol,hypoglycemia,hypoglycemia,Tramadol-Hypoglycemia=426; Azacitidine-QT=0; Baricitinib-Hypersensitivity=0; Erenumab-Stroke=0
7225804-2,Azacitidine-QT,medium,No,annotated target drug without strong event evidence,180,Baricitinib-Hypersensitivity,0,180,Vidaza,,Vidaza,,,Azacitidine-QT=180; Baricitinib-Hypersensitivity=0; Erenumab-Stroke=0; Tramadol-Hypoglycemia=0
7244242-3,Tramadol-Hypoglycemia,high,No,annotated drug-event pair with clear margin,486,Erenumab-Stroke,12,474,tramadol,,tramadol,hypoglycemia,hypoglycemia,Tramadol-Hypoglycemia=486; Erenumab-Stroke=12; Azacitidine-QT=0; Baricitinib-Hypersensitivity=0
7248929-6,Azacitidine-QT,medium,No,annotated target drug without strong event evidence,180,Baricitinib-Hypersensitivity,0,180,Vidaza,,Vidaza,,,Azacitidine-QT=180; Baricitinib-Hypersensitivity=0; Erenumab-Stroke=0; Tramadol-Hypoglycemia=0
7279244-2,Azacitidine-QT,medium,No,annotated target drug without strong event evidence,180,Baricitinib-Hypersensitivity,0,180,azacitidine,,azacitidine,,,Azacitidine-QT=180; Baricitinib-Hypersensitivity=0; Erenumab-Stroke=0; Tramadol-Hypoglycemia=0
7293882-2,Tramadol-Hypoglycemia,high,No,annotated drug-event pair with clear margin,690,Azacitidine-QT,0,690,tramadol; Ixprim,,tramadol; Ixprim,hypoglycemia,hypoglycemia,Tramadol-Hypoglycemia=690; Azacitidine-QT=0; Baricitinib-Hypersensitivity=0; Erenumab-Stroke=0
7345434-6,Azacitidine-QT,medium,No,annotated target drug without strong event evidence,180,Baricitinib-Hypersensitivity,0,180,Vidaza,,Vidaza,,,Azacitidine-QT=180; Baricitinib-Hypersensitivity=0; Erenumab-Stroke=0; Tramadol-Hypoglycemia=0
7360071-1,Azacitidine-QT,medium,No,annotated target drug without strong event evidence,420,Baricitinib-Hypersensitivity,0,420,azacitidine,,azacitidine,,,Azacitidine-QT=420; Baricitinib-Hypersensitivity=0; Erenumab-Stroke=0; Tramadol-Hypoglycemia=0
7361971-1,Azacitidine-QT,medium,No,annotated target drug without strong event evidence,168,Baricitinib-Hypersensitivity,0,168,Vidaza,,Vidaza,,,Azacitidine-QT=168; Baricitinib-Hypersensitivity=0; Erenumab-Stroke=0; Tramadol-Hypoglycemia=0
7397364-3,Tramadol-Hypoglycemia,high,No,annotated drug-event pair with clear margin,726,Azacitidine-QT,0,726,tramadol; Tramacet,,tramadol; Tramacet,hypoglycemia,hypoglycemia,Tramadol-Hypoglycemia=726; Azacitidine-QT=0; Baricitinib-Hypersensitivity=0; Erenumab-Stroke=0
7452224-2,Tramadol-Hypoglycemia,high,No,annotated drug-event pair with clear margin,702,Erenumab-Stroke,12,690,tramadol; Ixprim,,tramadol; Ixprim,hypoglycemia,hypoglycemia,Tramadol-Hypoglycemia=702; Erenumab-Stroke=12; Azacitidine-QT=0; Baricitinib-Hypersensitivity=0
7455245-1,Tramadol-Hypoglycemia,high,No,suspect drug plus event evidence,258,Baricitinib-Hypersensitivity,102,156,Tremadol,,Tremadol,,low glucose,Tramadol-Hypoglycemia=258; Baricitinib-Hypersensitivity=102; Azacitidine-QT=0; Erenumab-Stroke=0
7522740-4,Azacitidine-QT,medium,No,annotated target drug without strong event evidence,180,Baricitinib-Hypersensitivity,24,156,Vidaza,,Vidaza,,,Azacitidine-QT=180; Baricitinib-Hypersensitivity=24; Erenumab-Stroke=0; Tramadol-Hypoglycemia=0
7587705-2,Azacitidine-QT,medium,No,annotated target drug without strong event evidence,420,Baricitinib-Hypersensitivity,0,420,azacytidine,,5-azacytidine; azacytidine,,,Azacitidine-QT=420; Baricitinib-Hypersensitivity=0; Erenumab-Stroke=0; Tramadol-Hypoglycemia=0
7599678-1,Tramadol-Hypoglycemia,high,No,annotated drug-event pair with clear margin,804,Azacitidine-QT,0,804,tramadol; Ixprim,,tramadol; Ixprim,hypoglycemia,hypoglycemia,Tramadol-Hypoglycemia=804; Azacitidine-QT=0; Baricitinib-Hypersensitivity=0; Erenumab-Stroke=0
7603233-1,Tramadol-Hypoglycemia,high,No,annotated drug-event pair with clear margin,546,Azacitidine-QT,0,546,tramadol,,tramadol,hypoglycemia,hypoglycemia,Tramadol-Hypoglycemia=546; Azacitidine-QT=0; Baricitinib-Hypersensitivity=0; Erenumab-Stroke=0
7613867-1,Tramadol-Hypoglycemia,high,No,suspect drug plus event evidence,522,Azacitidine-QT,0,522,tramadol; Ixprim,,tramadol; Ixprim,,hypoglycemia,Tramadol-Hypoglycemia=522; Azacitidine-QT=0; Baricitinib-Hypersensitivity=0; Erenumab-Stroke=0
7623481-3,Azacitidine-QT,low,Yes,"weak, incomplete, or competing evidence",144,Baricitinib-Hypersensitivity,102,42,azacitidine,,azacitidine; 5-azacytidine,,,Azacitidine-QT=144; Baricitinib-Hypersensitivity=102; Erenumab-Stroke=0; Tramadol-Hypoglycemia=0
7654877-1,Azacitidine-QT,medium,No,annotated target drug without strong event evidence,168,Baricitinib-Hypersensitivity,0,168,Vidaza,,Vidaza,,,Azacitidine-QT=168; Baricitinib-Hypersensitivity=0; Erenumab-Stroke=0; Tramadol-Hypoglycemia=0
7667641-2,Tramadol-Hypoglycemia,high,No,annotated drug-event pair with clear margin,738,Azacitidine-QT,0,738,tramadol,,tramadol,hypoglycemia,hypoglycemia,Tramadol-Hypoglycemia=738; Azacitidine-QT=0; Baricitinib-Hypersensitivity=0; Erenumab-Stroke=0
7689772-2,Tramadol-Hypoglycemia,high,No,annotated drug-event pair with clear margin,606,Azacitidine-QT,0,606,tramadol,,tramadol,hypoglycemia,hypoglycemia,Tramadol-Hypoglycemia=606; Azacitidine-QT=0; Baricitinib-Hypersensitivity=0; Erenumab-Stroke=0
7712153-1,Azacitidine-QT,medium,No,annotated target drug without strong event evidence,180,Baricitinib-Hypersensitivity,0,180,azacitidine,,azacitidine,,,Azacitidine-QT=180; Baricitinib-Hypersensitivity=0; Erenumab-Stroke=0; Tramadol-Hypoglycemia=0
7728808-1,Tramadol-Hypoglycemia,high,No,annotated drug-event pair with clear margin,906,Azacitidine-QT,0,906,tramadol; Ixprim,,tramadol; Ixprim,hypoglycemia,hypoglycemia,Tramadol-Hypoglycemia=906; Azacitidine-QT=0; Baricitinib-Hypersensitivity=0; Erenumab-Stroke=0
7750315-4,Tramadol-Hypoglycemia,high,No,annotated drug-event pair with clear margin,930,Azacitidine-QT,0,930,tramadol; Ixprim,,tramadol; Ixprim,hypoglycemia,hypoglycemia,Tramadol-Hypoglycemia=930; Azacitidine-QT=0; Baricitinib-Hypersensitivity=0; Erenumab-Stroke=0
7764445-3,Tramadol-Hypoglycemia,high,No,annotated drug-event pair with clear margin,714,Azacitidine-QT,0,714,tramadol,,tramadol,hypoglycemia,hypoglycemia,Tramadol-Hypoglycemia=714; Azacitidine-QT=0; Baricitinib-Hypersensitivity=0; Erenumab-Stroke=0
7768467-1,Azacitidine-QT,medium,No,annotated target drug without strong event evidence,168,Baricitinib-Hypersensitivity,0,168,Vidaza,,Vidaza,,,Azacitidine-QT=168; Baricitinib-Hypersensitivity=0; Erenumab-Stroke=0; Tramadol-Hypoglycemia=0
7769213-2,Tramadol-Hypoglycemia,high,No,annotated drug-event pair with clear margin,462,Azacitidine-QT,0,462,tramadol,,tramadol,hypoglycemia,hypoglycemia,Tramadol-Hypoglycemia=462; Azacitidine-QT=0; Baricitinib-Hypersensitivity=0; Erenumab-Stroke=0
7799774-2,Azacitidine-QT,medium,No,annotated target drug without strong event evidence,156,Baricitinib-Hypersensitivity,0,156,Vidaza,,Vidaza,,,Azacitidine-QT=156; Baricitinib-Hypersensitivity=0; Erenumab-Stroke=0; Tramadol-Hypoglycemia=0
7799827-4,Azacitidine-QT,medium,No,annotated target drug without strong event evidence,180,Baricitinib-Hypersensitivity,0,180,Vidaza,,Vidaza,,,Azacitidine-QT=180; Baricitinib-Hypersensitivity=0; Erenumab-Stroke=0; Tramadol-Hypoglycemia=0
7801429-1,Tramadol-Hypoglycemia,high,No,annotated drug-event pair with clear margin,714,Azacitidine-QT,0,714,tramadol,,tramadol,hypoglycemia,hypoglycemia,Tramadol-Hypoglycemia=714; Azacitidine-QT=0; Baricitinib-Hypersensitivity=0; Erenumab-Stroke=0
7804502-1,Tramadol-Hypoglycemia,high,No,annotated drug-event pair with clear margin,792,Azacitidine-QT,0,792,tramadol; Ixprim,,tramadol; Ixprim,hypoglycemia,hypoglycemia,Tramadol-Hypoglycemia=792; Azacitidine-QT=0; Baricitinib-Hypersensitivity=0; Erenumab-Stroke=0
7808766-2,Tramadol-Hypoglycemia,high,No,annotated drug-event pair with clear margin,570,Azacitidine-QT,0,570,tramadol; Ixprim,,tramadol; Ixprim,hypoglycemia,hypoglycemia,Tramadol-Hypoglycemia=570; Azacitidine-QT=0; Baricitinib-Hypersensitivity=0; Erenumab-Stroke=0
7859860-1,Tramadol-Hypoglycemia,high,No,annotated drug-event pair with clear margin,690,Azacitidine-QT,0,690,tramadol,,tramadol,hypoglycemia,hypoglycemia,Tramadol-Hypoglycemia=690; Azacitidine-QT=0; Baricitinib-Hypersensitivity=0; Erenumab-Stroke=0
7882982-1,Tramadol-Hypoglycemia,high,No,annotated drug-event pair with clear margin,450,Azacitidine-QT,0,450,tramadol,,tramadol,hypoglycemia,hypoglycemia,Tramadol-Hypoglycemia=450; Azacitidine-QT=0; Baricitinib-Hypersensitivity=0; Erenumab-Stroke=0
7913008-4,Tramadol-Hypoglycemia,low,Yes,"weak, incomplete, or competing evidence",102,Azacitidine-QT,0,102,,,,hypoglycemia,hypoglycemia,Tramadol-Hypoglycemia=102; Azacitidine-QT=0; Baricitinib-Hypersensitivity=0; Erenumab-Stroke=0
7914687-1,Tramadol-Hypoglycemia,high,No,annotated drug-event pair with clear margin,576,Azacitidine-QT,0,576,tramadol,,tramadol,hypoglycemia,hypoglycemia,Tramadol-Hypoglycemia=576; Azacitidine-QT=0; Baricitinib-Hypersensitivity=0; Erenumab-Stroke=0
7914793-1,Tramadol-Hypoglycemia,high,No,annotated drug-event pair with clear margin,576,Azacitidine-QT,0,576,tramadol,,tramadol,hypoglycemia,hypoglycemia,Tramadol-Hypoglycemia=576; Azacitidine-QT=0; Baricitinib-Hypersensitivity=0; Erenumab-Stroke=0
7930234-4,Azacitidine-QT,medium,No,annotated target drug without strong event evidence,420,Baricitinib-Hypersensitivity,102,318,azacitidine,,azacitidine,,,Azacitidine-QT=420; Baricitinib-Hypersensitivity=102; Erenumab-Stroke=0; Tramadol-Hypoglycemia=0
7932637-1,Azacitidine-QT,medium,No,annotated target drug without strong event evidence,180,Baricitinib-Hypersensitivity,0,180,Vidaza,,Vidaza,,,Azacitidine-QT=180; Baricitinib-Hypersensitivity=0; Erenumab-Stroke=0; Tramadol-Hypoglycemia=0
7933541-4,Azacitidine-QT,medium,No,annotated target drug without strong event evidence,180,Baricitinib-Hypersensitivity,0,180,Vidaza,,Vidaza,,,Azacitidine-QT=180; Baricitinib-Hypersensitivity=0; Erenumab-Stroke=0; Tramadol-Hypoglycemia=0
7938578-3,Azacitidine-QT,medium,No,annotated target drug without strong event evidence,420,Baricitinib-Hypersensitivity,102,318,azacitidine; Vidaza,,azacitidine; Vidaza,,,Azacitidine-QT=420; Baricitinib-Hypersensitivity=102; Erenumab-Stroke=0; Tramadol-Hypoglycemia=0
7985657-1,Azacitidine-QT,medium,No,annotated target drug without strong event evidence,156,Baricitinib-Hypersensitivity,0,156,Vidaza,,Vidaza,,,Azacitidine-QT=156; Baricitinib-Hypersensitivity=0; Erenumab-Stroke=0; Tramadol-Hypoglycemia=0
7999523-3,Azacitidine-QT,medium,No,annotated target drug without strong event evidence,180,Baricitinib-Hypersensitivity,0,180,azacitidine,,azacitidine; 5-azacytidine,,,Azacitidine-QT=180; Baricitinib-Hypersensitivity=0; Erenumab-Stroke=0; Tramadol-Hypoglycemia=0
8021257-3,Tramadol-Hypoglycemia,high,No,annotated drug-event pair with clear margin,840,Azacitidine-QT,0,840,tramadol,,tramadol,hypoglycemia; low glucose,hypoglycemia; low glucose,Tramadol-Hypoglycemia=840; Azacitidine-QT=0; Baricitinib-Hypersensitivity=0; Erenumab-Stroke=0
8028248-3,Tramadol-Hypoglycemia,high,No,annotated drug-event pair with clear margin,714,Azacitidine-QT,0,714,tramadol,,tramadol,hypoglycemia,hypoglycemia,Tramadol-Hypoglycemia=714; Azacitidine-QT=0; Baricitinib-Hypersensitivity=0; Erenumab-Stroke=0
8043593-4,Azacitidine-QT,medium,No,annotated target drug without strong event evidence,276,Baricitinib-Hypersensitivity,0,276,azacitidine; Vidaza,,azacitidine; Vidaza,,,Azacitidine-QT=276; Baricitinib-Hypersensitivity=0; Erenumab-Stroke=0; Tramadol-Hypoglycemia=0
8049398-1,Tramadol-Hypoglycemia,high,No,suspect drug plus event evidence,438,Azacitidine-QT,0,438,tramadol; Ultram,,tramadol; Ultram,,hypoglycemia,Tramadol-Hypoglycemia=438; Azacitidine-QT=0; Baricitinib-Hypersensitivity=0; Erenumab-Stroke=0
8089537-1,Azacitidine-QT,medium,No,annotated target drug without strong event evidence,180,Baricitinib-Hypersensitivity,0,180,Vidaza,,Vidaza,,,Azacitidine-QT=180; Baricitinib-Hypersensitivity=0; Erenumab-Stroke=0; Tramadol-Hypoglycemia=0
8117466-3,Azacitidine-QT,medium,No,annotated target drug without strong event evidence,300,Erenumab-Stroke,12,288,Vidaza; azacytidine,,Vidaza; azacytidine,,,Azacitidine-QT=300; Erenumab-Stroke=12; Baricitinib-Hypersensitivity=0; Tramadol-Hypoglycemia=0
8121448-2,Azacitidine-QT,medium,No,annotated target drug without strong event evidence,144,Baricitinib-Hypersensitivity,0,144,Vidaza,,Vidaza,,,Azacitidine-QT=144; Baricitinib-Hypersensitivity=0; Erenumab-Stroke=0; Tramadol-Hypoglycemia=0
8129917-1,Azacitidine-QT,medium,No,annotated target drug without strong event evidence,156,Baricitinib-Hypersensitivity,0,156,Vidaza,,Vidaza,,,Azacitidine-QT=156; Baricitinib-Hypersensitivity=0; Erenumab-Stroke=0; Tramadol-Hypoglycemia=0
8181456-1,Tramadol-Hypoglycemia,high,No,annotated drug-event pair with clear margin,792,Azacitidine-QT,0,792,tramadol; Ultram,,tramadol; Ultram,hypoglycemia,hypoglycemia,Tramadol-Hypoglycemia=792; Azacitidine-QT=0; Baricitinib-Hypersensitivity=0; Erenumab-Stroke=0
8211577-1,Tramadol-Hypoglycemia,high,No,annotated drug-event pair with clear margin,702,Azacitidine-QT,0,702,tramadol,,tramadol,hypoglycemia,hypoglycemia,Tramadol-Hypoglycemia=702; Azacitidine-QT=0; Baricitinib-Hypersensitivity=0; Erenumab-Stroke=0
8229630-1,Azacitidine-QT,medium,No,annotated target drug without strong event evidence,180,Baricitinib-Hypersensitivity,0,180,Vidaza,,Vidaza,,,Azacitidine-QT=180; Baricitinib-Hypersensitivity=0; Erenumab-Stroke=0; Tramadol-Hypoglycemia=0
8235026-5,Tramadol-Hypoglycemia,medium,No,annotated target drug without strong event evidence,132,Azacitidine-QT,0,132,tramadol,,tramadol,,,Tramadol-Hypoglycemia=132; Azacitidine-QT=0; Baricitinib-Hypersensitivity=0; Erenumab-Stroke=0
8240547-2,Tramadol-Hypoglycemia,high,No,annotated drug-event pair with clear margin,706,Azacitidine-QT,0,706,tramadol,tramadol,tramadol,hypoglycemia,hypoglycemia,Tramadol-Hypoglycemia=706; Azacitidine-QT=0; Baricitinib-Hypersensitivity=0; Erenumab-Stroke=0
8240938-1,Tramadol-Hypoglycemia,high,No,annotated drug-event pair with clear margin,618,Azacitidine-QT,0,618,tramadol,,tramadol,hypoglycemia,hypoglycemia,Tramadol-Hypoglycemia=618; Azacitidine-QT=0; Baricitinib-Hypersensitivity=0; Erenumab-Stroke=0
8266144-1,Tramadol-Hypoglycemia,high,No,annotated drug-event pair with clear margin,930,Azacitidine-QT,0,930,tramadol,,tramadol,hypoglycemia,hypoglycemia,Tramadol-Hypoglycemia=930; Azacitidine-QT=0; Baricitinib-Hypersensitivity=0; Erenumab-Stroke=0
8266331-1,Tramadol-Hypoglycemia,high,No,annotated drug-event pair with clear margin,414,Azacitidine-QT,0,414,tramadol,,tramadol,hypoglycemia,hypoglycemia,Tramadol-Hypoglycemia=414; Azacitidine-QT=0; Baricitinib-Hypersensitivity=0; Erenumab-Stroke=0
8268562-1,Tramadol-Hypoglycemia,high,No,annotated drug-event pair with clear margin,780,Azacitidine-QT,0,780,tramadol,,tramadol,hypoglycemia,hypoglycemia,Tramadol-Hypoglycemia=780; Azacitidine-QT=0; Baricitinib-Hypersensitivity=0; Erenumab-Stroke=0
8269104-1,Azacitidine-QT,medium,No,annotated target drug without strong event evidence,168,Baricitinib-Hypersensitivity,0,168,Vidaza,,Vidaza,,,Azacitidine-QT=168; Baricitinib-Hypersensitivity=0; Erenumab-Stroke=0; Tramadol-Hypoglycemia=0
8274566-1,Azacitidine-QT,medium,No,annotated target drug without strong event evidence,156,Baricitinib-Hypersensitivity,0,156,Vidaza,,Vidaza,,,Azacitidine-QT=156; Baricitinib-Hypersensitivity=0; Erenumab-Stroke=0; Tramadol-Hypoglycemia=0
8280061-2,Tramadol-Hypoglycemia,high,No,annotated drug-event pair with clear margin,804,Azacitidine-QT,0,804,tramadol; Ixprim,,tramadol; Ixprim,hypoglycemia,hypoglycemia,Tramadol-Hypoglycemia=804; Azacitidine-QT=0; Baricitinib-Hypersensitivity=0; Erenumab-Stroke=0
8294113-2,Tramadol-Hypoglycemia,high,No,annotated drug-event pair with clear margin,576,Azacitidine-QT,0,576,tramadol,,tramadol,hypoglycemia,hypoglycemia,Tramadol-Hypoglycemia=576; Azacitidine-QT=0; Baricitinib-Hypersensitivity=0; Erenumab-Stroke=0
8314670-3,Tramadol-Hypoglycemia,high,No,annotated drug-event pair with clear margin,690,Azacitidine-QT,0,690,tramadol,,tramadol,hypoglycemia,hypoglycemia,Tramadol-Hypoglycemia=690; Azacitidine-QT=0; Baricitinib-Hypersensitivity=0; Erenumab-Stroke=0
8330578-1,Tramadol-Hypoglycemia,high,No,annotated drug-event pair with clear margin,702,Azacitidine-QT,0,702,tramadol,,tramadol,hypoglycemia,hypoglycemia,Tramadol-Hypoglycemia=702; Azacitidine-QT=0; Baricitinib-Hypersensitivity=0; Erenumab-Stroke=0
8359776-1,Tramadol-Hypoglycemia,medium,No,drug-event evidence with positive margin,300,Azacitidine-QT,0,300,,,tramadol,hypoglycemia,hypoglycemia,Tramadol-Hypoglycemia=300; Azacitidine-QT=0; Baricitinib-Hypersensitivity=0; Erenumab-Stroke=0
8359777-1,Tramadol-Hypoglycemia,high,No,annotated drug-event pair with clear margin,690,Azacitidine-QT,0,690,tramadol,,tramadol,hypoglycemia,hypoglycemia,Tramadol-Hypoglycemia=690; Azacitidine-QT=0; Baricitinib-Hypersensitivity=0; Erenumab-Stroke=0
8361747-4,Azacitidine-QT,high,No,annotated drug-event pair with clear margin,576,Erenumab-Stroke,12,564,Vidaza,,Vidaza,ventricular arrhythmia,ventricular arrhythmia,Azacitidine-QT=576; Erenumab-Stroke=12; Baricitinib-Hypersensitivity=0; Tramadol-Hypoglycemia=0
8388977-1,Tramadol-Hypoglycemia,medium,No,annotated target drug without strong event evidence,180,Azacitidine-QT,0,180,tramadol,,tramadol,,,Tramadol-Hypoglycemia=180; Azacitidine-QT=0; Baricitinib-Hypersensitivity=0; Erenumab-Stroke=0
8398615-2,Tramadol-Hypoglycemia,high,No,annotated drug-event pair with clear margin,792,Azacitidine-QT,0,792,tramadol,,tramadol,hypoglycemia,hypoglycemia,Tramadol-Hypoglycemia=792; Azacitidine-QT=0; Baricitinib-Hypersensitivity=0; Erenumab-Stroke=0
8411957-1,Tramadol-Hypoglycemia,high,No,annotated drug-event pair with clear margin,426,Azacitidine-QT,0,426,tramadol,,tramadol,hypoglycemia,hypoglycemia,Tramadol-Hypoglycemia=426; Azacitidine-QT=0; Baricitinib-Hypersensitivity=0; Erenumab-Stroke=0
8434487-2,Azacitidine-QT,medium,No,annotated target drug without strong event evidence,276,Baricitinib-Hypersensitivity,0,276,azacitidine; Vidaza,,azacitidine; Vidaza,,,Azacitidine-QT=276; Baricitinib-Hypersensitivity=0; Erenumab-Stroke=0; Tramadol-Hypoglycemia=0
8453731-2,Tramadol-Hypoglycemia,high,No,annotated drug-event pair with clear margin,594,Azacitidine-QT,0,594,tramadol,,tramadol,hypoglycemia,hypoglycemia,Tramadol-Hypoglycemia=594; Azacitidine-QT=0; Baricitinib-Hypersensitivity=0; Erenumab-Stroke=0
8458099-2,Tramadol-Hypoglycemia,high,No,annotated drug-event pair with clear margin,690,Azacitidine-QT,0,690,tramadol,,tramadol,hypoglycemia; low glucose,hypoglycemia,Tramadol-Hypoglycemia=690; Azacitidine-QT=0; Baricitinib-Hypersensitivity=0; Erenumab-Stroke=0
8462756-1,Tramadol-Hypoglycemia,high,No,annotated drug-event pair with clear margin,738,Azacitidine-QT,0,738,tramadol; Ixprim,,tramadol; Ixprim,hypoglycemia,hypoglycemia,Tramadol-Hypoglycemia=738; Azacitidine-QT=0; Baricitinib-Hypersensitivity=0; Erenumab-Stroke=0
8466815-1,Tramadol-Hypoglycemia,high,No,annotated drug-event pair with clear margin,438,Azacitidine-QT,0,438,Ixprim,,Ixprim,hypoglycemia,hypoglycemia,Tramadol-Hypoglycemia=438; Azacitidine-QT=0; Baricitinib-Hypersensitivity=0; Erenumab-Stroke=0
8474569-1,Tramadol-Hypoglycemia,high,No,annotated drug-event pair with clear margin,696,Azacitidine-QT,0,696,tramadol; Ixprim,,tramadol; Ixprim,hypoglycemia,hypoglycemia,Tramadol-Hypoglycemia=696; Azacitidine-QT=0; Baricitinib-Hypersensitivity=0; Erenumab-Stroke=0
8478177-1,Erenumab-Stroke,low,Yes,"weak, incomplete, or competing evidence",204,Azacitidine-QT,132,72,,,,stroke,stroke,Erenumab-Stroke=204; Azacitidine-QT=132; Baricitinib-Hypersensitivity=0; Tramadol-Hypoglycemia=0
8488054-2,Tramadol-Hypoglycemia,high,No,annotated drug-event pair with clear margin,576,Azacitidine-QT,0,576,tramadol,,tramadol,hypoglycemia,hypoglycemia,Tramadol-Hypoglycemia=576; Azacitidine-QT=0; Baricitinib-Hypersensitivity=0; Erenumab-Stroke=0
8492929-4,Tramadol-Hypoglycemia,high,No,annotated drug-event pair with clear margin,714,Azacitidine-QT,0,714,tramadol; Tramal,,tramadol; Tramal,hypoglycemia,hypoglycemia,Tramadol-Hypoglycemia=714; Azacitidine-QT=0; Baricitinib-Hypersensitivity=0; Erenumab-Stroke=0
8503806-2,Tramadol-Hypoglycemia,high,No,annotated drug-event pair with clear margin,610,Azacitidine-QT,0,610,,tramadol,tramadol,hypoglycemia,hypoglycemia,Tramadol-Hypoglycemia=610; Azacitidine-QT=0; Baricitinib-Hypersensitivity=0; Erenumab-Stroke=0
8505265-1,Azacitidine-QT,medium,No,annotated target drug without strong event evidence,276,Baricitinib-Hypersensitivity,0,276,azacitidine; Vidaza,,azacitidine; Vidaza,,,Azacitidine-QT=276; Baricitinib-Hypersensitivity=0; Erenumab-Stroke=0; Tramadol-Hypoglycemia=0
8516834-1,Tramadol-Hypoglycemia,high,No,annotated drug-event pair with clear margin,552,Erenumab-Stroke,102,450,tramadol,,tramadol,hypoglycemia,hypoglycemia,Tramadol-Hypoglycemia=552; Erenumab-Stroke=102; Azacitidine-QT=0; Baricitinib-Hypersensitivity=0
8525154-2,Tramadol-Hypoglycemia,high,No,annotated drug-event pair with clear margin,462,Erenumab-Stroke,102,360,Trarmadol,,Trarmadol,hypoglycemia,hypoglycemia,Tramadol-Hypoglycemia=462; Erenumab-Stroke=102; Azacitidine-QT=0; Baricitinib-Hypersensitivity=0
8525594-2,Tramadol-Hypoglycemia,high,No,annotated drug-event pair with clear margin,798,Erenumab-Stroke,36,762,tramadol,,tramadol,hypoglycemia,hypoglycemia,Tramadol-Hypoglycemia=798; Erenumab-Stroke=36; Azacitidine-QT=0; Baricitinib-Hypersensitivity=0
8535698-1,Tramadol-Hypoglycemia,high,No,annotated drug-event pair with clear margin,582,Azacitidine-QT,0,582,tramadol,,tramadol,hypoglycemia,hypoglycemia,Tramadol-Hypoglycemia=582; Azacitidine-QT=0; Baricitinib-Hypersensitivity=0; Erenumab-Stroke=0
8536393-2,Tramadol-Hypoglycemia,high,No,annotated drug-event pair with clear margin,576,Azacitidine-QT,0,576,tramadol,,tramadol,hypoglycemia,hypoglycemia,Tramadol-Hypoglycemia=576; Azacitidine-QT=0; Baricitinib-Hypersensitivity=0; Erenumab-Stroke=0
8537723-1,Tramadol-Hypoglycemia,high,No,annotated drug-event pair with clear margin,666,Erenumab-Stroke,102,564,tramadol,,tramadol,hypoglycemia,hypoglycemia,Tramadol-Hypoglycemia=666; Erenumab-Stroke=102; Azacitidine-QT=0; Baricitinib-Hypersensitivity=0
8552032-2,Tramadol-Hypoglycemia,high,No,annotated drug-event pair with clear margin,606,Erenumab-Stroke,114,492,tramadol,,tramadol,hypoglycemia,hypoglycemia,Tramadol-Hypoglycemia=606; Erenumab-Stroke=114; Azacitidine-QT=0; Baricitinib-Hypersensitivity=0
8587876-2,Tramadol-Hypoglycemia,high,No,annotated drug-event pair with clear margin,810,Azacitidine-QT,0,810,tramadol,,tramadol; Tramal,hypoglycemia,hypoglycemia,Tramadol-Hypoglycemia=810; Azacitidine-QT=0; Baricitinib-Hypersensitivity=0; Erenumab-Stroke=0
8591983-2,Azacitidine-QT,medium,No,annotated target drug without strong event evidence,180,Baricitinib-Hypersensitivity,0,180,azacitidine,,azacitidine,,,Azacitidine-QT=180; Baricitinib-Hypersensitivity=0; Erenumab-Stroke=0; Tramadol-Hypoglycemia=0
8609700-3,Tramadol-Hypoglycemia,high,No,annotated drug-event pair with clear margin,414,Azacitidine-QT,0,414,tramadol,,tramadol,hypoglycemia,hypoglycemia,Tramadol-Hypoglycemia=414; Azacitidine-QT=0; Baricitinib-Hypersensitivity=0; Erenumab-Stroke=0
8612116-3,Tramadol-Hypoglycemia,medium,No,drug-event evidence with positive margin,228,Azacitidine-QT,0,228,,,tramadol,hypoglycemia,hypoglycemia,Tramadol-Hypoglycemia=228; Azacitidine-QT=0; Baricitinib-Hypersensitivity=0; Erenumab-Stroke=0
8618174-3,Tramadol-Hypoglycemia,high,No,annotated drug-event pair with clear margin,570,Azacitidine-QT,0,570,tramadol,,tramadol,hypoglycemia,hypoglycemia,Tramadol-Hypoglycemia=570; Azacitidine-QT=0; Baricitinib-Hypersensitivity=0; Erenumab-Stroke=0
8664644-15,Azacitidine-QT,medium,No,annotated target drug without strong event evidence,180,Baricitinib-Hypersensitivity,0,180,Vidaza,,Vidaza,,,Azacitidine-QT=180; Baricitinib-Hypersensitivity=0; Erenumab-Stroke=0; Tramadol-Hypoglycemia=0
8670309-1,Tramadol-Hypoglycemia,high,No,annotated drug-event pair with clear margin,714,Azacitidine-QT,0,714,tramadol,,tramadol,hypoglycemia,hypoglycemia,Tramadol-Hypoglycemia=714; Azacitidine-QT=0; Baricitinib-Hypersensitivity=0; Erenumab-Stroke=0
8676227-2,Azacitidine-QT,high,No,annotated drug-event pair with clear margin,690,Baricitinib-Hypersensitivity,0,690,Vidaza,,Vidaza,ventricular arrhythmia,ventricular arrhythmia,Azacitidine-QT=690; Baricitinib-Hypersensitivity=0; Erenumab-Stroke=0; Tramadol-Hypoglycemia=0
8679988-1,Tramadol-Hypoglycemia,high,No,annotated drug-event pair with clear margin,474,Azacitidine-QT,0,474,tramadol,,tramadol,hypoglycemia,hypoglycemia,Tramadol-Hypoglycemia=474; Azacitidine-QT=0; Baricitinib-Hypersensitivity=0; Erenumab-Stroke=0
8689167-1,Tramadol-Hypoglycemia,high,No,annotated drug-event pair with clear margin,570,Erenumab-Stroke,102,468,tramadol,,tramadol,hypoglycemia,hypoglycemia,Tramadol-Hypoglycemia=570; Erenumab-Stroke=102; Azacitidine-QT=0; Baricitinib-Hypersensitivity=0
8695869-2,Tramadol-Hypoglycemia,high,No,annotated drug-event pair with clear margin,576,Erenumab-Stroke,114,462,tramadol,,tramadol,hypoglycemia,hypoglycemia,Tramadol-Hypoglycemia=576; Erenumab-Stroke=114; Azacitidine-QT=0; Baricitinib-Hypersensitivity=0
8728392-2,Tramadol-Hypoglycemia,high,No,annotated drug-event pair with clear margin,600,Erenumab-Stroke,24,576,tramadol,,tramadol,hypoglycemia,hypoglycemia,Tramadol-Hypoglycemia=600; Erenumab-Stroke=24; Azacitidine-QT=0; Baricitinib-Hypersensitivity=0
8732147-2,Azacitidine-QT,high,No,annotated drug-event pair with clear margin,570,Tramadol-Hypoglycemia,52,518,azacitidine; Vidaza,,azacitidine; Vidaza,QT prolongation,QT prolongation,Azacitidine-QT=570; Tramadol-Hypoglycemia=52; Baricitinib-Hypersensitivity=0; Erenumab-Stroke=0
8732765-1,Tramadol-Hypoglycemia,high,No,annotated drug-event pair with clear margin,594,Erenumab-Stroke,102,492,tramadol,,tramadol,hypoglycemia,hypoglycemia,Tramadol-Hypoglycemia=594; Erenumab-Stroke=102; Azacitidine-QT=0; Baricitinib-Hypersensitivity=0
8825214-2,Tramadol-Hypoglycemia,high,No,annotated drug-event pair with clear margin,474,Azacitidine-QT,0,474,tramadol,,tramadol,hypoglycemia,hypoglycemia,Tramadol-Hypoglycemia=474; Azacitidine-QT=0; Baricitinib-Hypersensitivity=0; Erenumab-Stroke=0
8831417-1,Tramadol-Hypoglycemia,high,No,annotated drug-event pair with clear margin,588,Azacitidine-QT,0,588,tramadol,,tramadol,hypoglycemia,hypoglycemia,Tramadol-Hypoglycemia=588; Azacitidine-QT=0; Baricitinib-Hypersensitivity=0; Erenumab-Stroke=0
8837659-2,Tramadol-Hypoglycemia,high,No,annotated drug-event pair with clear margin,810,Azacitidine-QT,0,810,tramadol,,tramadol,hypoglycemia,hypoglycemia,Tramadol-Hypoglycemia=810; Azacitidine-QT=0; Baricitinib-Hypersensitivity=0; Erenumab-Stroke=0
8844344-1,Tramadol-Hypoglycemia,high,No,annotated drug-event pair with clear margin,576,Azacitidine-QT,0,576,tramadol,,tramadol,hypoglycemia,hypoglycemia,Tramadol-Hypoglycemia=576; Azacitidine-QT=0; Baricitinib-Hypersensitivity=0; Erenumab-Stroke=0
8846928-1,Tramadol-Hypoglycemia,medium,No,annotated target drug without strong event evidence,180,Azacitidine-QT,0,180,tramadol,,tramadol,,,Tramadol-Hypoglycemia=180; Azacitidine-QT=0; Baricitinib-Hypersensitivity=0; Erenumab-Stroke=0
8882620-2,Azacitidine-QT,medium,No,annotated target drug without strong event evidence,420,Baricitinib-Hypersensitivity,0,420,azacitidine,,azacitidine,,,Azacitidine-QT=420; Baricitinib-Hypersensitivity=0; Erenumab-Stroke=0; Tramadol-Hypoglycemia=0
8915187-1,Azacitidine-QT,medium,No,annotated target drug without strong event evidence,156,Baricitinib-Hypersensitivity,0,156,Vidaza,,Vidaza,,,Azacitidine-QT=156; Baricitinib-Hypersensitivity=0; Erenumab-Stroke=0; Tramadol-Hypoglycemia=0
8937152-1,Tramadol-Hypoglycemia,high,No,annotated drug-event pair with clear margin,436,Azacitidine-QT,0,436,,Ultram,Ultram,hypoglycemia,hypoglycemia,Tramadol-Hypoglycemia=436; Azacitidine-QT=0; Baricitinib-Hypersensitivity=0; Erenumab-Stroke=0
8984648-4,Tramadol-Hypoglycemia,high,No,annotated drug-event pair with clear margin,690,Azacitidine-QT,0,690,tramadol,,tramadol,hypoglycemia,hypoglycemia,Tramadol-Hypoglycemia=690; Azacitidine-QT=0; Baricitinib-Hypersensitivity=0; Erenumab-Stroke=0
8993410-3,Azacitidine-QT,medium,No,annotated target drug without strong event evidence,300,Baricitinib-Hypersensitivity,0,300,Vidaza,,Vidaza,,,Azacitidine-QT=300; Baricitinib-Hypersensitivity=0; Erenumab-Stroke=0; Tramadol-Hypoglycemia=0
9013008-1,Tramadol-Hypoglycemia,high,No,annotated drug-event pair with clear margin,678,Azacitidine-QT,0,678,tramadol,,tramadol,hypoglycemia,hypoglycemia,Tramadol-Hypoglycemia=678; Azacitidine-QT=0; Baricitinib-Hypersensitivity=0; Erenumab-Stroke=0
9022233-8,Azacitidine-QT,medium,No,annotated target drug without strong event evidence,300,Baricitinib-Hypersensitivity,0,300,azacitidine,,azacitidine,,,Azacitidine-QT=300; Baricitinib-Hypersensitivity=0; Erenumab-Stroke=0; Tramadol-Hypoglycemia=0
9045330-1,Tramadol-Hypoglycemia,high,No,annotated drug-event pair with clear margin,660,Azacitidine-QT,0,660,tramadol,,tramadol,hypoglycemia,hypoglycemia,Tramadol-Hypoglycemia=660; Azacitidine-QT=0; Baricitinib-Hypersensitivity=0; Erenumab-Stroke=0
9049554-1,Tramadol-Hypoglycemia,high,No,annotated drug-event pair with clear margin,660,Azacitidine-QT,0,660,tramadol,,tramadol,hypoglycemia,hypoglycemia,Tramadol-Hypoglycemia=660; Azacitidine-QT=0; Baricitinib-Hypersensitivity=0; Erenumab-Stroke=0
9055672-1,Tramadol-Hypoglycemia,high,No,annotated drug-event pair with clear margin,786,Azacitidine-QT,0,786,tramadol,,tramadol,hypoglycemia,hypoglycemia,Tramadol-Hypoglycemia=786; Azacitidine-QT=0; Baricitinib-Hypersensitivity=0; Erenumab-Stroke=0
9096515-1,Azacitidine-QT,medium,No,annotated target drug without strong event evidence,408,Baricitinib-Hypersensitivity,0,408,azacitidine; Vidaza,,azacitidine; Vidaza,,,Azacitidine-QT=408; Baricitinib-Hypersensitivity=0; Erenumab-Stroke=0; Tramadol-Hypoglycemia=0
9123149-1,Tramadol-Hypoglycemia,high,No,annotated drug-event pair with clear margin,720,Azacitidine-QT,0,720,tramadol,,tramadol,hypoglycemia,hypoglycemia,Tramadol-Hypoglycemia=720; Azacitidine-QT=0; Baricitinib-Hypersensitivity=0; Erenumab-Stroke=0
9140562-1,Tramadol-Hypoglycemia,high,No,annotated drug-event pair with clear margin,774,Azacitidine-QT,0,774,tramadol; Ixprim,,tramadol; Ixprim,hypoglycemia,hypoglycemia,Tramadol-Hypoglycemia=774; Azacitidine-QT=0; Baricitinib-Hypersensitivity=0; Erenumab-Stroke=0
9147633-1,Tramadol-Hypoglycemia,high,No,annotated drug-event pair with clear margin,804,Azacitidine-QT,0,804,tramadol; Ixprim,,tramadol; Ixprim,hypoglycemia,hypoglycemia,Tramadol-Hypoglycemia=804; Azacitidine-QT=0; Baricitinib-Hypersensitivity=0; Erenumab-Stroke=0
9155252-1,Tramadol-Hypoglycemia,high,No,annotated drug-event pair with clear margin,930,Azacitidine-QT,0,930,tramadol,,tramadol,hypoglycemia,hypoglycemia,Tramadol-Hypoglycemia=930; Azacitidine-QT=0; Baricitinib-Hypersensitivity=0; Erenumab-Stroke=0
9210852-2,Tramadol-Hypoglycemia,high,No,annotated drug-event pair with clear margin,906,Azacitidine-QT,0,906,tramadol,,tramadol,hypoglycemia,hypoglycemia,Tramadol-Hypoglycemia=906; Azacitidine-QT=0; Baricitinib-Hypersensitivity=0; Erenumab-Stroke=0
9213241-2,Tramadol-Hypoglycemia,high,No,annotated drug-event pair with clear margin,930,Azacitidine-QT,0,930,tramadol,,tramadol,hypoglycemia,hypoglycemia,Tramadol-Hypoglycemia=930; Azacitidine-QT=0; Baricitinib-Hypersensitivity=0; Erenumab-Stroke=0
9217538-3,Tramadol-Hypoglycemia,high,No,annotated drug-event pair with clear margin,762,Azacitidine-QT,0,762,tramadol,,tramadol,hypoglycemia,hypoglycemia,Tramadol-Hypoglycemia=762; Azacitidine-QT=0; Baricitinib-Hypersensitivity=0; Erenumab-Stroke=0
9255754-1,Tramadol-Hypoglycemia,high,No,annotated drug-event pair with clear margin,702,Baricitinib-Hypersensitivity,12,690,tramadol,,tramadol,hypoglycemia,hypoglycemia,Tramadol-Hypoglycemia=702; Baricitinib-Hypersensitivity=12; Azacitidine-QT=0; Erenumab-Stroke=0
9290754-1,Tramadol-Hypoglycemia,high,No,suspect drug plus event evidence,282,Azacitidine-QT,0,282,tramadol,,tramadol,,hypoglycemia,Tramadol-Hypoglycemia=282; Azacitidine-QT=0; Baricitinib-Hypersensitivity=0; Erenumab-Stroke=0
9312453-1,Tramadol-Hypoglycemia,high,No,annotated drug-event pair with clear margin,894,Azacitidine-QT,0,894,tramadol; Ixprim,,tramadol; Ixprim,hypoglycemia,hypoglycemia,Tramadol-Hypoglycemia=894; Azacitidine-QT=0; Baricitinib-Hypersensitivity=0; Erenumab-Stroke=0
9337495-1,Azacitidine-QT,medium,No,annotated target drug without strong event evidence,208,Baricitinib-Hypersensitivity,0,208,Vidaza,azacitidine,azacitidine; Vidaza,,,Azacitidine-QT=208; Baricitinib-Hypersensitivity=0; Erenumab-Stroke=0; Tramadol-Hypoglycemia=0
9345548-3,Tramadol-Hypoglycemia,high,No,annotated drug-event pair with clear margin,738,Baricitinib-Hypersensitivity,126,612,tramadol,,tramadol,hypoglycemia,hypoglycemia,Tramadol-Hypoglycemia=738; Baricitinib-Hypersensitivity=126; Azacitidine-QT=0; Erenumab-Stroke=0
9379840-1,Tramadol-Hypoglycemia,high,No,annotated drug-event pair with clear margin,528,Azacitidine-QT,0,528,tramadol,,tramadol,hypoglycemia,hypoglycemia,Tramadol-Hypoglycemia=528; Azacitidine-QT=0; Baricitinib-Hypersensitivity=0; Erenumab-Stroke=0
9405326-1,Tramadol-Hypoglycemia,medium,No,drug-event evidence with positive margin,114,Azacitidine-QT,0,114,,,tramadol,,hypoglycemia,Tramadol-Hypoglycemia=114; Azacitidine-QT=0; Baricitinib-Hypersensitivity=0; Erenumab-Stroke=0
9408406-1,Azacitidine-QT,high,No,annotated drug-event pair with clear margin,450,Baricitinib-Hypersensitivity,0,450,Vidaza,,Vidaza,ventricular arrhythmia,ventricular arrhythmia,Azacitidine-QT=450; Baricitinib-Hypersensitivity=0; Erenumab-Stroke=0; Tramadol-Hypoglycemia=0
9416204-1,Azacitidine-QT,high,No,annotated drug-event pair with clear margin,594,Baricitinib-Hypersensitivity,0,594,azacitidine; Vidaza,,azacitidine; Vidaza,ventricular arrhythmia,ventricular arrhythmia,Azacitidine-QT=594; Baricitinib-Hypersensitivity=0; Erenumab-Stroke=0; Tramadol-Hypoglycemia=0
9416883-1,Tramadol-Hypoglycemia,high,No,annotated drug-event pair with clear margin,594,Erenumab-Stroke,12,582,tramadol,,tramadol,hypoglycemia,hypoglycemia,Tramadol-Hypoglycemia=594; Erenumab-Stroke=12; Azacitidine-QT=0; Baricitinib-Hypersensitivity=0
9431967-1,Tramadol-Hypoglycemia,high,No,annotated drug-event pair with clear margin,582,Azacitidine-QT,0,582,tramadol,,tramadol,hypoglycemia,hypoglycemia,Tramadol-Hypoglycemia=582; Azacitidine-QT=0; Baricitinib-Hypersensitivity=0; Erenumab-Stroke=0
9432887-2,Azacitidine-QT,medium,No,annotated target drug without strong event evidence,300,Baricitinib-Hypersensitivity,0,300,azacitidine; Vidaza,,azacitidine; Vidaza,,,Azacitidine-QT=300; Baricitinib-Hypersensitivity=0; Erenumab-Stroke=0; Tramadol-Hypoglycemia=0
9435388-2,Tramadol-Hypoglycemia,low,Yes,"weak, incomplete, or competing evidence",240,Azacitidine-QT,0,240,,,,hypoglycemia,hypoglycemia,Tramadol-Hypoglycemia=240; Azacitidine-QT=0; Baricitinib-Hypersensitivity=0; Erenumab-Stroke=0
9466031-1,Azacitidine-QT,medium,No,annotated target drug without strong event evidence,264,Baricitinib-Hypersensitivity,0,264,Vidaza,,Vidaza,,,Azacitidine-QT=264; Baricitinib-Hypersensitivity=0; Erenumab-Stroke=0; Tramadol-Hypoglycemia=0
9471359-1,Tramadol-Hypoglycemia,high,No,annotated drug-event pair with clear margin,930,Azacitidine-QT,0,930,tramadol,,tramadol,hypoglycemia,hypoglycemia,Tramadol-Hypoglycemia=930; Azacitidine-QT=0; Baricitinib-Hypersensitivity=0; Erenumab-Stroke=0
9614423-1,Tramadol-Hypoglycemia,high,No,annotated drug-event pair with clear margin,582,Azacitidine-QT,0,582,tramadol,,tramadol,hypoglycemia,hypoglycemia,Tramadol-Hypoglycemia=582; Azacitidine-QT=0; Baricitinib-Hypersensitivity=0; Erenumab-Stroke=0
9633557-1,Tramadol-Hypoglycemia,high,No,annotated drug-event pair with clear margin,462,Azacitidine-QT,0,462,tramadol,,tramadol,hypoglycemia,hypoglycemia,Tramadol-Hypoglycemia=462; Azacitidine-QT=0; Baricitinib-Hypersensitivity=0; Erenumab-Stroke=0
9633604-1,Tramadol-Hypoglycemia,high,No,annotated drug-event pair with clear margin,462,Azacitidine-QT,0,462,tramadol,,tramadol,hypoglycemia,hypoglycemia,Tramadol-Hypoglycemia=462; Azacitidine-QT=0; Baricitinib-Hypersensitivity=0; Erenumab-Stroke=0
9634489-1,Tramadol-Hypoglycemia,high,No,annotated drug-event pair with clear margin,462,Azacitidine-QT,0,462,tramadol,,tramadol,hypoglycemia,hypoglycemia,Tramadol-Hypoglycemia=462; Azacitidine-QT=0; Baricitinib-Hypersensitivity=0; Erenumab-Stroke=0
9636214-1,Tramadol-Hypoglycemia,high,No,annotated drug-event pair with clear margin,462,Azacitidine-QT,0,462,tramadol,,tramadol,hypoglycemia,hypoglycemia,Tramadol-Hypoglycemia=462; Azacitidine-QT=0; Baricitinib-Hypersensitivity=0; Erenumab-Stroke=0
9649460-2,Azacitidine-QT,medium,No,annotated target drug without strong event evidence,220,Baricitinib-Hypersensitivity,0,220,Vidaza,azacitidine,azacitidine; Vidaza,,,Azacitidine-QT=220; Baricitinib-Hypersensitivity=0; Erenumab-Stroke=0; Tramadol-Hypoglycemia=0
9693740-6,Azacitidine-QT,medium,No,annotated target drug without strong event evidence,276,Baricitinib-Hypersensitivity,114,162,azacitidine; Vidaza,,azacitidine; Vidaza,,,Azacitidine-QT=276; Baricitinib-Hypersensitivity=114; Erenumab-Stroke=0; Tramadol-Hypoglycemia=0
9702278-1,Azacitidine-QT,medium,No,annotated target drug without strong event evidence,300,Baricitinib-Hypersensitivity,102,198,azacitidine; Vidaza,,azacitidine; Vidaza,,,Azacitidine-QT=300; Baricitinib-Hypersensitivity=102; Erenumab-Stroke=0; Tramadol-Hypoglycemia=0
9717219-1,Azacitidine-QT,low,Yes,"weak, incomplete, or competing evidence",60,Baricitinib-Hypersensitivity,0,60,,,5-azacytidine; azacytidine,,,Azacitidine-QT=60; Baricitinib-Hypersensitivity=0; Erenumab-Stroke=0; Tramadol-Hypoglycemia=0
9749340-1,Azacitidine-QT,medium,No,annotated target drug without strong event evidence,180,Baricitinib-Hypersensitivity,0,180,Vidaza,,Vidaza,,,Azacitidine-QT=180; Baricitinib-Hypersensitivity=0; Erenumab-Stroke=0; Tramadol-Hypoglycemia=0
9771109-2,Tramadol-Hypoglycemia,high,No,annotated drug-event pair with clear margin,438,Azacitidine-QT,0,438,tramadol,,tramadol,hypoglycemia,hypoglycemia,Tramadol-Hypoglycemia=438; Azacitidine-QT=0; Baricitinib-Hypersensitivity=0; Erenumab-Stroke=0
9771237-2,Tramadol-Hypoglycemia,high,No,annotated drug-event pair with clear margin,438,Azacitidine-QT,0,438,tramadol,,tramadol,hypoglycemia,hypoglycemia,Tramadol-Hypoglycemia=438; Azacitidine-QT=0; Baricitinib-Hypersensitivity=0; Erenumab-Stroke=0
9771238-2,Tramadol-Hypoglycemia,high,No,annotated drug-event pair with clear margin,462,Azacitidine-QT,0,462,tramadol,,tramadol,hypoglycemia,hypoglycemia,Tramadol-Hypoglycemia=462; Azacitidine-QT=0; Baricitinib-Hypersensitivity=0; Erenumab-Stroke=0
9772829-2,Tramadol-Hypoglycemia,high,No,annotated drug-event pair with clear margin,462,Azacitidine-QT,0,462,tramadol,,tramadol,hypoglycemia,hypoglycemia,Tramadol-Hypoglycemia=462; Azacitidine-QT=0; Baricitinib-Hypersensitivity=0; Erenumab-Stroke=0
9776160-1,Tramadol-Hypoglycemia,high,No,annotated drug-event pair with clear margin,450,Azacitidine-QT,0,450,tramadol,,tramadol,hypoglycemia,hypoglycemia,Tramadol-Hypoglycemia=450; Azacitidine-QT=0; Baricitinib-Hypersensitivity=0; Erenumab-Stroke=0
9776168-1,Tramadol-Hypoglycemia,high,No,annotated drug-event pair with clear margin,450,Azacitidine-QT,0,450,tramadol,,tramadol,hypoglycemia,hypoglycemia,Tramadol-Hypoglycemia=450; Azacitidine-QT=0; Baricitinib-Hypersensitivity=0; Erenumab-Stroke=0
9776193-1,Tramadol-Hypoglycemia,high,No,annotated drug-event pair with clear margin,438,Azacitidine-QT,0,438,tramadol,,tramadol,hypoglycemia,hypoglycemia,Tramadol-Hypoglycemia=438; Azacitidine-QT=0; Baricitinib-Hypersensitivity=0; Erenumab-Stroke=0
9781308-4,Azacitidine-QT,medium,No,annotated target drug without strong event evidence,144,Baricitinib-Hypersensitivity,0,144,Vidaza,,Vidaza,,,Azacitidine-QT=144; Baricitinib-Hypersensitivity=0; Erenumab-Stroke=0; Tramadol-Hypoglycemia=0
9783149-2,Tramadol-Hypoglycemia,high,No,annotated drug-event pair with clear margin,666,Azacitidine-QT,0,666,tramadol,,tramadol,hypoglycemia,hypoglycemia,Tramadol-Hypoglycemia=666; Azacitidine-QT=0; Baricitinib-Hypersensitivity=0; Erenumab-Stroke=0
9783150-2,Tramadol-Hypoglycemia,high,No,annotated drug-event pair with clear margin,600,Azacitidine-QT,0,600,tramadol,,tramadol,hypoglycemia,hypoglycemia,Tramadol-Hypoglycemia=600; Azacitidine-QT=0; Baricitinib-Hypersensitivity=0; Erenumab-Stroke=0
9783210-2,Tramadol-Hypoglycemia,high,No,annotated drug-event pair with clear margin,486,Azacitidine-QT,0,486,tramadol,,tramadol,hypoglycemia,hypoglycemia,Tramadol-Hypoglycemia=486; Azacitidine-QT=0; Baricitinib-Hypersensitivity=0; Erenumab-Stroke=0
9786038-2,Tramadol-Hypoglycemia,high,No,annotated drug-event pair with clear margin,462,Azacitidine-QT,0,462,tramadol,,tramadol,hypoglycemia,hypoglycemia,Tramadol-Hypoglycemia=462; Azacitidine-QT=0; Baricitinib-Hypersensitivity=0; Erenumab-Stroke=0
9798242-3,Azacitidine-QT,medium,No,annotated target drug without strong event evidence,300,Tramadol-Hypoglycemia,102,198,azacitidine; Vidaza,,azacitidine; Vidaza,,,Azacitidine-QT=300; Tramadol-Hypoglycemia=102; Baricitinib-Hypersensitivity=0; Erenumab-Stroke=0
9815530-2,Tramadol-Hypoglycemia,high,No,suspect drug plus event evidence,366,Azacitidine-QT,0,366,tramadol,,tramadol,,low glucose,Tramadol-Hypoglycemia=366; Azacitidine-QT=0; Baricitinib-Hypersensitivity=0; Erenumab-Stroke=0
9835050-2,Tramadol-Hypoglycemia,medium,No,annotated target drug without strong event evidence,300,Azacitidine-QT,0,300,tramadol,,tramadol,,,Tramadol-Hypoglycemia=300; Azacitidine-QT=0; Baricitinib-Hypersensitivity=0; Erenumab-Stroke=0
9841028-2,Azacitidine-QT,medium,No,annotated target drug without strong event evidence,220,Baricitinib-Hypersensitivity,0,220,Vidaza,azacitidine,azacitidine; Vidaza,,,Azacitidine-QT=220; Baricitinib-Hypersensitivity=0; Erenumab-Stroke=0; Tramadol-Hypoglycemia=0
9844387-1,Tramadol-Hypoglycemia,high,No,annotated drug-event pair with clear margin,804,Azacitidine-QT,0,804,tramadol,,tramadol,hypoglycemia,hypoglycemia,Tramadol-Hypoglycemia=804; Azacitidine-QT=0; Baricitinib-Hypersensitivity=0; Erenumab-Stroke=0
9845520-1,Tramadol-Hypoglycemia,high,No,annotated drug-event pair with clear margin,804,Azacitidine-QT,0,804,tramadol,,tramadol,hypoglycemia,hypoglycemia,Tramadol-Hypoglycemia=804; Azacitidine-QT=0; Baricitinib-Hypersensitivity=0; Erenumab-Stroke=0
9845534-1,Tramadol-Hypoglycemia,high,No,annotated drug-event pair with clear margin,804,Azacitidine-QT,0,804,tramadol,,tramadol,hypoglycemia,hypoglycemia,Tramadol-Hypoglycemia=804; Azacitidine-QT=0; Baricitinib-Hypersensitivity=0; Erenumab-Stroke=0
9849411-1,Tramadol-Hypoglycemia,high,No,annotated drug-event pair with clear margin,714,Azacitidine-QT,0,714,tramadol,,tramadol,hypoglycemia,hypoglycemia,Tramadol-Hypoglycemia=714; Azacitidine-QT=0; Baricitinib-Hypersensitivity=0; Erenumab-Stroke=0
9867850-5,Azacitidine-QT,medium,No,annotated target drug without strong event evidence,180,Baricitinib-Hypersensitivity,0,180,,azacitidine,azacitidine,,,Azacitidine-QT=180; Baricitinib-Hypersensitivity=0; Erenumab-Stroke=0; Tramadol-Hypoglycemia=0
9868084-1,Azacitidine-QT,medium,No,annotated target drug without strong event evidence,180,Baricitinib-Hypersensitivity,0,180,azacitidine,,azacitidine,,,Azacitidine-QT=180; Baricitinib-Hypersensitivity=0; Erenumab-Stroke=0; Tramadol-Hypoglycemia=0
9902566-1,Tramadol-Hypoglycemia,high,No,annotated drug-event pair with clear margin,804,Azacitidine-QT,0,804,tramadol,,tramadol,hypoglycemia,hypoglycemia,Tramadol-Hypoglycemia=804; Azacitidine-QT=0; Baricitinib-Hypersensitivity=0; Erenumab-Stroke=0
