start_char,end_char,label,text,full_text
68,79,sdrug,baricitinib,"
The reporting consumer considered the event of rash was related to baricitinib."
264,267,diagnostic,MDS,"INVESTIGATOR SAE VERBATIM: ANEMIA, LEUKOCYTOSIS
 
VD-AML-MILLENNIUM-3001 (GREECE): A Phase 3, Randomized, Controlled, Open-label, Clinical Study of Pevonedistat Plus Azacitidine Versus Single-Agent Azacitidine as First-Line Treatment for Patients With Higher-Risk MDS, CMML, or Low-Blast AML
 
Initial information was received on 02Jul2018 from an investigator involved in a Non-Celgene sponsored study regarding a 70 year old male patient (920001-002) who received study medication of Azacitidine and blinded MLN4924 (dosage regimens were not specified), both of which were initiated on 11Jun2018 for the treatment of MYELODYSPLASTIC SYNDROME which was diagnosed on an unspecified date."
269,273,diagnostic,CMML,"INVESTIGATOR SAE VERBATIM: ANEMIA, LEUKOCYTOSIS
 
VD-AML-MILLENNIUM-3001 (GREECE): A Phase 3, Randomized, Controlled, Open-label, Clinical Study of Pevonedistat Plus Azacitidine Versus Single-Agent Azacitidine as First-Line Treatment for Patients With Higher-Risk MDS, CMML, or Low-Blast AML
 
Initial information was received on 02Jul2018 from an investigator involved in a Non-Celgene sponsored study regarding a 70 year old male patient (920001-002) who received study medication of Azacitidine and blinded MLN4924 (dosage regimens were not specified), both of which were initiated on 11Jun2018 for the treatment of MYELODYSPLASTIC SYNDROME which was diagnosed on an unspecified date."
148,167,treatment,regular transfusion,"
While on this protocol, on 21Jun2018, the patient presented to the hospital with leukocytosis (severity not specified) and grade 3 anemia, despite regular transfusion (1 RBC (red blood cells) every 3 days)."
44,50,ae,pallid,"
Six days later, the patient was discovered pallid and non-reactive at 10:00 am."
55,67,ae,non-reactive,"
Six days later, the patient was discovered pallid and non-reactive at 10:00 am."
1,9,sdrug,Tramadol,"
Tramadol was discontinued on an unknown date."
44,52,sdrug,tramadol,"
Hypoglycemia resolved (date unknown) after tramadol discontinuation."
32,44,ae,hypoglycemia,"
The patient had recovered from hypoglycemia on an unknown date."
87,95,sdrug,tramadol,"
Tagourdeau S, Chiche L, Lanfranchi MA et all, Hypoglycemies secondaires a la prise de tramadol deux nouveaux cas."
90,106,ae,loss of autonomy,"
On admission, in addition of general health status alteration the patient presented with loss of autonomy."
64,74,lab,3.2 mmol/l,"
Biological work-up was unremarkable except glycaemia 0.58 g/l (3.2 mmol/l)."
164,177,ae,hypoglycaemia,"
According to the reporter, this observation of hypoglycaemia occurred in a non diabetic patient, recently treated with tramadol, for which all the other causes of hypoglycaemia had been ruled out during the hospitalisation."
33,46,ae,hypoglycaemia,"
Therefore the causality between hypoglycaemia and tramadol had been deemed as probable."
51,59,sdrug,tramadol,"
Therefore the causality between hypoglycaemia and tramadol had been deemed as probable."
65,79,temporal,since 37 years,"
The patient's concurrent conditions included diabetes mellitus (since 37 years but poorly-controlled) and neuropathy."
39,50,sdrug,PARACETAMOL,"
The patient was treated with TRAMADOL/PARACETAMOL ZENTIVA (tramadol/apap, film coated tablet, oral) 1 dose 3 times a day, initiated on 23-APR-2013 for neuropathy."
51,58,sdrug,ZENTIVA,"
The patient was treated with TRAMADOL/PARACETAMOL ZENTIVA (tramadol/apap, film coated tablet, oral) 1 dose 3 times a day, initiated on 23-APR-2013 for neuropathy."
69,73,sdrug,apap,"
The patient was treated with TRAMADOL/PARACETAMOL ZENTIVA (tramadol/apap, film coated tablet, oral) 1 dose 3 times a day, initiated on 23-APR-2013 for neuropathy."
43,53,sdrug,pregabalin,"
Non-company suspect drug included Lyrica (pregabalin, capsule, oral) 25 mg twice daily initiated on 23-APR-2013 for neuropathy."
117,127,indication,neuropathy,"
Non-company suspect drug included Lyrica (pregabalin, capsule, oral) 25 mg twice daily initiated on 23-APR-2013 for neuropathy."
249,267,indication,unknown indication,"
Concomitant medications included insulin glargine, piribedil, melaleuca viridiflora oil, quinine benzoate, thiamine hydrochloride (hexaquine), insulin aspart, vitis vinifera extract (endotelon), levothyroxine sodium and acetylsalicylate lysine for unknown indication."
125,132,temporal,morning,"
On 28-APR-2013, 5 days after treatment the patient experienced hypoglycemia and her fasting blood glucose levels were 0.43 (morning) (normal range and units unspecified), 0.47 (mid day) and 0.66 (evening) without diet, weight and usual treatment modification."
178,185,temporal,mid day,"
On 28-APR-2013, 5 days after treatment the patient experienced hypoglycemia and her fasting blood glucose levels were 0.43 (morning) (normal range and units unspecified), 0.47 (mid day) and 0.66 (evening) without diet, weight and usual treatment modification."
197,204,temporal,evening,"
On 28-APR-2013, 5 days after treatment the patient experienced hypoglycemia and her fasting blood glucose levels were 0.43 (morning) (normal range and units unspecified), 0.47 (mid day) and 0.66 (evening) without diet, weight and usual treatment modification."
49,61,status,discontinued,"
Treatment with tramadol/apap and pregabalin was discontinued on 28-APR-2013."
13,23,sdrug,ketoprofen,"
Biprofenid (ketoprofen) and Doliprane (paracetamol) were started."
45,67,temporal,on an unspecified date,"
The patient had recovered from hypoglycemia on an unspecified date."
464,474,sdrug,Romidepsin,"INVESTIGATOR SAE VERBATIM: FEVER 
RM-AML-PI-0025 (UNITED KINGDOM): Phase I trial of combination therapy with Romidepsin and Azacitidine in patients with newly diagnosed, relapsed or refractory acute myeloid leukaemia ineligible for conventional chemotherapy (ROMAZA)
Initial information was received on 27Oct2014 from an investigator in regards to a 60 year-old, male patient [-06], who initiated study medication Azacitidine 140mg subcutaneously on 21Jul2014 and Romidepsin 20mg intravenously on 29Jul2014 for Acute myeloid leukaemia diagnosed on an unspecified date."
551,567,temporal,unspecified date,"INVESTIGATOR SAE VERBATIM: FEVER 
RM-AML-PI-0025 (UNITED KINGDOM): Phase I trial of combination therapy with Romidepsin and Azacitidine in patients with newly diagnosed, relapsed or refractory acute myeloid leukaemia ineligible for conventional chemotherapy (ROMAZA)
Initial information was received on 27Oct2014 from an investigator in regards to a 60 year-old, male patient [-06], who initiated study medication Azacitidine 140mg subcutaneously on 21Jul2014 and Romidepsin 20mg intravenously on 29Jul2014 for Acute myeloid leukaemia diagnosed on an unspecified date."
45,54,ae,infection,"
Concomitant medications included Aciclovir (infection), ondansetron (anti-emetic), Nozinan (anti-emetic), levofloxacin (antibiotic prophylaxis) and omeprazole (gastric reflux)."
65,70,ae,FEVER,"
 
The investigator assessed the causal relationship as follows:
FEVER: Azacitidine (Not provided), Romidepsin (not provided)
The investigator assessed the causal relationship as follows:
FEVER: Azacitidine (possible), Romidepsin (possible)
Further information expected."
219,229,sdrug,Romidepsin,"
 
The investigator assessed the causal relationship as follows:
FEVER: Azacitidine (Not provided), Romidepsin (not provided)
The investigator assessed the causal relationship as follows:
FEVER: Azacitidine (possible), Romidepsin (possible)
Further information expected."
28,33,ae,FEVER,"
INVESTIGATOR SAE VERBATIM: FEVER, CARDIAC ARREST (previously reported as FEVER)
Additional information was received on 05Nov2014 from an investigator."
49,60,ae,neutropenia,"
On 25Oct2014, the patient was hospitalised with neutropenia and fever."
65,70,ae,fever,"
On 25Oct2014, the patient was hospitalised with neutropenia and fever."
1,12,temporal,On that day,"
On that day laboratory data showed haemoglobin of 85, platelet count of 43, neutrophil count of 1.61%, blood creatinine of 92 and C-reactive protein of 275."
7,19,temporal,unknown date,"
On an unknown date, the patient had been hospitalized following fever and hypotension, and had a cardiac arrest."
75,86,ae,hypotension,"
On an unknown date, the patient had been hospitalized following fever and hypotension, and had a cardiac arrest."
17,26,status,recovered,"
The patient had recovered from hypoglycemia and obnubilation on 02-NOV-2010."
49,61,ae,obnubilation,"
The patient had recovered from hypoglycemia and obnubilation on 02-NOV-2010."
91,104,ae,hypoglycaemia,"
Pharmacovigilance Regional Centre considered tramadol as suspect in the occurrence of the hypoglycaemia and the obnubilation and assessed its causal relationships as possible (C2S2I2) according to the French method of imputability."
47,60,ae,Hypoglycemies,"
Tagourdeau S, Chiche L, Lanfranchi MA et all, Hypoglycemies secondaires à la prise de tramadol: deux nouveaux cas."
87,95,sdrug,tramadol,"
Tagourdeau S, Chiche L, Lanfranchi MA et all, Hypoglycemies secondaires à la prise de tramadol: deux nouveaux cas."
94,105,lab,3.52 mmol/l,"
Laboratory work-up were non-contributory except for blood glucose concentration at 0.64 g/l (3.52 mmol/l)."
27,67,status,transfer in internal medicine department,"
On 28-OCT-2010, after her transfer in internal medicine department she was again more and more sleepy."
61,74,ae,hypoglycaemia,"
After normalization of blood glucose, no further episode of hypoglycaemia occurred."
42,55,ae,hypoglycaemia,"
Therefore the reported causality between hypoglycaemia and tramadol was updated to probable."
60,68,sdrug,tramadol,"
Therefore the reported causality between hypoglycaemia and tramadol was updated to probable."
27,35,sdrug,Revlimid,"
The patient received oral Revlimid  capsules at a 10 mg daily (unknown therapy dates)."
51,59,sdrug,Revlimid,"
The physician assessed the causal relationship of Revlimid and Vidaza to the events as unknown."
45,53,sdrug,Revlimid,"
Company assessed the causal relationship Of Revlimid and Vidaza to the event sudden death as not suspected."
187,205,ae,ALT and LDH levels,"
A 46-year-old man developed profound hypoglycaemia secondary to hyperinsulinaemia, unconsciousness, vomiting, pulseless electrical activity (PEA), acidosis, renal failure, elevated AST, ALT and LDH levels, ketonuria, multiple organ dysfunction syndrome, circulatory failure, acute cardiac ischaemia, aspiration pneumonia and acute respiratory distress syndrome following an intentional overdose and intoxication of tramadol for pain management."
375,395,ae,intentional overdose,"
A 46-year-old man developed profound hypoglycaemia secondary to hyperinsulinaemia, unconsciousness, vomiting, pulseless electrical activity (PEA), acidosis, renal failure, elevated AST, ALT and LDH levels, ketonuria, multiple organ dysfunction syndrome, circulatory failure, acute cardiac ischaemia, aspiration pneumonia and acute respiratory distress syndrome following an intentional overdose and intoxication of tramadol for pain management."
94,101,treatment,glucose,"
Additionally, he developed hypokalaemia secondary to hyperinsulinaemia during treatment with glucose for hypoglycaemia [ not all dosages stated ]."
133,144,drug,leflunomide,"
He had no previous history of diabetes mellitus; however, his medical history was significant for rheumatoid arthritis treated with leflunomide and a cerebrovascular accident 3 years earlier."
14,17,ae,PEA,"
He developed PEA in the ambulance requiring CPR and epinephrine [adrenaline], which resulted in the return of spontaneous circulation."
53,64,ae,epinephrine,"
He developed PEA in the ambulance requiring CPR and epinephrine [adrenaline], which resulted in the return of spontaneous circulation."
66,76,ae,adrenaline,"
He developed PEA in the ambulance requiring CPR and epinephrine [adrenaline], which resulted in the return of spontaneous circulation."
38,52,temporal,one hour after,"
A parallel venous blood sample taken one hour after admission confirmed the aforementioned findings and also revealed renal failure, increased levels of LDH, AST, ALT and increased cardiac troponin-T high sensitive level."
48,62,dose,a total of 18g,"
Despite receiving continuous glucose infusion (a total of 18g administered during the first 3h), the hypoglycaemia was difficult to be corrected after 130 and 240 minutes."
76,95,temporal,during the first 3h,"
Despite receiving continuous glucose infusion (a total of 18g administered during the first 3h), the hypoglycaemia was difficult to be corrected after 130 and 240 minutes."
102,115,ae,hypoglycaemia,"
Despite receiving continuous glucose infusion (a total of 18g administered during the first 3h), the hypoglycaemia was difficult to be corrected after 130 and 240 minutes."
125,134,cdrug,ibuprofen,"
A urine toxicology screening was requested, which showed the presence of tramadol, paracetamol [acetaminophen], citalopram, ibuprofen, lormetazepam and a trace amount of salicylic acid."
136,148,cdrug,lormetazepam,"
A urine toxicology screening was requested, which showed the presence of tramadol, paracetamol [acetaminophen], citalopram, ibuprofen, lormetazepam and a trace amount of salicylic acid."
28,35,drug,insulin,"
Subsequently, he underwent insulin and C-peptide measurement for ruling out hypoglycaemia due to exogenous insulin administration."
24,30,sex,female,"
This report concerns a female neonate."
61,75,fhx,transplacental,"
The neonate was exposed to tramadol hydrochloride in utero (transplacental)."
19,41,sdrug,tramadol hydrochloride,"
Action taken with tramadol hydrochloride was not applicable."
216,238,ae,Drug exposure in utero,"
Labeling assessment and seriousness:  LLT Drug withdrawal syndrome neonatal (serious): CCDS unlisted, USPI unlisted, SmPC N/A, IB N/A.
LLT Hypoglycemia (serious): CCDS unlisted, USPI unlisted, SmPC N/A, IB N/A.
LLT Drug exposure in utero (serious): CCDS unlisted, USPI unlisted, SmPC N/A, IB N/A.
Additional information was received on 12-MAR-201."
45,71,dose,"capsules, oral, 37.5/325mg","
The patient was treated with tramadol/apap (capsules, oral, 37.5/325mg) 3 dose(s) initiated on 15-JUN-2006 to 26-MAR-2008 for an unknown indication and domperidone (tablets, oral) 30 mg initiated on 22-MAR-2007 to 26-MAR-2008 for an unknown indication."
68,103,diagnostic,upper aerodigestive tract infection,"
Non-company suspect drugs included: clavulin and carbocisteine for upper aerodigestive tract infection; and furosemide, cardiocalm, osyrol-lasix, smecta: old form, extractum tiliae, and paracetamol for unknown indications."
5,18,ae,hypoglycaemia,"
The hypoglycaemia was associated with hyperkalaemia at 5.89mm/L (hyperkalaemia was added as an event term)."
66,79,ae,hyperkalaemia,"
The hypoglycaemia was associated with hyperkalaemia at 5.89mm/L (hyperkalaemia was added as an event term)."
97,126,ae,multiple hypoglycaemic events,"
Two patients aged 50 years and 54 years [sexes not stated] with controlled diabetes experienced multiple hypoglycaemic events a few days after commencing tramadol [routes, dosages and indications not stated]; these events resolved upon tramadol discontinuation."
129,143,temporal,few days after,"
Two patients aged 50 years and 54 years [sexes not stated] with controlled diabetes experienced multiple hypoglycaemic events a few days after commencing tramadol [routes, dosages and indications not stated]; these events resolved upon tramadol discontinuation."
48,61,dose,150 milligram,"
 
01-Jun-2018: The patient initiated tramadol (150 milligram, unknown frequency, oral) for loin pain."
40,49,status,withdrawn,"
Action taken with tramadol therapy was withdrawn."
111,122,sdrug,propranolol,"
Added literature reference, medical history, seriousness of event malaise, hypoglycaemia, Non-company suspect propranolol and basal insulin, dose of tramadol, lab test, company suspect pravastatin and PV comment updated."
127,140,sdrug,basal insulin,"
Added literature reference, medical history, seriousness of event malaise, hypoglycaemia, Non-company suspect propranolol and basal insulin, dose of tramadol, lab test, company suspect pravastatin and PV comment updated."
36,47,sdrug,propranolol,"
01-Jun-2018: The patient initiated propranolol, pravastatin and basal insulin (insulin) at an unknown dose, frequency and route for unknown indication and Tramadol at a dose of 50 milligram, q3d, unknown route for lion pain."
49,60,sdrug,pravastatin,"
01-Jun-2018: The patient initiated propranolol, pravastatin and basal insulin (insulin) at an unknown dose, frequency and route for unknown indication and Tramadol at a dose of 50 milligram, q3d, unknown route for lion pain."
65,88,sdrug,basal insulin (insulin),"
01-Jun-2018: The patient initiated propranolol, pravastatin and basal insulin (insulin) at an unknown dose, frequency and route for unknown indication and Tramadol at a dose of 50 milligram, q3d, unknown route for lion pain."
133,151,indication,unknown indication,"
01-Jun-2018: The patient initiated propranolol, pravastatin and basal insulin (insulin) at an unknown dose, frequency and route for unknown indication and Tramadol at a dose of 50 milligram, q3d, unknown route for lion pain."
1,13,temporal,Unknown Date,"
Unknown Date: The patient was hospitalized in response to the event malaise, hypoglycaemia and loss of consciousness."
40,51,sdrug,propranolol,"
06-Jun-2018: Patient took last dose of propranolol, pravastatin and insulin."
53,64,sdrug,pravastatin,"
06-Jun-2018: Patient took last dose of propranolol, pravastatin and insulin."
69,76,sdrug,insulin,"
06-Jun-2018: Patient took last dose of propranolol, pravastatin and insulin."
32,44,status,discontinued,"
Action taken with tramadol was discontinued."
115,154,lab,physical examination normal was unknown,"
Lab data included haemodynamic test was unknown and blood pressure was 163/85 mmhg, heart rate was 72 per minute, physical examination normal was unknown, oxygen saturation was 100 percent  and blood glucose was 0.36 gram per litre."
14,22,sdrug,tramadol,"
Therapy with tramadol was discontinued."
27,39,status,discontinued,"
Therapy with tramadol was discontinued."
53,89,lab,neurological examination was unknown,"
Lab data included electrocardiogram was unknown and neurological examination was unknown."
166,181,temporal,after receiving,A report via Grunenthal GmbH (TRA 4836) of a case from France involving an 87 year old male patient who developed a grand mal seizure and respiratory arrest and died after receiving Topalgic (tramadol HCL) infusion.
192,204,sdrug,tramadol HCL,A report via Grunenthal GmbH (TRA 4836) of a case from France involving an 87 year old male patient who developed a grand mal seizure and respiratory arrest and died after receiving Topalgic (tramadol HCL) infusion.
143,150,temporal,3:00 PM,"
He was treated with Topalgic for pain (unspecified); 100 mg infusion on 23-OCT-97 at 10:00PM, and 100 mg infusion on 24-OCT-97 at 3:00 AM and 3:00 PM."
94,122,indication,pain in the right upper limb,"
This patient had a previous medical history of senile dementia and received the Topalgic for pain in the right upper limb, consecutive to falling down."
124,151,indication,consecutive to falling down,"
This patient had a previous medical history of senile dementia and received the Topalgic for pain in the right upper limb, consecutive to falling down."
99,113,ae,cardiac arrest,"
The respiratory arrest code was changed according to the follow-up information, and replaced with cardiac arrest."
89,97,sdrug,Tramadol,"
This report was also published in the literature article entitled Lethal Combination of Tramadol and Multiple Drugs Affecting Serotonin."
1,23,temporal,On an unspecified date,"
On an unspecified date the patient experienced respiratory arrest."
48,66,ae,respiratory arrest,"
On an unspecified date the patient experienced respiratory arrest."
38,56,ae,respiratory arrest,"
The outcome was not reported for the respiratory arrest."
229,235,ae,Miosis,"
Labelling assessment and seriousness (tramadol hydrochloride):  LLT Cardiac arrest (serious): CCDS unlisted, USPI unlisted, SmPC N/A, IB N/A.
LLT Respiratory arrest (serious): CCDS unlisted, USPI unlisted, SmPC N/A, IB N/A.
LLT Miosis (non serious): CCDS unlisted, USPI unlisted, SmPC N/A, IB N/A.
LLT Grand mal convulsion (non serious): CCDS listed, USPI listed, SmPC N/A, IB N/A.
LLT Respiratory distress (non serious): CCDS listed, USPI listed, SmPC N/A, IB N/A.
LLT Hypoglycemia (non serious): CCDS unlisted, USPI unlisted, SmPC N/A, IB N/A.
"
303,323,ae,Grand mal convulsion,"
Labelling assessment and seriousness (tramadol hydrochloride):  LLT Cardiac arrest (serious): CCDS unlisted, USPI unlisted, SmPC N/A, IB N/A.
LLT Respiratory arrest (serious): CCDS unlisted, USPI unlisted, SmPC N/A, IB N/A.
LLT Miosis (non serious): CCDS unlisted, USPI unlisted, SmPC N/A, IB N/A.
LLT Grand mal convulsion (non serious): CCDS listed, USPI listed, SmPC N/A, IB N/A.
LLT Respiratory distress (non serious): CCDS listed, USPI listed, SmPC N/A, IB N/A.
LLT Hypoglycemia (non serious): CCDS unlisted, USPI unlisted, SmPC N/A, IB N/A.
"
387,407,ae,Respiratory distress,"
Labelling assessment and seriousness (tramadol hydrochloride):  LLT Cardiac arrest (serious): CCDS unlisted, USPI unlisted, SmPC N/A, IB N/A.
LLT Respiratory arrest (serious): CCDS unlisted, USPI unlisted, SmPC N/A, IB N/A.
LLT Miosis (non serious): CCDS unlisted, USPI unlisted, SmPC N/A, IB N/A.
LLT Grand mal convulsion (non serious): CCDS listed, USPI listed, SmPC N/A, IB N/A.
LLT Respiratory distress (non serious): CCDS listed, USPI listed, SmPC N/A, IB N/A.
LLT Hypoglycemia (non serious): CCDS unlisted, USPI unlisted, SmPC N/A, IB N/A.
"
471,483,ae,Hypoglycemia,"
Labelling assessment and seriousness (tramadol hydrochloride):  LLT Cardiac arrest (serious): CCDS unlisted, USPI unlisted, SmPC N/A, IB N/A.
LLT Respiratory arrest (serious): CCDS unlisted, USPI unlisted, SmPC N/A, IB N/A.
LLT Miosis (non serious): CCDS unlisted, USPI unlisted, SmPC N/A, IB N/A.
LLT Grand mal convulsion (non serious): CCDS listed, USPI listed, SmPC N/A, IB N/A.
LLT Respiratory distress (non serious): CCDS listed, USPI listed, SmPC N/A, IB N/A.
LLT Hypoglycemia (non serious): CCDS unlisted, USPI unlisted, SmPC N/A, IB N/A.
"
38,60,sdrug,tramadol hydrochloride,"
The patient was treated with TRAMAL (tramadol hydrochloride) (unspecified, unknown) unspecified dose, initiated on an unspecified date for an unknown indication."
22,44,sdrug,tramadol hydrochloride,"
He stated that, with tramadol hydrochloride, the insulin need was decreased (down to zero) (decreased insulin requirement) dependent on the tramadol hydrochloride dose taken."
50,57,sdrug,insulin,"
He stated that, with tramadol hydrochloride, the insulin need was decreased (down to zero) (decreased insulin requirement) dependent on the tramadol hydrochloride dose taken."
141,163,sdrug,tramadol hydrochloride,"
He stated that, with tramadol hydrochloride, the insulin need was decreased (down to zero) (decreased insulin requirement) dependent on the tramadol hydrochloride dose taken."
23,45,sdrug,tramadol hydrochloride,"
He stated that, under tramadol hydrochloride treatment there was no need to take insulin as blood glucose values normalized (blood glucose decreased) automatically and were independent from his food intake."
126,149,lab,blood glucose decreased,"
He stated that, under tramadol hydrochloride treatment there was no need to take insulin as blood glucose values normalized (blood glucose decreased) automatically and were independent from his food intake."
88,100,ae,hypoglycemia,"
He stated that, he was able to reduce high blood glucose values and to convert them to hypoglycemia just by taking tramadol hydrochloride and without using insulin."
116,138,sdrug,tramadol hydrochloride,"
He stated that, he was able to reduce high blood glucose values and to convert them to hypoglycemia just by taking tramadol hydrochloride and without using insulin."
41,63,sdrug,tramadol hydrochloride,"
He stated that, on an unspecified date, tramadol hydrochloride lowered his appetite enormously and there was also reduced motivation to drink (thirst decreased)."
64,95,ae,lowered his appetite enormously,"
He stated that, on an unspecified date, tramadol hydrochloride lowered his appetite enormously and there was also reduced motivation to drink (thirst decreased)."
144,160,ae,thirst decreased,"
He stated that, on an unspecified date, tramadol hydrochloride lowered his appetite enormously and there was also reduced motivation to drink (thirst decreased)."
68,83,mae,most euphoretic,"
According to the patient experience tramadol hydrochloride was the most euphoretic (euphoric) of all known opioids."
85,93,mae,euphoric,"
According to the patient experience tramadol hydrochloride was the most euphoretic (euphoric) of all known opioids."
38,74,mae,all the other things were okay again,"
A little increase in dosage and also all the other things were okay again."
32,54,sdrug,tramadol hydrochloride,"
The patient stated that, under tramadol hydrochloride treatment the day seemed to be abnormally long and time did not seem to pass (temporal disorientation)."
86,101,mae,abnormally long,"
The patient stated that, under tramadol hydrochloride treatment the day seemed to be abnormally long and time did not seem to pass (temporal disorientation)."
106,131,mae,time did not seem to pass,"
The patient stated that, under tramadol hydrochloride treatment the day seemed to be abnormally long and time did not seem to pass (temporal disorientation)."
133,156,ae,temporal disorientation,"
The patient stated that, under tramadol hydrochloride treatment the day seemed to be abnormally long and time did not seem to pass (temporal disorientation)."
61,94,mae,music player was running too fast,"
On the other hand, when listened to music he meant that the music player was running too fast, everything sounded high and the rhythm seemed to race (hallucination auditory)."
151,173,ae,hallucination auditory,"
On the other hand, when listened to music he meant that the music player was running too fast, everything sounded high and the rhythm seemed to race (hallucination auditory)."
74,96,sdrug,tramadol hydrochloride,"
According to the patient all described events aggravated with increasing tramadol hydrochloride dosage."
72,109,dose,relatively high daily dose of 2000 mg,"
He stated that, as clearly as described, those effects were shown at a relatively high daily dose of 2000 mg (intentional overdose), however also at normal doses."
100,123,lab,blood glucose decreased,"
The patient's outcome was not reported for the events hypoglycemia, decreased insulin requirement, blood glucose decreased, thirst decreased, intentional overdose, lower appetite, euphoric, temporal disorientation, hallucination auditory, diuretic effect and drug interaction NOS."
125,141,ae,thirst decreased,"
The patient's outcome was not reported for the events hypoglycemia, decreased insulin requirement, blood glucose decreased, thirst decreased, intentional overdose, lower appetite, euphoric, temporal disorientation, hallucination auditory, diuretic effect and drug interaction NOS."
143,163,ae,intentional overdose,"
The patient's outcome was not reported for the events hypoglycemia, decreased insulin requirement, blood glucose decreased, thirst decreased, intentional overdose, lower appetite, euphoric, temporal disorientation, hallucination auditory, diuretic effect and drug interaction NOS."
181,189,ae,euphoric,"
The patient's outcome was not reported for the events hypoglycemia, decreased insulin requirement, blood glucose decreased, thirst decreased, intentional overdose, lower appetite, euphoric, temporal disorientation, hallucination auditory, diuretic effect and drug interaction NOS."
191,214,ae,temporal disorientation,"
The patient's outcome was not reported for the events hypoglycemia, decreased insulin requirement, blood glucose decreased, thirst decreased, intentional overdose, lower appetite, euphoric, temporal disorientation, hallucination auditory, diuretic effect and drug interaction NOS."
216,238,ae,hallucination auditory,"
The patient's outcome was not reported for the events hypoglycemia, decreased insulin requirement, blood glucose decreased, thirst decreased, intentional overdose, lower appetite, euphoric, temporal disorientation, hallucination auditory, diuretic effect and drug interaction NOS."
240,255,ae,diuretic effect,"
The patient's outcome was not reported for the events hypoglycemia, decreased insulin requirement, blood glucose decreased, thirst decreased, intentional overdose, lower appetite, euphoric, temporal disorientation, hallucination auditory, diuretic effect and drug interaction NOS."
260,276,ae,drug interaction,"
The patient's outcome was not reported for the events hypoglycemia, decreased insulin requirement, blood glucose decreased, thirst decreased, intentional overdose, lower appetite, euphoric, temporal disorientation, hallucination auditory, diuretic effect and drug interaction NOS."
15,38,lab,weight was not reported,"
The patient's weight was not reported."
39,43,sdrug,apap,"
The patient was treated with tramadol/apap (37.5 and 325 mg), 3 to 4 tablets per day taken orally, initiated on an unspecified date in JUL-2007 to JUL-2007 for pain."
161,165,indication,pain,"
The patient was treated with tramadol/apap (37.5 and 325 mg), 3 to 4 tablets per day taken orally, initiated on an unspecified date in JUL-2007 to JUL-2007 for pain."
34,43,status,withdrawn,"
Treatment with tramadol/apap was withdrawn."
53,56,lab,2.5,"
The most recent drop the patient experienced was to 2.5, which was the lowest level that she had experienced and it took her approximately one hour to recover and be able to walk again."
140,148,temporal,one hour,"
The most recent drop the patient experienced was to 2.5, which was the lowest level that she had experienced and it took her approximately one hour to recover and be able to walk again."
121,129,cdrug,Tridural,"
The patient reported that she ruled out anything else which in her opinion could cause the hypoglycemia and thinks that Tridural is the only thing which could cause this."
56,68,mhx,Drug allergy,"
Drug history included Monoclonal antibodies (Reaction: Drug allergy), Quinolones (Reaction: Drug allergy), Tetracyclines (Reaction: Drug allergy)."
42,74,diagnostic,Common variable immunodeficiency,"
At the time of the event the patient had Common variable immunodeficiency, Chronic pansinusitis, Acute bronchitis, Moderate persistent asthma, Local lupus erythematosus, Rheumatoid arthritis, Postmenopausal atrophic vaginitis, Stricture of vagina, Atresia of vagina, Viral intestinal infection."
76,96,diagnostic,Chronic pansinusitis,"
At the time of the event the patient had Common variable immunodeficiency, Chronic pansinusitis, Acute bronchitis, Moderate persistent asthma, Local lupus erythematosus, Rheumatoid arthritis, Postmenopausal atrophic vaginitis, Stricture of vagina, Atresia of vagina, Viral intestinal infection."
98,114,diagnostic,Acute bronchitis,"
At the time of the event the patient had Common variable immunodeficiency, Chronic pansinusitis, Acute bronchitis, Moderate persistent asthma, Local lupus erythematosus, Rheumatoid arthritis, Postmenopausal atrophic vaginitis, Stricture of vagina, Atresia of vagina, Viral intestinal infection."
116,142,diagnostic,Moderate persistent asthma,"
At the time of the event the patient had Common variable immunodeficiency, Chronic pansinusitis, Acute bronchitis, Moderate persistent asthma, Local lupus erythematosus, Rheumatoid arthritis, Postmenopausal atrophic vaginitis, Stricture of vagina, Atresia of vagina, Viral intestinal infection."
144,169,diagnostic,Local lupus erythematosus,"
At the time of the event the patient had Common variable immunodeficiency, Chronic pansinusitis, Acute bronchitis, Moderate persistent asthma, Local lupus erythematosus, Rheumatoid arthritis, Postmenopausal atrophic vaginitis, Stricture of vagina, Atresia of vagina, Viral intestinal infection."
171,191,diagnostic,Rheumatoid arthritis,"
At the time of the event the patient had Common variable immunodeficiency, Chronic pansinusitis, Acute bronchitis, Moderate persistent asthma, Local lupus erythematosus, Rheumatoid arthritis, Postmenopausal atrophic vaginitis, Stricture of vagina, Atresia of vagina, Viral intestinal infection."
193,226,diagnostic,Postmenopausal atrophic vaginitis,"
At the time of the event the patient had Common variable immunodeficiency, Chronic pansinusitis, Acute bronchitis, Moderate persistent asthma, Local lupus erythematosus, Rheumatoid arthritis, Postmenopausal atrophic vaginitis, Stricture of vagina, Atresia of vagina, Viral intestinal infection."
228,247,diagnostic,Stricture of vagina,"
At the time of the event the patient had Common variable immunodeficiency, Chronic pansinusitis, Acute bronchitis, Moderate persistent asthma, Local lupus erythematosus, Rheumatoid arthritis, Postmenopausal atrophic vaginitis, Stricture of vagina, Atresia of vagina, Viral intestinal infection."
249,266,diagnostic,Atresia of vagina,"
At the time of the event the patient had Common variable immunodeficiency, Chronic pansinusitis, Acute bronchitis, Moderate persistent asthma, Local lupus erythematosus, Rheumatoid arthritis, Postmenopausal atrophic vaginitis, Stricture of vagina, Atresia of vagina, Viral intestinal infection."
268,294,diagnostic,Viral intestinal infection,"
At the time of the event the patient had Common variable immunodeficiency, Chronic pansinusitis, Acute bronchitis, Moderate persistent asthma, Local lupus erythematosus, Rheumatoid arthritis, Postmenopausal atrophic vaginitis, Stricture of vagina, Atresia of vagina, Viral intestinal infection."
133,137,ae,Cold,"
Adverse reactions/events and outcomes:
On an unknown date in Dec-2018, the patient experienced Mouth ulcer (outcome: Not Reported), Cold (outcome: Not Reported), Coughing (outcome: Not Reported)."
104,113,status,Recovered,"
On an unknown date in Jan-2019 reported as 1.5 weeks ago, the patient experienced Itchy Rash (outcome: Recovered / Resolved)."
116,124,status,Resolved,"
On an unknown date in Jan-2019 reported as 1.5 weeks ago, the patient experienced Itchy Rash (outcome: Recovered / Resolved)."
116,130,treatment,Benadryl cream,"
When she started again at the end of Dec-2018 she had rash on both knees 1.5 weeks ago that was itchy and she used Benadryl cream."
23,31,treatment,Benadryl,"
Treatment medication:
Benadryl
Reporter's assessment:
Not provided
***Follow-up information was received from the consumer on 31-Jan-2019:
Concomitant medications: updated- please refer to appropriate section."
26,37,temporal,27-Nov-2018,"
Ventolin HFA last filled 27-Nov-2018 and Budesonide Respules last filled 01-Oct-2018."
109,113,temporal,2018,"
Administration of company suspect drug(s):
Hizentra start date reported as 01-Aug-2018 (previously reported 2018, to date)."
66,77,ae,tongue pain,"Patient reports has Olumiant therapy on hold due to side effects (tongue pain, swollen lips) and MD advice."
147,160,sdrug,levetiracetam,"
This case described the occurrence of fulminant hepatitis and voluntary intoxication in a 23-year-old female patient who was treated with Keppra (levetiracetam) for epilepsy for an unknown period and took it for voluntary intoxication on 06-Feb-2010."
41,49,sdrug,tramadol,"
Co-suspected treatment included Ixprim (tramadol/paracetamol) for rheumatoid arthritis."
19,27,temporal,11:00 pm,"
On 06-Feb-2010 at 11:00 pm she took 100 tramadol/paracetamol units and 20 Keppra tablets (unknown dose)."
41,49,sdrug,tramadol,"
On 06-Feb-2010 at 11:00 pm she took 100 tramadol/paracetamol units and 20 Keppra tablets (unknown dose)."
21,60,lab,EEG did not evidence any encephalopathy,"
On 08-Feb-2010, the EEG did not evidence any encephalopathy."
1,28,lab,Brain scan was unremarkable,"
Brain scan was unremarkable."
20,48,status,situation worsened even more,"
On 10-Feb-2010 her situation worsened even more, she was intubated and received neurological protection measures."
61,125,lab,submassive hepatocytes necrosis lesions with histological aspect,"
Anatomopathological analysis of hepatectomised liver showed submassive hepatocytes necrosis lesions with histological aspect similar to the one usually described on paracetamol overdose."
12,20,sdrug,tramadol,"
Keppra and tramadol/paracetamol were stopped."
70,76,sdrug,Ixprim,"
The Afssaps considered the events as dubiously related to Keppra and Ixprim."
96,103,ae,suicide,"
The literature reference is:
Bottinelli C, Guitton J, Fanton L, Bevalot F.
Characterization of suicide involving insulin analog injection: Interest of injection site analysis by LC/HRMS."
30,56,ae,drug-induced hypoglycaemia,"
An autopsy case of suspected drug-induced hypoglycaemia."
81,84,age,80s,"
The Japanese Journal of Legal Medicine.73(2); 191 and concerned a female in her 80s."
15,38,lab,weight was 57 kilograms,"
The patient's weight was 57 kilograms and height was 157 centimeters."
43,69,lab,height was 157 centimeters,"
The patient's weight was 57 kilograms and height was 157 centimeters."
181,199,indication,unknown indication,"
The patient had not received tramadol/acetaminophen (company suspect) (film-coated tablet, oral, batch number not reported) dose, frequency, and therapy dates not reported, for an unknown indication."
81,94,ae,hypoglycaemia,"
Blood tests performed at the facility where the patient was taken showed marked hypoglycaemia, with the blood glucose level at 4 mg/dL, and the patient died about one hour later."
89,102,ae,hypoglycaemia,"
There were no insulin subcutaneous injection marks, or no conditions causing remarkable hypoglycaemia."
1,16,temporal,At a later date,"
At a later date, the blood insulin concentration at the medical facility where the patient was taken was found to be 2.79 mcIU/mL (normal range: 1.84-12.2), which excluded a possibility of insulin intoxication."
190,210,ae,insulin intoxication,"
At a later date, the blood insulin concentration at the medical facility where the patient was taken was found to be 2.79 mcIU/mL (normal range: 1.84-12.2), which excluded a possibility of insulin intoxication."
88,101,ae,hypoglycaemia,"
Among the drugs prescribed to the patient, tramadol was a drug that could cause marked hypoglycaemia and its blood concentration was within the therapeutic range."
88,110,ae,drug-induced condition,"
As a cause of marked hypoglycaemia, tramadol was considered to have contributed to the drug-induced condition."
26,48,temporal,on an unspecified date,"
An autopsy was performed on an unspecified date."
26,31,status,Death,"
This report was serious (Death)."
313,325,ae,hypoglycemia,"
Upon review, the following information was amended: The additional information (citation, patient demographics, concurrent conditions, indication of the suspect drug Tramadol/Apap and narrative information) related to the previously reported citation: Yoshida K, Sato H, Tanaka T, Kasai K, Autopsy case of fatal hypoglycemia following ingestion of a therapeutic dose of tramadol."
49,95,mhx,heterozygous for a duplicated wild-type allele,"
Genotyping of CYP2D6 revealed the patient to be heterozygous for a duplicated wild-type allele, predictive of a CYP2D6 ultrarapid metabolizer (UM) phenotype, confirmed by calculation of the tramadol/Ml (MR1) metabolic ratio at all time points."
55,89,ae,excessive blood epinephrine levels,"
Because of the inhibition of norepinephrine reuptake, excessive blood epinephrine levels in this CYP2D6R UM patient following excessive tramadol ingestion could explain the observed strong myocardial stunning."
137,145,sdrug,tramadol,"
Because of the inhibition of norepinephrine reuptake, excessive blood epinephrine levels in this CYP2D6R UM patient following excessive tramadol ingestion could explain the observed strong myocardial stunning."
18,51,ae,excessive morphinomimetic effects,"
In patients with excessive morphinomimetic effects, levels of tramadol and its main metabolite Ml could be measured, ideally combined with CYP2D6 genotyping, to identify individuals at risk of tramadol-related cardiotoxicity."
201,234,treatment,venoarterial membrane oxygenation,"
Repeated episodes of cardiac arrest required cardiopulmonary resuscitation and immediate ICU transfer where refractory circulatory shock was diagnosed, requiring extracorporeal circulatory support by venoarterial membrane oxygenation."
75,81,sdrug,Vidaza,A report from a physician describes a male patient in his seventies in the Vidaza Named -Patient Programme in Spain who experienced ischaemic colitis that resulted in death.
3,14,treatment,colonoscopy,"
A colonoscopy was performed and ischaemic colitis was detected (long involvement)."
223,236,treatment,dexamethasone,"
Follow-up information was received on 29-Sep-2008:
The patient was 75 years old and his medical history was provided as:
The patient had a 10 year history of severe thrombocytopenia that required corticosteroid treatment, dexamethasone at high doses (40 mg/day x 4 days) without analytical response."
240,250,dose,high doses,"
Follow-up information was received on 29-Sep-2008:
The patient was 75 years old and his medical history was provided as:
The patient had a 10 year history of severe thrombocytopenia that required corticosteroid treatment, dexamethasone at high doses (40 mg/day x 4 days) without analytical response."
16,20,temporal,2006,"
Two years ago (2006), treatment with anti-CD20 (Rituximab) was attempted for 4 monthly doses, with no remarkable response."
38,47,treatment,anti-CD20,"
Two years ago (2006), treatment with anti-CD20 (Rituximab) was attempted for 4 monthly doses, with no remarkable response."
49,58,treatment,Rituximab,"
Two years ago (2006), treatment with anti-CD20 (Rituximab) was attempted for 4 monthly doses, with no remarkable response."
132,135,mhx,MDS,"
The patient received treatment with Vidaza at a dose of 75 mg/m2 from 21-Aug-2008 through 28-Aug-2008 (cycle date unspecified) for MDS FAB subtype RA (refractory anaemia) that required transfusions, severe neutropenia and thrombocytopenia."
207,218,mhx,neutropenia,"
The patient received treatment with Vidaza at a dose of 75 mg/m2 from 21-Aug-2008 through 28-Aug-2008 (cycle date unspecified) for MDS FAB subtype RA (refractory anaemia) that required transfusions, severe neutropenia and thrombocytopenia."
91,99,treatment,tramadol,"
The patient received analgesic treatment with Nolotil (magnesium metamizole) and Adolota (tramadol) by endovenous continuous perfusion for rectal and anal pain."
50,62,status,administered,"
This case concerns an 87-year-old female patient administered since 14/Nov/2015 Seroplex film-coated tablet (generic name: escitalopram), 5 mg daily orally for depressive disorder in combination with tramadol 100 mg daily orally since 10/Nov/2015 for arthritis pain and glimepiride 1 mg daily orally for diabetes since an unknown date."
124,136,sdrug,escitalopram,"
This case concerns an 87-year-old female patient administered since 14/Nov/2015 Seroplex film-coated tablet (generic name: escitalopram), 5 mg daily orally for depressive disorder in combination with tramadol 100 mg daily orally since 10/Nov/2015 for arthritis pain and glimepiride 1 mg daily orally for diabetes since an unknown date."
314,335,temporal,since an unknown date,"
This case concerns an 87-year-old female patient administered since 14/Nov/2015 Seroplex film-coated tablet (generic name: escitalopram), 5 mg daily orally for depressive disorder in combination with tramadol 100 mg daily orally since 10/Nov/2015 for arthritis pain and glimepiride 1 mg daily orally for diabetes since an unknown date."
39,51,sdrug,escitalopram,"
On 16/Nov/2015, within two days after escitalopram initiation, the patient was found to have a hypoglycaemia between 0.5 g/L to 0.6 g/L together with hypotension."
110,136,dose,between 0.5 g/L to 0.6 g/L,"
On 16/Nov/2015, within two days after escitalopram initiation, the patient was found to have a hypoglycaemia between 0.5 g/L to 0.6 g/L together with hypotension."
17,41,ae,less reactive to stimuli,"
The patient was less reactive to stimuli."
18,25,status,stopped,"
Escitalopram was stopped on 16/Nov/2015."
80,95,status,discontinuation,"
The patient died on 18/Nov/2015 due to the events, two days after escitalopram discontinuation."
363,382,mhx,atrial fibrillation,"
The patient's medical history comprised arthritis pain, depressive disorder, type II diabetes mellitus well balanced (blood glucose between 1.5 g/L and 2.3 g/L) with oral antidiabetic drug, arterial hypertension, ischaemic heart disease requiring stent insertion in 2001 as well as double bypass in 2005 and a stent insertion in 2010, complete arrhythmia due to atrial fibrillation, breast cancer, myocardial infarction, ischemic stroke with sequelae (left facial palsy), allergy to paracetamol."
34,47,treatment,physiotherapy,"
In Nov/2015, hospitalisation for physiotherapy to effort after myocardial infarction and medical supervision after bronchopneumopathy."
64,85,diagnostic,myocardial infarction,"
In Nov/2015, hospitalisation for physiotherapy to effort after myocardial infarction and medical supervision after bronchopneumopathy."
90,109,treatment,medical supervision,"
In Nov/2015, hospitalisation for physiotherapy to effort after myocardial infarction and medical supervision after bronchopneumopathy."
116,134,diagnostic,bronchopneumopathy,"
In Nov/2015, hospitalisation for physiotherapy to effort after myocardial infarction and medical supervision after bronchopneumopathy."
65,89,ae,transfusion independence,"
The patient had received 6-7 cycles of Vidaza therapy achieving transfusion independence during treatment."
93,99,ae,sepsis,"
On an unspecified date the patient was hospitalized due to anaemia, fever and most probably sepsis."
22,29,ae,anaemia,"
The outcomes for the anaemia, fever and most probably sepsis were not provided."
55,61,ae,sepsis,"
The outcomes for the anaemia, fever and most probably sepsis were not provided."
1,19,temporal,On an unknown date,"
On an unknown date, the patient experienced SEPSIS."
1,12,sdrug,AZACITIDINE,"
AZACITIDINE was also considered suspect."
70,79,sdrug,Nivolumab,"Investigator causality assessment:SUDDEN DEATH NOS: Vidaza (related), Nivolumab (related)The investigator attributed the event of sudden death NOS as possibly related to possible sepsis (no documentation), azacytidine (Vidaza) and Nivolumab therapies and probably related to acute myeloid leukemia NOS.Company causality assessment: SUDDEN DEATH NOS: Vidaza (possibly related), Nivolumab (not applicable)Unable to conduct due diligence as prescriber's contact information was not provided.(USA) Additional information was received on 30/Jul/2018 as a spontaneous report via other manufacturer (Bristol-Myers Squibb) (MCN: BMS-2018-069029) from a clinical investigator and from the National Cancer Institute (cross reference number: 7928).The patient was treated with sodium bicarbonate, vasopressin, dextrose 5 percentage in water, and normal saline."
206,217,sdrug,azacytidine,"Investigator causality assessment:SUDDEN DEATH NOS: Vidaza (related), Nivolumab (related)The investigator attributed the event of sudden death NOS as possibly related to possible sepsis (no documentation), azacytidine (Vidaza) and Nivolumab therapies and probably related to acute myeloid leukemia NOS.Company causality assessment: SUDDEN DEATH NOS: Vidaza (possibly related), Nivolumab (not applicable)Unable to conduct due diligence as prescriber's contact information was not provided.(USA) Additional information was received on 30/Jul/2018 as a spontaneous report via other manufacturer (Bristol-Myers Squibb) (MCN: BMS-2018-069029) from a clinical investigator and from the National Cancer Institute (cross reference number: 7928).The patient was treated with sodium bicarbonate, vasopressin, dextrose 5 percentage in water, and normal saline."
20,35,status,did not improve,Patient's condition did not improve after she was transfused with 3.25 units of red blood cells.
37,50,ae,severe anemia,The treating physician believed that severe anemia was the possible cause of the cardiovascular instability.
11,29,ae,reanimation failed,"
Patient's reanimation failed."
78,97,diagnostic,lupus erythematosus,"
Concomitant medications additionally included azathioprin and prednisone for lupus erythematosus."
22,36,ae,CARDIAC ARREST,"
CIRCULATORY FAILURE, CARDIAC ARREST (Previously Circulatory Failure, Cardiac Failure)."
1,21,ae,Resuscitation failed,"
Resuscitation failed and the patient died."
12,49,lab,no increases in laboratory parameters,"
There were no increases in laboratory parameters (details not further specified)."
52,66,ae,CARDIAC ARREST,"
The reporter assessed the relationship as follows: CARDIAC ARREST: Vidaza (possible)  This case is cross-referenced to MCN 062-50794-11082819 (cardiac arrest), duplicate report."
144,158,ae,cardiac arrest,"
The reporter assessed the relationship as follows: CARDIAC ARREST: Vidaza (possible)  This case is cross-referenced to MCN 062-50794-11082819 (cardiac arrest), duplicate report."
96,118,sdrug,tramadol hydrochloride,"
The patient had previously experienced nausea, myalgia, dizziness and high feeling when taking tramadol hydrochloride."
141,174,temporal,a latency of 42 hours after start,"
On 30-SEP-2015, the patient experienced hypoglycaemia and syncope (fainting) following administration of tramadol suppository for pain with a latency of 42 hours after start."
61,82,status,back to consciousness,"
The patient was given sugar and Coca-Cola which brought him back to consciousness."
51,62,ae,Hypotension,"
The outcome of the events Respiratory depression, Hypotension, tachycardia, acute lung injury/ARDS, CNS coma/CNS depression, hypoglycemia, metabolic acidosis, anion gap, hepatoxicity, coagulopathy, acute kidney injury, and rhabdomyolysis was reported as unknown."
126,138,ae,hypoglycemia,"
The outcome of the events Respiratory depression, Hypotension, tachycardia, acute lung injury/ARDS, CNS coma/CNS depression, hypoglycemia, metabolic acidosis, anion gap, hepatoxicity, coagulopathy, acute kidney injury, and rhabdomyolysis was reported as unknown."
160,169,ae,anion gap,"
The outcome of the events Respiratory depression, Hypotension, tachycardia, acute lung injury/ARDS, CNS coma/CNS depression, hypoglycemia, metabolic acidosis, anion gap, hepatoxicity, coagulopathy, acute kidney injury, and rhabdomyolysis was reported as unknown."
171,183,ae,hepatoxicity,"
The outcome of the events Respiratory depression, Hypotension, tachycardia, acute lung injury/ARDS, CNS coma/CNS depression, hypoglycemia, metabolic acidosis, anion gap, hepatoxicity, coagulopathy, acute kidney injury, and rhabdomyolysis was reported as unknown."
185,197,ae,coagulopathy,"
The outcome of the events Respiratory depression, Hypotension, tachycardia, acute lung injury/ARDS, CNS coma/CNS depression, hypoglycemia, metabolic acidosis, anion gap, hepatoxicity, coagulopathy, acute kidney injury, and rhabdomyolysis was reported as unknown."
199,218,ae,acute kidney injury,"
The outcome of the events Respiratory depression, Hypotension, tachycardia, acute lung injury/ARDS, CNS coma/CNS depression, hypoglycemia, metabolic acidosis, anion gap, hepatoxicity, coagulopathy, acute kidney injury, and rhabdomyolysis was reported as unknown."
224,238,ae,rhabdomyolysis,"
The outcome of the events Respiratory depression, Hypotension, tachycardia, acute lung injury/ARDS, CNS coma/CNS depression, hypoglycemia, metabolic acidosis, anion gap, hepatoxicity, coagulopathy, acute kidney injury, and rhabdomyolysis was reported as unknown."
45,67,ae,toxicological exposure,"
On an unknown date, the patient died due to toxicological exposure."
94,114,diagnostic,attempt at self-harm,"
The authors commented that, The majority of intentional pharmaceutical exposures involved an attempt at self-harm."
59,74,drug,antidepressants,"
Nonopioid analgesics, sedative-hypnotic/muscle relaxants, antidepressants, and opioids were the most commonly reported agent classes."
80,87,drug,opioids,"
Nonopioid analgesics, sedative-hypnotic/muscle relaxants, antidepressants, and opioids were the most commonly reported agent classes."
593,620,sdrug,trimethoprim (BACTRIM) oral,"
A 26-year old female patient of an unspecified ethnicity started to receive venlafaxine hydrochloride (unspecified trade name) oral from May2017 to 19Oct2017 at a 112.5 mg once a day for an unspecified indication, valaciclovir (unspecified trade name) oral from Jun2016 to 19Oct2017 at a 1000 mg once a day for an unspecified indication, calcium carbonate, colecalciferol (IDEOS) oral from Mar2015 to 17Oct2017 at a 2 DF once a day for an unspecified indication, tramadol hydrochloride (TRAMADOL /00599202/) oral from 27Sep2017 to 20Oct2017 at a 100 mg once a day for pain, sulfamethoxazole, trimethoprim (BACTRIM) oral from Jun2016 to 25Oct2017 at a 1 DF alternate day; Monday-Wednesday-Friday for prophylaxis, metoclopramide (unspecified trade name) oral from Aug2017 to 19Oct2017 at a 10 mg as needed for an unspecified indication, and amitriptyline hydrochloride (LAROXYL) oral from 22Sep2017 to 19Oct2017 at a 2 DF once a day for headache."
647,670,dose,at a 1 DF alternate day,"
A 26-year old female patient of an unspecified ethnicity started to receive venlafaxine hydrochloride (unspecified trade name) oral from May2017 to 19Oct2017 at a 112.5 mg once a day for an unspecified indication, valaciclovir (unspecified trade name) oral from Jun2016 to 19Oct2017 at a 1000 mg once a day for an unspecified indication, calcium carbonate, colecalciferol (IDEOS) oral from Mar2015 to 17Oct2017 at a 2 DF once a day for an unspecified indication, tramadol hydrochloride (TRAMADOL /00599202/) oral from 27Sep2017 to 20Oct2017 at a 100 mg once a day for pain, sulfamethoxazole, trimethoprim (BACTRIM) oral from Jun2016 to 25Oct2017 at a 1 DF alternate day; Monday-Wednesday-Friday for prophylaxis, metoclopramide (unspecified trade name) oral from Aug2017 to 19Oct2017 at a 10 mg as needed for an unspecified indication, and amitriptyline hydrochloride (LAROXYL) oral from 22Sep2017 to 19Oct2017 at a 2 DF once a day for headache."
911,931,dose,at a 2 DF once a day,"
A 26-year old female patient of an unspecified ethnicity started to receive venlafaxine hydrochloride (unspecified trade name) oral from May2017 to 19Oct2017 at a 112.5 mg once a day for an unspecified indication, valaciclovir (unspecified trade name) oral from Jun2016 to 19Oct2017 at a 1000 mg once a day for an unspecified indication, calcium carbonate, colecalciferol (IDEOS) oral from Mar2015 to 17Oct2017 at a 2 DF once a day for an unspecified indication, tramadol hydrochloride (TRAMADOL /00599202/) oral from 27Sep2017 to 20Oct2017 at a 100 mg once a day for pain, sulfamethoxazole, trimethoprim (BACTRIM) oral from Jun2016 to 25Oct2017 at a 1 DF alternate day; Monday-Wednesday-Friday for prophylaxis, metoclopramide (unspecified trade name) oral from Aug2017 to 19Oct2017 at a 10 mg as needed for an unspecified indication, and amitriptyline hydrochloride (LAROXYL) oral from 22Sep2017 to 19Oct2017 at a 2 DF once a day for headache."
48,65,sdrug,calcium carbonate,"
The action taken in response to the events for calcium carbonate, colecalciferol was permanently withdrawn on 17Oct2017, for venlafaxine hydrochloride, valaciclovir, metoclopramide, and amitriptyline hydrochloride was permanently withdrawn on 19Oct2017, for tramadol hydrochloride was permanently withdrawn on 20Oct2017, and for sulfamethoxazole, trimethoprim was permanently withdrawn on 25Oct2017."
67,81,sdrug,colecalciferol,"
The action taken in response to the events for calcium carbonate, colecalciferol was permanently withdrawn on 17Oct2017, for venlafaxine hydrochloride, valaciclovir, metoclopramide, and amitriptyline hydrochloride was permanently withdrawn on 19Oct2017, for tramadol hydrochloride was permanently withdrawn on 20Oct2017, and for sulfamethoxazole, trimethoprim was permanently withdrawn on 25Oct2017."
153,165,sdrug,valaciclovir,"
The action taken in response to the events for calcium carbonate, colecalciferol was permanently withdrawn on 17Oct2017, for venlafaxine hydrochloride, valaciclovir, metoclopramide, and amitriptyline hydrochloride was permanently withdrawn on 19Oct2017, for tramadol hydrochloride was permanently withdrawn on 20Oct2017, and for sulfamethoxazole, trimethoprim was permanently withdrawn on 25Oct2017."
167,181,sdrug,metoclopramide,"
The action taken in response to the events for calcium carbonate, colecalciferol was permanently withdrawn on 17Oct2017, for venlafaxine hydrochloride, valaciclovir, metoclopramide, and amitriptyline hydrochloride was permanently withdrawn on 19Oct2017, for tramadol hydrochloride was permanently withdrawn on 20Oct2017, and for sulfamethoxazole, trimethoprim was permanently withdrawn on 25Oct2017."
330,346,cdrug,sulfamethoxazole,"
The action taken in response to the events for calcium carbonate, colecalciferol was permanently withdrawn on 17Oct2017, for venlafaxine hydrochloride, valaciclovir, metoclopramide, and amitriptyline hydrochloride was permanently withdrawn on 19Oct2017, for tramadol hydrochloride was permanently withdrawn on 20Oct2017, and for sulfamethoxazole, trimethoprim was permanently withdrawn on 25Oct2017."
44,56,ae,hypoglycemic,"
The outcome of the events hypoglycemia and hypoglycemic convulsions was recovered on 25Oct2017."
45,60,sdrug,venlafaxine hcl,"
Pfizer is Marketing Authorization Holder of venlafaxine hcl in the reporter's country."
94,109,sdrug,venlafaxine hcl,"
This may be a duplicate report in situations where another Marketing Authorization Holder of venlafaxine hcl has submitted the same report to the regulatory authorities."
21,33,ae,hypoglycemia,"
Takahashi A.
Severe hypoglycemia induced by increasing in dose of tramadol."
45,63,dose,increasing in dose,"
Takahashi A.
Severe hypoglycemia induced by increasing in dose of tramadol."
67,75,sdrug,tramadol,"
Takahashi A.
Severe hypoglycemia induced by increasing in dose of tramadol."
35,51,mhx,spinal operation,"
The patient had no indication for spinal operation and underwent right total hip replacement hip arthroplasty (other), but the low back pain and buttock pain persisted."
146,158,mhx,buttock pain,"
The patient had no indication for spinal operation and underwent right total hip replacement hip arthroplasty (other), but the low back pain and buttock pain persisted."
87,91,ae,pain,"
Concomitant medications included fentanyl, paracetamol and tramadol hydrochloride for pain."
16,73,treatment,percutaneously absorbable preparation of fentanyl citrate,"
Application of percutaneously absorbable preparation of fentanyl citrate (concomitant) was started."
14,36,diagnostic,inappetence progressed,"
In addition, inappetence progressed and blood sugar control became unfavorable."
31,59,treatment,fentanyl citrate preparation,"
Therefore, the application of fentanyl citrate preparation was discontinued."
55,75,status,previously recovered,"
The patient was recovering from hypoglycaemic attack (previously recovered)."
162,178,sdrug,Morphine sulfate,"
Information was reported by a health care professional concerning a 50-year-old male patient who experienced multiple serious events after the administration of Morphine sulfate."
52,60,sdrug,tramadol,"
Temporal association between the administration of tramadol, paracetamol and Tardyferon and the onset of hallucination, blood alkaline phosphatase increased, hypoglycaemia, vomiting, apnoea, toxicity to various agents and somnolence suggests a related causality."
62,73,sdrug,paracetamol,"
Temporal association between the administration of tramadol, paracetamol and Tardyferon and the onset of hallucination, blood alkaline phosphatase increased, hypoglycaemia, vomiting, apnoea, toxicity to various agents and somnolence suggests a related causality."
78,88,sdrug,Tardyferon,"
Temporal association between the administration of tramadol, paracetamol and Tardyferon and the onset of hallucination, blood alkaline phosphatase increased, hypoglycaemia, vomiting, apnoea, toxicity to various agents and somnolence suggests a related causality."
42,59,ae,tramadol overdose,"
Refractory shock and asystole related to tramadol overdose."
115,123,ae,asystole,"
This report concerned of 33-year-old adult male patient from France who had experienced serious adverse reactions asystole, shock following Intentional overdose, hypoglycaemia, hypokinetic left ventricle, unconscious, cns depression, mydriasis, moderate cerebral disability, right bundle branch block, no pupillary reflexes, hypotension, seizures, ventricular tachycardia, acute renal failure, hypothermia and QT interval prolongation associated with Gabapentin, Hydroxyzine and Tramadol."
122,142,dose,dose of 6 gram daily,"
On an unknown date, the patient started therapy with suspect drug Gabapentin at a dose of 1 gram daily, Hydroxyzine at a dose of 6 gram daily, Tramadol at a dose of 10 gram daily and co-suspect drug Clonazepam at a dose of 80 milligram daily all drugs with unknown formulation via oral route for unknown indication."
398,417,ae,acute renal failure,"
On an unknown date, the patient had experienced brief period of asystole, cardiac arrest (asystole), refractory shock (shock), tramadol overdose (overdose), events intentional overdose, hypoglycaemia, hypokinetic left ventricle, unconscious, cns depression, mydriasis, moderate cerebral disability, right bundle branch block, no pupillary reflexes, hypotension, seizures, ventricular tachycardia, acute renal failure, hypothermia and QT interval prolongation."
20,35,ae,events overdose,"
The outcome of the events overdose, cerebral disorder w
"
31,42,sdrug,baricitinib,"
As action taken, therapy with baricitinib was discontinued on 18Jan2019."
47,59,status,discontinued,"
As action taken, therapy with baricitinib was discontinued on 18Jan2019."
101,108,drug,insulin,"
Past drug events including hypoglycemia and convulsion on 13May2012 under azithromycin, pursued and insulin (NOVORAPID) stopped on 14May2012 and glargine (LANTUS) stopped on 14May2012."
121,128,status,stopped,"
Past drug events including hypoglycemia and convulsion on 13May2012 under azithromycin, pursued and insulin (NOVORAPID) stopped on 14May2012 and glargine (LANTUS) stopped on 14May2012."
146,154,drug,glargine,"
Past drug events including hypoglycemia and convulsion on 13May2012 under azithromycin, pursued and insulin (NOVORAPID) stopped on 14May2012 and glargine (LANTUS) stopped on 14May2012."
132,151,cdrug,formoterol fumarate,"
Concomitant medication included (time frames and indications not specified): furosemide (LASILIX 40 mg, scored tablet), budesonide/formoterol fumarate (SYMBICORT TURBUHALER), ivabradine (PROCORALAN), esomeprazole (INEXIUM)."
153,173,cdrug,SYMBICORT TURBUHALER,"
Concomitant medication included (time frames and indications not specified): furosemide (LASILIX 40 mg, scored tablet), budesonide/formoterol fumarate (SYMBICORT TURBUHALER), ivabradine (PROCORALAN), esomeprazole (INEXIUM)."
14,20,cdrug,ATARAX,"
hydroxyzine (ATARAX), theophylline (EUPHYLLINE), hydrocortisone (trade name unspecified), oxazepam (SERESTA), perindopril (trade name unspecified), trimebutine maleate (trade name unspecified) potassium (DIFFU K) and calcium (CALCIDOSE)."
37,47,cdrug,EUPHYLLINE,"
hydroxyzine (ATARAX), theophylline (EUPHYLLINE), hydrocortisone (trade name unspecified), oxazepam (SERESTA), perindopril (trade name unspecified), trimebutine maleate (trade name unspecified) potassium (DIFFU K) and calcium (CALCIDOSE)."
101,108,cdrug,SERESTA,"
hydroxyzine (ATARAX), theophylline (EUPHYLLINE), hydrocortisone (trade name unspecified), oxazepam (SERESTA), perindopril (trade name unspecified), trimebutine maleate (trade name unspecified) potassium (DIFFU K) and calcium (CALCIDOSE)."
194,203,cdrug,potassium,"
hydroxyzine (ATARAX), theophylline (EUPHYLLINE), hydrocortisone (trade name unspecified), oxazepam (SERESTA), perindopril (trade name unspecified), trimebutine maleate (trade name unspecified) potassium (DIFFU K) and calcium (CALCIDOSE)."
205,212,cdrug,DIFFU K,"
hydroxyzine (ATARAX), theophylline (EUPHYLLINE), hydrocortisone (trade name unspecified), oxazepam (SERESTA), perindopril (trade name unspecified), trimebutine maleate (trade name unspecified) potassium (DIFFU K) and calcium (CALCIDOSE)."
227,236,cdrug,CALCIDOSE,"
hydroxyzine (ATARAX), theophylline (EUPHYLLINE), hydrocortisone (trade name unspecified), oxazepam (SERESTA), perindopril (trade name unspecified), trimebutine maleate (trade name unspecified) potassium (DIFFU K) and calcium (CALCIDOSE)."
42,53,sdrug,paracetamol,"
The suspect drugs azithromycin, tramadol/paracetamol and mirtazapine were continued (dosage unchanged) whereas insulin aspart was dosage reduced to 24 IU daily."
170,181,sdrug,paracetamol,"
Based on the Official French Method of Causality Assessment, the suspected insulin aspart was rated by the agency as possible while the suspected azithromycin, tramadol/paracetamol and mirtazapine were rated as doubtful."
0,5,ae,DEATH,"DEATH CAUSE UNKNOWN, DISEASE PROGRESSION, NEUTROPENIA, THROMBOCYTOPENIA, ANAEMIA, SEPSIS, TUBERCULOSIS, PULMONARY MYCOSIS, ISCHAEMIC STROKE, RENAL INSUFFICIENCY, SEPTIC SHOCK, GI BLEEDING, SUDDEN CARDIAC DEATH, PNEUMONIA, QUINCKE'S OEDEMA, INFLAMMATION OF SMALL BLOOD VESSEL, NAUSEA, VOMITING, DIARRHOEA, DERMAL COMPLICATIONS."
21,40,ae,DISEASE PROGRESSION,"DEATH CAUSE UNKNOWN, DISEASE PROGRESSION, NEUTROPENIA, THROMBOCYTOPENIA, ANAEMIA, SEPSIS, TUBERCULOSIS, PULMONARY MYCOSIS, ISCHAEMIC STROKE, RENAL INSUFFICIENCY, SEPTIC SHOCK, GI BLEEDING, SUDDEN CARDIAC DEATH, PNEUMONIA, QUINCKE'S OEDEMA, INFLAMMATION OF SMALL BLOOD VESSEL, NAUSEA, VOMITING, DIARRHOEA, DERMAL COMPLICATIONS."
44,55,sdrug,Azacitidine,"
50 patients (22 women and 28 men) received Azacitidine 75 mg/m2 (days 1-7 of 28-day cycle) from Jun2009 to Mar2012 for treatment of myelodysplastic syndrome."
133,157,diagnostic,myelodysplastic syndrome,"
50 patients (22 women and 28 men) received Azacitidine 75 mg/m2 (days 1-7 of 28-day cycle) from Jun2009 to Mar2012 for treatment of myelodysplastic syndrome."
106,141,diagnostic,prior treatment with low dose ARA-C,"
Relevant medical history included allergenic stem cell transplantation, prior treatment with Decitabine, prior treatment with low dose ARA-C, gamma knife surgery."
13,17,status,died,"
13 patients died due to sudden cardiac death, death cause unknown, disease progression, gastrointestinal bleeding, pneumonia, and septic shock."
47,52,status,death,"
13 patients died due to sudden cardiac death, death cause unknown, disease progression, gastrointestinal bleeding, pneumonia, and septic shock."
68,87,ae,disease progression,"
13 patients died due to sudden cardiac death, death cause unknown, disease progression, gastrointestinal bleeding, pneumonia, and septic shock."
116,125,ae,pneumonia,"
13 patients died due to sudden cardiac death, death cause unknown, disease progression, gastrointestinal bleeding, pneumonia, and septic shock."
81,97,ae,quincke's oedema,"
Some patients experienced the following non serious events renal insufficiency, quincke's oedema, inflammation of small blood vessel, nausea, vomiting, diarrhoea, and dermal complications."
143,149,sex,female,"This spontaneous report was received from a consumer, via another company (Sanofi Aventis - 2010SA008776), via Grunenthal GmbH, and concerns a female patient of unknown age from France: 2010-10766."
88,123,lab,important decrease of glycaemia NOS,"
On 07-FEB-2010, the patient experienced loss of consciousness (additional event) after important decrease of glycaemia NOS."
100,106,sex,female,"
This is an initial spontaneous report, received from a pharmacist on 17-Jan-2012, which involved a female patient of unknown age and race."
62,80,diagnostic,alcohol withdrawal,"
On an unknown date, the patient was treated for treatment of alcohol withdrawal [symptoms in hospital."
75,102,diagnostic,alcohol withdrawal symptoms,"
On an unknown date, the patient was admitted to hospital for treatment of alcohol withdrawal symptoms."
69,108,status,arrived in the resuscitation department,"
On 09-Jan-2012, she was then admitted with convulsions and when she arrived in the resuscitation department, her BM was 4.2."
170,177,lab,low BMs,"
The reporter stated that the patient had done previous BMs at home and these had been normal, therefore, they concluded that the patient had asymptomatic but suspicious low BMs, which may have been due to low glycogen with her past alcohol history."
206,218,lab,low glycogen,"
The reporter stated that the patient had done previous BMs at home and these had been normal, therefore, they concluded that the patient had asymptomatic but suspicious low BMs, which may have been due to low glycogen with her past alcohol history."
233,248,mhx,alcohol history,"
The reporter stated that the patient had done previous BMs at home and these had been normal, therefore, they concluded that the patient had asymptomatic but suspicious low BMs, which may have been due to low glycogen with her past alcohol history."
39,51,ae,hypoglycemia,The reporting physician considered the hypoglycemia to be non-serious and fully recovered on 19-Jan-2012.
84,96,ae,hypoglycemia,"
Date of reaction start and reaction end, duration and outcome update were added to hypoglycemia reaction."
78,90,sdrug,nicotinamide,"
Tramadol was added as suspected drug; folic acid, paracetamol, ascorbic acid/nicotinamide/pyridoxine/riboflavin/thiamine (Pabrinex), thiamine and multivitamin were added as concomitant drugs."
91,101,sdrug,pyridoxine,"
Tramadol was added as suspected drug; folic acid, paracetamol, ascorbic acid/nicotinamide/pyridoxine/riboflavin/thiamine (Pabrinex), thiamine and multivitamin were added as concomitant drugs."
102,112,sdrug,riboflavin,"
Tramadol was added as suspected drug; folic acid, paracetamol, ascorbic acid/nicotinamide/pyridoxine/riboflavin/thiamine (Pabrinex), thiamine and multivitamin were added as concomitant drugs."
123,131,sdrug,Pabrinex,"
Tramadol was added as suspected drug; folic acid, paracetamol, ascorbic acid/nicotinamide/pyridoxine/riboflavin/thiamine (Pabrinex), thiamine and multivitamin were added as concomitant drugs."
90,98,status,admitted,"
The patient with a medical history of Munchausen's syndrome and stress incontinency, was admitted in the evening hours at the urology ward for a series of diagnostic examinations."
1,28,ae,Cardiac output was restored,"
Cardiac output was restored within 10 min and the patient was admitted to the intensive care ward."
63,98,status,admitted to the intensive care ward,"
Cardiac output was restored within 10 min and the patient was admitted to the intensive care ward."
75,162,lab,neither the presence of potentially toxic drugs nor high or toxic levels of other drugs,"
Routine clinical toxicological screening of both serum and urine revealed neither the presence of potentially toxic drugs nor high or toxic levels of other drugs."
112,141,lab,only the presence of tramadol,"
An extensive GC-MS (gas chromatography-mass spectrometry) analysis of the serum on admission at the ICU showed only the presence of tramadol."
61,78,treatment,inotropic therapy,"
A pulmonary artery catheter was inserted to guide fluid and inotropic therapy."
84,96,treatment,liver biopsy,"
Because of progressive hepatic failure, with ammonia levels as high as 175 IU/l, a liver biopsy was performed the next day, showing both steatosis and centrolobular necrosis."
41,60,ae,acute renal failure,"
Nevertheless, we were unable to prevent acute renal failure, progressing to multiple organ failure of which the patient died two days later."
4,8,temporal,2013,"
In 2013 she had a cerebral infarction and has since used Persantin (dipyridamole) and Albyl-E (acetylsalicylic acid)."
69,81,fhx,dipyridamole,"
In 2013 she had a cerebral infarction and has since used Persantin (dipyridamole) and Albyl-E (acetylsalicylic acid)."
96,116,fhx,acetylsalicylic acid,"
In 2013 she had a cerebral infarction and has since used Persantin (dipyridamole) and Albyl-E (acetylsalicylic acid)."
11,21,fhx,infarction,"
After the infarction she started to experience pain for which she used tramadol 50 mg, thrice a day regularly at the beginning of the pregnancy."
5,47,fhx,smoked approximately 20 cigarettes per day,"
She smoked approximately 20 cigarettes per day at the beginning of the pregnancy, and 8-12 cigarettes per day at the time of birth."
27,34,fhx,Albyl-E,"
In addition to Persantin, Albyl-E and tramadol the mother also had used Fragmin (dalteparin) 5000 IE until pregnancy week 37."
73,80,fhx,Fragmin,"
In addition to Persantin, Albyl-E and tramadol the mother also had used Fragmin (dalteparin) 5000 IE until pregnancy week 37."
82,92,fhx,dalteparin,"
In addition to Persantin, Albyl-E and tramadol the mother also had used Fragmin (dalteparin) 5000 IE until pregnancy week 37."
94,101,fhx,5000 IE,"
In addition to Persantin, Albyl-E and tramadol the mother also had used Fragmin (dalteparin) 5000 IE until pregnancy week 37."
29,58,fhx,potential addictive medicines,"
The mother had used several potential addictive medicines at the beginning of the pregnancy, but except tramadol these were tapered early when the pregnancy was discovered."
5,28,fhx,fetus had normal growth,"
The fetus had normal growth and there were no signs of malformations."
5,8,sex,boy,"
The boy was delivered by spontaneous birth 11/Oct/2014, in pregnancy (week 39 + 6)."
49,65,fhx,benzylpenicillin,"
The mother had received one dose of Penicillin (benzylpenicillin) during the labor."
17,38,diagnostic,APGAR score of 9-9-10,"
The newborn had APGAR score of 9-9-10 and had a weight of 2280 gram, was 50 cm long and had a head circumference of 35,5 cm."
95,124,lab,"head circumference of 35,5 cm","
The newborn had APGAR score of 9-9-10 and had a weight of 2280 gram, was 50 cm long and had a head circumference of 35,5 cm."
44,58,status,good condition,"
Immediately after the birth the boy was in good condition, but when put to the breast the midwife noticed that he seemed to be too weak to feed."
128,144,status,too weak to feed,"
Immediately after the birth the boy was in good condition, but when put to the breast the midwife noticed that he seemed to be too weak to feed."
99,112,ae,seem stressed,"
He therefore received 20 ml NAN, but he started to breath fast (100/min) and he turned bluish and seem stressed."
89,101,fhx,hypoglycemia,"
Due to suspected infection (discolored amniotic fluid, prolonged amniotic leak time and hypoglycemia) he received antibiotics (Ampicillin and Gentamicin), but these were withdrawn after one day when blood samples showed no sign of infection."
200,241,lab,blood samples showed no sign of infection,"
Due to suspected infection (discolored amniotic fluid, prolonged amniotic leak time and hypoglycemia) he received antibiotics (Ampicillin and Gentamicin), but these were withdrawn after one day when blood samples showed no sign of infection."
1,29,ae,Neonatal withdrawal symptoms,"
Neonatal withdrawal symptoms due to intrauterine tramadol exposure were then suspected."
32,40,treatment,morphine,"
The treatment worked well, and morphine was stopped 20141030 (after 17 days of treatment)."
45,52,status,stopped,"
The treatment worked well, and morphine was stopped 20141030 (after 17 days of treatment)."
53,61,temporal,20141030,"
The treatment worked well, and morphine was stopped 20141030 (after 17 days of treatment)."
1,108,fhx,Urine screening of the mother after birth revealed no other drugs of abuse than tramadol and its metabolite,"
Urine screening of the mother after birth revealed no other drugs of abuse than tramadol and its metabolite."
75,83,status,improved,"
At the time of this report, the event of neonatal abstinence syndrome had improved."
49,60,cdrug,paracetamol,"
Concomitant medications included Acetaminophen (paracetamol) at a dose of 650 mg in total via oral route used as premedication, caffeine citrate with codeine phosphate with paracetamol/ acetaminophen caffeine codeine phosphate, atorvastatin tablet, clonazepam tablet at a dose of 1.0 mg twice a day, codeine 30 mg, Flomax (tamsulosin hydrochloride), folic acid, formoterol for inhalation, hydroxychloroquine at a dose of 200 mg twice a day, Lipitor (atorvastatin calcium) tablet at a dose of 20 mg, methotrexate, prednisone at a dose of 10 mg, another dose at 7.5 mg, tamsulosin at a dose of 0.8 mg, Tylenol with codeine no.4 (codeine phosphate, paracetamol) tablet, zopiclone tablet, Pantoprazole sodium (pantoprazole sodium sesquihydrate) at a dose of 40.0 mg twice a day, ramipril at a dose of 5.0 mg, morniflumate and Tylenol (paracetamol), all used for unknown indication, diphenhydramine hydrochloride ointment, at a dose of 50 mg in total via oral route, and methylprednisolone, at a dose of 100 mg in total via intravenous route, both for premedication."
309,314,dose,30 mg,"
Concomitant medications included Acetaminophen (paracetamol) at a dose of 650 mg in total via oral route used as premedication, caffeine citrate with codeine phosphate with paracetamol/ acetaminophen caffeine codeine phosphate, atorvastatin tablet, clonazepam tablet at a dose of 1.0 mg twice a day, codeine 30 mg, Flomax (tamsulosin hydrochloride), folic acid, formoterol for inhalation, hydroxychloroquine at a dose of 200 mg twice a day, Lipitor (atorvastatin calcium) tablet at a dose of 20 mg, methotrexate, prednisone at a dose of 10 mg, another dose at 7.5 mg, tamsulosin at a dose of 0.8 mg, Tylenol with codeine no.4 (codeine phosphate, paracetamol) tablet, zopiclone tablet, Pantoprazole sodium (pantoprazole sodium sesquihydrate) at a dose of 40.0 mg twice a day, ramipril at a dose of 5.0 mg, morniflumate and Tylenol (paracetamol), all used for unknown indication, diphenhydramine hydrochloride ointment, at a dose of 50 mg in total via oral route, and methylprednisolone, at a dose of 100 mg in total via intravenous route, both for premedication."
545,567,dose,another dose at 7.5 mg,"
Concomitant medications included Acetaminophen (paracetamol) at a dose of 650 mg in total via oral route used as premedication, caffeine citrate with codeine phosphate with paracetamol/ acetaminophen caffeine codeine phosphate, atorvastatin tablet, clonazepam tablet at a dose of 1.0 mg twice a day, codeine 30 mg, Flomax (tamsulosin hydrochloride), folic acid, formoterol for inhalation, hydroxychloroquine at a dose of 200 mg twice a day, Lipitor (atorvastatin calcium) tablet at a dose of 20 mg, methotrexate, prednisone at a dose of 10 mg, another dose at 7.5 mg, tamsulosin at a dose of 0.8 mg, Tylenol with codeine no.4 (codeine phosphate, paracetamol) tablet, zopiclone tablet, Pantoprazole sodium (pantoprazole sodium sesquihydrate) at a dose of 40.0 mg twice a day, ramipril at a dose of 5.0 mg, morniflumate and Tylenol (paracetamol), all used for unknown indication, diphenhydramine hydrochloride ointment, at a dose of 50 mg in total via oral route, and methylprednisolone, at a dose of 100 mg in total via intravenous route, both for premedication."
859,877,indication,unknown indication,"
Concomitant medications included Acetaminophen (paracetamol) at a dose of 650 mg in total via oral route used as premedication, caffeine citrate with codeine phosphate with paracetamol/ acetaminophen caffeine codeine phosphate, atorvastatin tablet, clonazepam tablet at a dose of 1.0 mg twice a day, codeine 30 mg, Flomax (tamsulosin hydrochloride), folic acid, formoterol for inhalation, hydroxychloroquine at a dose of 200 mg twice a day, Lipitor (atorvastatin calcium) tablet at a dose of 20 mg, methotrexate, prednisone at a dose of 10 mg, another dose at 7.5 mg, tamsulosin at a dose of 0.8 mg, Tylenol with codeine no.4 (codeine phosphate, paracetamol) tablet, zopiclone tablet, Pantoprazole sodium (pantoprazole sodium sesquihydrate) at a dose of 40.0 mg twice a day, ramipril at a dose of 5.0 mg, morniflumate and Tylenol (paracetamol), all used for unknown indication, diphenhydramine hydrochloride ointment, at a dose of 50 mg in total via oral route, and methylprednisolone, at a dose of 100 mg in total via intravenous route, both for premedication."
1048,1061,indication,premedication,"
Concomitant medications included Acetaminophen (paracetamol) at a dose of 650 mg in total via oral route used as premedication, caffeine citrate with codeine phosphate with paracetamol/ acetaminophen caffeine codeine phosphate, atorvastatin tablet, clonazepam tablet at a dose of 1.0 mg twice a day, codeine 30 mg, Flomax (tamsulosin hydrochloride), folic acid, formoterol for inhalation, hydroxychloroquine at a dose of 200 mg twice a day, Lipitor (atorvastatin calcium) tablet at a dose of 20 mg, methotrexate, prednisone at a dose of 10 mg, another dose at 7.5 mg, tamsulosin at a dose of 0.8 mg, Tylenol with codeine no.4 (codeine phosphate, paracetamol) tablet, zopiclone tablet, Pantoprazole sodium (pantoprazole sodium sesquihydrate) at a dose of 40.0 mg twice a day, ramipril at a dose of 5.0 mg, morniflumate and Tylenol (paracetamol), all used for unknown indication, diphenhydramine hydrochloride ointment, at a dose of 50 mg in total via oral route, and methylprednisolone, at a dose of 100 mg in total via intravenous route, both for premedication."
1,19,temporal,On an unknown date,"
On an unknown date, the patient started taking tramadol at a dose of 200 mg once a day (route, therapy duration were unknown) for pain and diltiazem (dose, route, therapy duration and frequency were unknown), Rituxan (rituximab) solution intravenous at a dose of 1000 mg via intravenous (not otherwise specified) route (duration 358 days) and another dose at 1000.0 unknown units, once every 15 days for 617 days and 1000 mg (therapy duration was unknown) for rheumatoid arthritis, morphine sulphate at a dose of 10.0 mg, hydrocortisone at a dose of 100 mg via intravenous (not otherwise specified) route, all for unknown indication and Actemra (tocilizumab) at a dose of 800 mg once every 4 weeks (one every month) via intravenous route and another dose via intravenous (not otherwise specified) route (dose, therapy duration and frequency were unknown) for rheumatoid arthritis."
48,56,sdrug,tramadol,"
On an unknown date, the patient started taking tramadol at a dose of 200 mg once a day (route, therapy duration were unknown) for pain and diltiazem (dose, route, therapy duration and frequency were unknown), Rituxan (rituximab) solution intravenous at a dose of 1000 mg via intravenous (not otherwise specified) route (duration 358 days) and another dose at 1000.0 unknown units, once every 15 days for 617 days and 1000 mg (therapy duration was unknown) for rheumatoid arthritis, morphine sulphate at a dose of 10.0 mg, hydrocortisone at a dose of 100 mg via intravenous (not otherwise specified) route, all for unknown indication and Actemra (tocilizumab) at a dose of 800 mg once every 4 weeks (one every month) via intravenous route and another dose via intravenous (not otherwise specified) route (dose, therapy duration and frequency were unknown) for rheumatoid arthritis."
638,659,sdrug,Actemra (tocilizumab),"
On an unknown date, the patient started taking tramadol at a dose of 200 mg once a day (route, therapy duration were unknown) for pain and diltiazem (dose, route, therapy duration and frequency were unknown), Rituxan (rituximab) solution intravenous at a dose of 1000 mg via intravenous (not otherwise specified) route (duration 358 days) and another dose at 1000.0 unknown units, once every 15 days for 617 days and 1000 mg (therapy duration was unknown) for rheumatoid arthritis, morphine sulphate at a dose of 10.0 mg, hydrocortisone at a dose of 100 mg via intravenous (not otherwise specified) route, all for unknown indication and Actemra (tocilizumab) at a dose of 800 mg once every 4 weeks (one every month) via intravenous route and another dose via intravenous (not otherwise specified) route (dose, therapy duration and frequency were unknown) for rheumatoid arthritis."
1303,1348,ae,road traffic accident (ROAD TRAFFIC ACCIDENT),"
On an unknown date, the patient experienced weight decreased (WEIGHT DECREASED), hypoglycaemia (HYPOGLYCAEMIA) for one day, anal fistula (ANAL FISTULA), anal haemorrhage (ANAL HAEMORRHAGE), anxiety (ANXIETY) for 683 days, arthralgia (ARTHRALGIA), back pain (BACK PAIN), benign prostatic hyperplasia (BENIGN PROSTATIC HYPERPLASIA), blood pressure diastolic decreased (BLOOD PRESSURE DIASTOLIC DECREASED), chest discomfort (CHEST DISCOMFORT), chronic obstructive pulmonary disease (CHRONIC OBSTRUCTIVE PULMONARY DISEASE), contusion (CONTUSION), dizziness (DIZZINESS) for 725 days, dyspnoea (DYSPNOEA), fall (FALL), heart rate irregular (HEART RATE IRREGULAR), hypotension (HYPOTENSION), infection (INFECTION), infusion related reaction (INFUSION RELATED REACTION) for one day, muscular weakness (MUSCULAR WEAKNESS), nasopharyngitis (NASOPHARYNGITIS) for 30 days, nausea (NAUSEA), neoplasm malignant (NEOPLASM MALIGNANT), neuralgia (NEURALGIA), oedema peripheral (OEDEMA PERIPHERAL), oxygen saturation decreased (OXYGEN SATURATION DECREASED), pallor (PALLOR), palpitations (PALPITATIONS), rash (RASH), rheumatoid arthritis (RHEUMATOID ARTHRITIS), sleep apnoea syndrome (SLEEP APNOEA SYNDROME), tendon pain (TENDON PAIN), tooth injury (TOOTH INJURY) and umbilical hernia (UMBILICAL HERNIA) and the events, road traffic accident (ROAD TRAFFIC ACCIDENT) and drug ineffective (DRUG INEFFECTIVE) were also reported."
38,47,sdrug,diltiazem,"
The manufacturer of the tramadol and diltiazem was not identified; however, the Apotex brand of prod
"
37,53,lab,height 66 inches,"
A 70-year-old elderly male patient (height 66 inches; weight 150 pounds) initiated Oxycodone/Acetaminophen (OXYCODONE HYDROCHLORIDE, ACETAMINOPHEN) Tablet with a strength of 5/325 mg, one every four hours as needed by mouth, on 14JAN2016 to treat moderate pain related to a slipped disc, bone spur pressing on the aorta and moderate leg pain on the left side."
55,72,lab,weight 150 pounds,"
A 70-year-old elderly male patient (height 66 inches; weight 150 pounds) initiated Oxycodone/Acetaminophen (OXYCODONE HYDROCHLORIDE, ACETAMINOPHEN) Tablet with a strength of 5/325 mg, one every four hours as needed by mouth, on 14JAN2016 to treat moderate pain related to a slipped disc, bone spur pressing on the aorta and moderate leg pain on the left side."
94,107,sdrug,Acetaminophen,"
A 70-year-old elderly male patient (height 66 inches; weight 150 pounds) initiated Oxycodone/Acetaminophen (OXYCODONE HYDROCHLORIDE, ACETAMINOPHEN) Tablet with a strength of 5/325 mg, one every four hours as needed by mouth, on 14JAN2016 to treat moderate pain related to a slipped disc, bone spur pressing on the aorta and moderate leg pain on the left side."
109,132,sdrug,OXYCODONE HYDROCHLORIDE,"
A 70-year-old elderly male patient (height 66 inches; weight 150 pounds) initiated Oxycodone/Acetaminophen (OXYCODONE HYDROCHLORIDE, ACETAMINOPHEN) Tablet with a strength of 5/325 mg, one every four hours as needed by mouth, on 14JAN2016 to treat moderate pain related to a slipped disc, bone spur pressing on the aorta and moderate leg pain on the left side."
134,147,sdrug,ACETAMINOPHEN,"
A 70-year-old elderly male patient (height 66 inches; weight 150 pounds) initiated Oxycodone/Acetaminophen (OXYCODONE HYDROCHLORIDE, ACETAMINOPHEN) Tablet with a strength of 5/325 mg, one every four hours as needed by mouth, on 14JAN2016 to treat moderate pain related to a slipped disc, bone spur pressing on the aorta and moderate leg pain on the left side."
115,124,ae,dizziness,"
In addition, he stated the product ""burns his throat"" when he first swallows the tablet, and also that he has had dizziness, headaches and both increases and decreases in his blood sugars."
159,188,ae,decreases in his blood sugars,"
In addition, he stated the product ""burns his throat"" when he first swallows the tablet, and also that he has had dizziness, headaches and both increases and decreases in his blood sugars."
96,104,status,resolved,"
He stated most events resolved 17JAN2016, with the exception of high blood sugars (reported as resolved on an unknown date) and the product not working for his pain (ongoing)."
167,174,status,ongoing,"
He stated most events resolved 17JAN2016, with the exception of high blood sugars (reported as resolved on an unknown date) and the product not working for his pain (ongoing)."
175,187,lab,sugar was 32,"
He further stated that he was not physically or mentally able to do a finger stick, so he did not know his level during this episode, but after ingesting glucose tablets his sugar was 32."
65,72,sdrug,Tylenol,"
The patient stated that he had a history of this occurring with Tylenol 25-30 years ago, so he felt his other medication of Tramadol/Acetaminophen could also have contributed."
125,133,sdrug,Tramadol,"
The patient stated that he had a history of this occurring with Tylenol 25-30 years ago, so he felt his other medication of Tramadol/Acetaminophen could also have contributed."
131,144,sdrug,Hydromorphone,"
The patient additionally reported that he gets a ""buzz"" within a half hour of taking Hydromorphone and that he stopped taking the Hydromorphone for a couple of days due to an upset stomach (onset date of upset stomach 25JAN2016)."
126,130,lab,300s,"
He stated his blood sugars normally run high, about 200s in the morning, but this had increased the first week of FEB2016 to 300s in the morning."
103,116,sdrug,Hydromorphone,"
The patient reported discontinuing the Hydrocodone/Acetaminophen on an unknown date, and reported the Hydromorphone use as ongoing."
62,84,cdrug,HYDROCODONE BITARTRATE,"
Concomitant medications included: Hydrocodone/Acetaminophen (HYDROCODONE BITARTRATE, ACETAMINOPHEN), Hydromorphone (HYDROMORPHONE HYDROCHLORIDE), Tylenol (PARACETAMOL), Tramadol and Acetaminophen (PARACETAMOL, TRAMADOL HYDROCHLORIDE), Prednisolone (PREDNISOLONE), Simbrinza (BRIMONIDINE TARTRATE, BRINZOLAMIDE), Lipitor (ATORVASTATIN CALCIUM), Hyzaar (HYDROCHLOROTHIAZIDE, LOSARTAN POTASSIUM), and Humulin R (INSULIN HUMAN)."
198,209,sdrug,PARACETAMOL,"
Concomitant medications included: Hydrocodone/Acetaminophen (HYDROCODONE BITARTRATE, ACETAMINOPHEN), Hydromorphone (HYDROMORPHONE HYDROCHLORIDE), Tylenol (PARACETAMOL), Tramadol and Acetaminophen (PARACETAMOL, TRAMADOL HYDROCHLORIDE), Prednisolone (PREDNISOLONE), Simbrinza (BRIMONIDINE TARTRATE, BRINZOLAMIDE), Lipitor (ATORVASTATIN CALCIUM), Hyzaar (HYDROCHLOROTHIAZIDE, LOSARTAN POTASSIUM), and Humulin R (INSULIN HUMAN)."
211,233,sdrug,TRAMADOL HYDROCHLORIDE,"
Concomitant medications included: Hydrocodone/Acetaminophen (HYDROCODONE BITARTRATE, ACETAMINOPHEN), Hydromorphone (HYDROMORPHONE HYDROCHLORIDE), Tylenol (PARACETAMOL), Tramadol and Acetaminophen (PARACETAMOL, TRAMADOL HYDROCHLORIDE), Prednisolone (PREDNISOLONE), Simbrinza (BRIMONIDINE TARTRATE, BRINZOLAMIDE), Lipitor (ATORVASTATIN CALCIUM), Hyzaar (HYDROCHLOROTHIAZIDE, LOSARTAN POTASSIUM), and Humulin R (INSULIN HUMAN)."
298,310,cdrug,BRINZOLAMIDE,"
Concomitant medications included: Hydrocodone/Acetaminophen (HYDROCODONE BITARTRATE, ACETAMINOPHEN), Hydromorphone (HYDROMORPHONE HYDROCHLORIDE), Tylenol (PARACETAMOL), Tramadol and Acetaminophen (PARACETAMOL, TRAMADOL HYDROCHLORIDE), Prednisolone (PREDNISOLONE), Simbrinza (BRIMONIDINE TARTRATE, BRINZOLAMIDE), Lipitor (ATORVASTATIN CALCIUM), Hyzaar (HYDROCHLOROTHIAZIDE, LOSARTAN POTASSIUM), and Humulin R (INSULIN HUMAN)."
374,392,cdrug,LOSARTAN POTASSIUM,"
Concomitant medications included: Hydrocodone/Acetaminophen (HYDROCODONE BITARTRATE, ACETAMINOPHEN), Hydromorphone (HYDROMORPHONE HYDROCHLORIDE), Tylenol (PARACETAMOL), Tramadol and Acetaminophen (PARACETAMOL, TRAMADOL HYDROCHLORIDE), Prednisolone (PREDNISOLONE), Simbrinza (BRIMONIDINE TARTRATE, BRINZOLAMIDE), Lipitor (ATORVASTATIN CALCIUM), Hyzaar (HYDROCHLOROTHIAZIDE, LOSARTAN POTASSIUM), and Humulin R (INSULIN HUMAN)."
410,423,cdrug,INSULIN HUMAN,"
Concomitant medications included: Hydrocodone/Acetaminophen (HYDROCODONE BITARTRATE, ACETAMINOPHEN), Hydromorphone (HYDROMORPHONE HYDROCHLORIDE), Tylenol (PARACETAMOL), Tramadol and Acetaminophen (PARACETAMOL, TRAMADOL HYDROCHLORIDE), Prednisolone (PREDNISOLONE), Simbrinza (BRIMONIDINE TARTRATE, BRINZOLAMIDE), Lipitor (ATORVASTATIN CALCIUM), Hyzaar (HYDROCHLOROTHIAZIDE, LOSARTAN POTASSIUM), and Humulin R (INSULIN HUMAN)."
70,78,ae,tinnitus,"
On unspecified dates, patient experienced worsening of allergies and tinnitus."
28,45,ae,bladder infection,"
Patient recovered from the bladder infection."
16,27,sdrug,baricitinib,"
Treatment with baricitinib was discontinued on 15Jan2019."
47,51,sdrug,apap,"
The patient was treated with IXPRIM, tramadol/apap (tablet, oral) initiated from an unknown date in 2008 to NOV-2008 for unknown indication."
122,140,indication,unknown indication,"
The patient was treated with IXPRIM, tramadol/apap (tablet, oral) initiated from an unknown date in 2008 to NOV-2008 for unknown indication."
17,62,lab,apyretic with correct haemodynamic parameters,"
The patient was apyretic with correct haemodynamic parameters."
1,42,lab,Neurological examination was unremarkable,"
Neurological examination was unremarkable, as well as cardiovascular, respiratory and abdominal examinations."
44,69,lab,as well as cardiovascular,"
Neurological examination was unremarkable, as well as cardiovascular, respiratory and abdominal examinations."
71,109,lab,respiratory and abdominal examinations,"
Neurological examination was unremarkable, as well as cardiovascular, respiratory and abdominal examinations."
28,38,lab,Brain scan,"
Other diagnostics included Brain scan - 03-NOV-2008 - only slight focal atrophy of right insula, possibly secondary to previous stroke."
55,135,diagnostic,"only slight focal atrophy of right insula, possibly secondary to previous stroke","
Other diagnostics included Brain scan - 03-NOV-2008 - only slight focal atrophy of right insula, possibly secondary to previous stroke."
11,52,diagnostic,no sign of systemic inflammatory response,"
There was no sign of systemic inflammatory response."
39,53,status,state improved,"
During hospitalisation, the patient's state improved."
38,51,ae,hypoglycaemic,"
The hypothesis for the malaise was a hypoglycaemic malaise secondary to tramadol/paracetamol intake."
82,93,sdrug,paracetamol,"
The hypothesis for the malaise was a hypoglycaemic malaise secondary to tramadol/paracetamol intake."
51,91,ae,lack of response that caused progression,"
The prescriber further reported the patient had a lack of response that caused progression, and then the patient reportedly had cardiorespiratory arrest."
52,58,sdrug,Vidaza,"
This 86 year old male patient started cycle one of Vidaza 37.5mg/m2 (frequency unspecified) on 07Oct2014 for the treatment of intermediate 2 myelodysplastic syndrome."
62,122,ae,cardioversion with successful discontinuation of tachycardia,"
The patient developed ventricular tachycardia, and underwent cardioversion with successful discontinuation of tachycardia."
213,237,temporal,since an unreported date,"
The patient received treatment with glimepiride at an unspecified dose for one month also started receiving gabapentin (manufacturer and formulation were unknown for both drugs) for neuropathic pain at 300 mg QD since an unreported date."
88,106,indication,unknown indication,"
The patient received tramadol, temazepam and paracetamol (manufacturer unknown) for an unknown indication from an unknown start dates, unknown doses and unknown frequencies (route: unknown)."
107,134,temporal,from an unknown start dates,"
The patient received tramadol, temazepam and paracetamol (manufacturer unknown) for an unknown indication from an unknown start dates, unknown doses and unknown frequencies (route: unknown)."
66,79,temporal,following day,"
Despite intravenous glucose infusion (manufacturer unknown), the following day, the patient presented with hypoglycaemia with decreasing blood glucose measurements)."
80,93,ae,hypoglycaemia,"
The reporter stated that it is known that long-acting sulfonylurea's can cause hypoglycaemia."
58,79,mhx,face and scrotum area,"
Medical history included welt like blisters on his arms, face and scrotum area."
119,139,diagnostic,rheumatoid arthritis,"
The patient received baricitinib (Olumiant 2mg) 2 mg, unknown frequency and route of administration, for treatment of rheumatoid arthritis (RA), beginning on 05Sep2019."
1,16,temporal,At the same day,"
At the same day he was advised to stop baricitinib, however he did not want to stop it because it was working."
50,67,dose,take a lower dose,"
It was stated that the patient asked if he could take a lower dose and his treating physician was going to order him the 1 mg for future dosing."
126,144,diagnostic,suicidal intention,"
Endocr-Pract 2012; 18(6) e151-e152 
A 54-year-old woman developed hypoglycaemia after ingesting an overdose of tramadol with suicidal intention."
103,122,mhx,partial hepatectomy,"
She had a previous history of gastrointestinal stromal tumour involving the liver, which necessitated partial hepatectomy."
17,25,ae,seizures,"
She experienced seizures lasting for a minute, 30 minutes later, and reduced consciousness ensued."
102,134,temporal,beginning on an unspecified date,"
The patient received baricitinib (Olumiant) unknown dosage, route, frequency and indication for use, beginning on an unspecified date."
14,34,ae,suspected erysipelas,"
The event of suspected erysipelas was resolving."
71,85,ae,cardiac arrest,"
On an unspecified date, the patient was debilitated and experienced a cardiac arrest."
39,53,ae,cardiac arrest,"
On 19Jul2020, the patient died due to cardiac arrest."
69,74,ae,death,"
Diagnostic and laboratory investigations pertaining to the cause of death was not provided."
41,55,ae,cardiac arrest,"
Action taken with Vidaza in response to cardiac arrest and debilitated was permanently discontinued."
90,104,ae,cardiac arrest,"
The pharmacist assessed the causal relationship between Vidaza therapy and the events of cardiac arrest and debilitated as unknown."
86,100,ae,cardiac arrest,"
The company assessed the causal relationship between Vidaza therapy and the event of cardiac arrest as not suspected."
91,115,ae,change in the leukocytes,"
On 27Feb2020, the patient was hospitalized because the disease progressed and there was a change in the leukocytes (they were in the range of 100 to 120 thousand)."
79,90,mhx,alcohol use,"
The patient's medical history and concurrent conditions included: alcoholism (alcohol use currently acknowledged by the patient to 3 glasses of wine daily), cardiac failure (with left ventricular ejection fraction (LVEF) at 40 percent in 2008 (20 percent in 2003)), cognitive disorder (without established diagnostic), dyspnea, ex-tobacco user (Estimated smoking 45 packs per year, weaned 30 years ago), fall (falls of multifactorial origin), hypertension arterial, hypoglycemic coma beginning 2011, lung infection, musculoskeletal chest pain, obesity, pain, reduced general condition, renal failure acute, shock, systemic inflammatory response syndrome, type 2 diabetes mellitus and urinary infection."
132,155,mhx,3 glasses of wine daily,"
The patient's medical history and concurrent conditions included: alcoholism (alcohol use currently acknowledged by the patient to 3 glasses of wine daily), cardiac failure (with left ventricular ejection fraction (LVEF) at 40 percent in 2008 (20 percent in 2003)), cognitive disorder (without established diagnostic), dyspnea, ex-tobacco user (Estimated smoking 45 packs per year, weaned 30 years ago), fall (falls of multifactorial origin), hypertension arterial, hypoglycemic coma beginning 2011, lung infection, musculoskeletal chest pain, obesity, pain, reduced general condition, renal failure acute, shock, systemic inflammatory response syndrome, type 2 diabetes mellitus and urinary infection."
175,235,mhx,with left ventricular ejection fraction (LVEF) at 40 percent,"
The patient's medical history and concurrent conditions included: alcoholism (alcohol use currently acknowledged by the patient to 3 glasses of wine daily), cardiac failure (with left ventricular ejection fraction (LVEF) at 40 percent in 2008 (20 percent in 2003)), cognitive disorder (without established diagnostic), dyspnea, ex-tobacco user (Estimated smoking 45 packs per year, weaned 30 years ago), fall (falls of multifactorial origin), hypertension arterial, hypoglycemic coma beginning 2011, lung infection, musculoskeletal chest pain, obesity, pain, reduced general condition, renal failure acute, shock, systemic inflammatory response syndrome, type 2 diabetes mellitus and urinary infection."
239,243,temporal,2008,"
The patient's medical history and concurrent conditions included: alcoholism (alcohol use currently acknowledged by the patient to 3 glasses of wine daily), cardiac failure (with left ventricular ejection fraction (LVEF) at 40 percent in 2008 (20 percent in 2003)), cognitive disorder (without established diagnostic), dyspnea, ex-tobacco user (Estimated smoking 45 packs per year, weaned 30 years ago), fall (falls of multifactorial origin), hypertension arterial, hypoglycemic coma beginning 2011, lung infection, musculoskeletal chest pain, obesity, pain, reduced general condition, renal failure acute, shock, systemic inflammatory response syndrome, type 2 diabetes mellitus and urinary infection."
287,317,mhx,without established diagnostic,"
The patient's medical history and concurrent conditions included: alcoholism (alcohol use currently acknowledged by the patient to 3 glasses of wine daily), cardiac failure (with left ventricular ejection fraction (LVEF) at 40 percent in 2008 (20 percent in 2003)), cognitive disorder (without established diagnostic), dyspnea, ex-tobacco user (Estimated smoking 45 packs per year, weaned 30 years ago), fall (falls of multifactorial origin), hypertension arterial, hypoglycemic coma beginning 2011, lung infection, musculoskeletal chest pain, obesity, pain, reduced general condition, renal failure acute, shock, systemic inflammatory response syndrome, type 2 diabetes mellitus and urinary infection."
411,441,mhx,falls of multifactorial origin,"
The patient's medical history and concurrent conditions included: alcoholism (alcohol use currently acknowledged by the patient to 3 glasses of wine daily), cardiac failure (with left ventricular ejection fraction (LVEF) at 40 percent in 2008 (20 percent in 2003)), cognitive disorder (without established diagnostic), dyspnea, ex-tobacco user (Estimated smoking 45 packs per year, weaned 30 years ago), fall (falls of multifactorial origin), hypertension arterial, hypoglycemic coma beginning 2011, lung infection, musculoskeletal chest pain, obesity, pain, reduced general condition, renal failure acute, shock, systemic inflammatory response syndrome, type 2 diabetes mellitus and urinary infection."
119,170,cdrug,Glibenclamide Allopurinol spironolactone micronized,"
The reporter stated the patient was on lysine acetylsalicylate Trandolapril, bisoprolol hemifumarate, furosemide, and Glibenclamide Allopurinol spironolactone micronized, and paracetamol as needed."
176,187,cdrug,paracetamol,"
The reporter stated the patient was on lysine acetylsalicylate Trandolapril, bisoprolol hemifumarate, furosemide, and Glibenclamide Allopurinol spironolactone micronized, and paracetamol as needed."
64,99,mhx,alteration of his general condition,"
On 25-OCT-2012, the patient was admitted to geriatric unit for alteration of his general condition with falls."
175,199,cdrug,biogenetic human insulin,"
On admission to the hospital, discontinuation of bradycardiac therapy with continuation of Furosemide, Glibenclamide 5 mg was discontinued and replaced with insulinotherapy: biogenetic human insulin introduced on 25-OCT-2012."
107,111,mhx,lung,"
On 31-OCT-2012 C-reactive protein was 209 mg/l requiring introduction of probabilistic antibiotherapy for lung infection and urinary infection covered by sodium (Na) salt of amoxicillin,clavulanic acid potassium salt and ofloxacin."
66,70,temporal,2003,"
This case involves a 36 year old patient (gender unknown) who in 2003 ingested Acetaminophen, atenolol, chlordiazepoxide, and rofecoxib and experienced intentional suicide which resulted in death."
54,72,ae,respiratory arrest,"
The patient also experienced pre-hospital cardiac or respiratory arrest."
9,32,treatment,aggressive support care,"
Despite aggressive support care, the patient acutely decompensated and had acute further decrease in heart rate and blood pressure."
47,70,diagnostic,Acute myeloid leukaemia,"
Concomitant medication included Mitoxantrone (Acute myeloid leukaemia), Aclarubicin (Acute myeloid leukaemia) and Daunorubicin."
67,70,diagnostic,AML,"
It was reported that in June 2015, the patient was diagnosed with AML t (8;21) and received 6 cycles of CAG treatment (low-dose cytarabine, aclarubicin and g-csf) and achieved remission."
93,118,treatment,6 cycles of CAG treatment,"
It was reported that in June 2015, the patient was diagnosed with AML t (8;21) and received 6 cycles of CAG treatment (low-dose cytarabine, aclarubicin and g-csf) and achieved remission."
35,47,treatment,DA treatment,"
In Nov 2016, the patient received DA treatment, but experienced multifocal ventricular tachycardia and died on an unknown date."
26,36,sdrug,Cytarabine,"
Action taken with Vidaza/Cytarabine in response to the events of Sepsis and fatal multifocal ventricular tachycardia was unknown."
335,351,mhx,anxiety disorder,"
MedDRA Version 16.0
Description of Event or Problem:
It was reported in the scientific literature by health professionals from Spain that a 68 year old female, with history of high blood pressure, osteoporosis, type 2 diabetes mellitus for 12 years, dyslipidemia, mitral valvulopathy, advanced cognitive deterioration, depressive and anxiety disorder, invasive ductal carcinoma being treated with chemotherapy, an allergy to acetylsalicylic acid and non-steroidal anti-inflammatory analgesics, angioedema, and intestinal intolerance to fibrates, concurrently received venlafaxine for depression and tramadol for pain relief and experienced possible serotonin syndrome (SS)."
670,672,mhx,SS,"
MedDRA Version 16.0
Description of Event or Problem:
It was reported in the scientific literature by health professionals from Spain that a 68 year old female, with history of high blood pressure, osteoporosis, type 2 diabetes mellitus for 12 years, dyslipidemia, mitral valvulopathy, advanced cognitive deterioration, depressive and anxiety disorder, invasive ductal carcinoma being treated with chemotherapy, an allergy to acetylsalicylic acid and non-steroidal anti-inflammatory analgesics, angioedema, and intestinal intolerance to fibrates, concurrently received venlafaxine for depression and tramadol for pain relief and experienced possible serotonin syndrome (SS)."
82,94,drug,antipyretics,"
At the end of 2011, patient experienced low-grade fevers that did not respond to antipyretics (Paracetamol), nor empiric treatment for possible urinary tract infection."
145,168,ae,urinary tract infection,"
At the end of 2011, patient experienced low-grade fevers that did not respond to antipyretics (Paracetamol), nor empiric treatment for possible urinary tract infection."
153,158,diagnostic,fever,"
Given the patient's palliative situation, together with the palliative care unit, intravenous corticoid treatment was initiated in order to control the fever, and 150 mg per day Tramadol for pain relief."
179,187,sdrug,Tramadol,"
Given the patient's palliative situation, together with the palliative care unit, intravenous corticoid treatment was initiated in order to control the fever, and 150 mg per day Tramadol for pain relief."
49,61,ae,hypoglycemia,"
However, patient did have different episodes of hypoglycemia related to the corticoid treatment."
13,21,ae,diarrhea,"
Episodes of diarrhea were resolved through diet."
121,160,cdrug,Selective Serotonin Reuptake Inhibitors,"
As a result, review of therapeutic pharmacology history began which highlighted suspicious interaction of Tramadol with Selective Serotonin Reuptake Inhibitors (SSRIs)."
53,79,ae,hyperextension of the neck,"
Following the drug's withdrawal, both stiffness and hyperextension of the neck improved and disappeared after 20 days."
80,104,status,improved and disappeared,"
Following the drug's withdrawal, both stiffness and hyperextension of the neck improved and disappeared after 20 days."
175,182,ae,anxiety,"
Serotonin syndrome diagnosis can give rise to difficulties, since mild symptoms such as tremors, diarrhea or high blood pressure may not be related to drug treatment, whilst anxiety and akathisia may be attributed to the patient's mental health."
187,196,ae,akathisia,"
Serotonin syndrome diagnosis can give rise to difficulties, since mild symptoms such as tremors, diarrhea or high blood pressure may not be related to drug treatment, whilst anxiety and akathisia may be attributed to the patient's mental health."
64,78,cdrug,symptomatology,"
In this particular case, following the withdrawal of Tramadol, symptomatology (hyperreflexia) was resolved within three weeks."
80,93,cdrug,hyperreflexia,"
In this particular case, following the withdrawal of Tramadol, symptomatology (hyperreflexia) was resolved within three weeks."
87,93,sdrug,Vidaza,"
He initiated Revlimid 10 mg orally (PO) on days 1-21, from 11Jan2011 to 07Apr2011 and Vidaza 75 mg subcutaneously (SC) on days 1-5, on 11Jan2011 to 07Apr2011 for myelodysplastic syndrome."
71,82,diagnostic,head trauma,"
While in this protocol, the patient was hospitalized on 15Jan2011 for head trauma (MCN: 163-21880-11012760), which resolved on 17Jan2011."
98,103,status,death,"
According to the investigator, sudden death was confirmed by obituary as well as social security death index."
78,86,sdrug,Revlimid,"
The investigator assessed the causal relationship as follows:
Sudden death:  Revlimid (unknown);  Vidaza (unknown)
The cause of death was unknown."
129,134,status,death,"
The investigator assessed the causal relationship as follows:
Sudden death:  Revlimid (unknown);  Vidaza (unknown)
The cause of death was unknown."
144,147,ae,DVT,"
INVESTIGATOR SAE VERBATIM: ANOXIC ENCEPHALOPATHY (PREVIOUSLY SUDDEN DEATH), RESPIRATORY FAILURE, CARDIAC ARREST, BILATERAL PULMONARY EMBOLISM, DVT
Follow up information was received on 06Oct2011 from the investigator with the medical records."
79,94,ae,lower extremity,"
About 4 days prior to this admission, he had some redness and erythema of the lower extremity and went to the emergency room."
99,125,status,went to the emergency room,"
About 4 days prior to this admission, he had some redness and erythema of the lower extremity and went to the emergency room."
16,68,lab,Doppler ultrasound which was reported to be negative,"
He underwent a Doppler ultrasound which was reported to be negative."
39,58,ae,relatively immobile,"
Because of that, the patient had been relatively immobile over the last several days."
24,35,treatment,epinephrine,"
The patient received 2 epinephrine, 1 atropine, normal saline bolus, and dopamine initiation."
74,93,treatment,dopamine initiation,"
The patient received 2 epinephrine, 1 atropine, normal saline bolus, and dopamine initiation."
29,58,ae,pulseless electrical activity,"
The patient again went into pulseless electrical activity and again underwent CPR for 5 minutes."
76,90,lab,ST abnormality,"
EKG revealed atrial fibrillation and right bundle branch block, T Wave and ST abnormality."
12,50,lab,no acute findings with the CT of brain,"
There were no acute findings with the CT of brain."
91,111,diagnostic,rheumatoid arthritis,"
About the program : #Non Teva Study, Long-term observation of treatment with biologics in rheumatoid arthritis, RABBIT
This case concerns a 39-Years-old Female patient who received METHOTREXATE (Product  cannot be excluded as a Teva product), OLUMIANT (BARICITINIB, not Teva's product), RITUXIMAB (not Teva's product)."
46,70,cdrug,mebeverine hydrochloride,"
Concomitant medications included Duspatalin (mebeverine hydrochloride), Zyrtec (cetirizine hydrochloride), Meto zerok (metoprolol succinate), Co-aprovel (irbesartan hydrochlorothiazide), Pravalotin (pravastatin sodium), Physiotens (moxonidine), Lantus (insulin glargine), Metfin (metformin hydrochloride), paracetamol, Irfen (ibuprofen), Nexium (esomeprazole magnesium), Singulair (montelukast), Nasonex (mometasone furoate) and Seretide* (fluticasone propionate/salmeterol xinafoate)."
81,105,cdrug,cetirizine hydrochloride,"
Concomitant medications included Duspatalin (mebeverine hydrochloride), Zyrtec (cetirizine hydrochloride), Meto zerok (metoprolol succinate), Co-aprovel (irbesartan hydrochlorothiazide), Pravalotin (pravastatin sodium), Physiotens (moxonidine), Lantus (insulin glargine), Metfin (metformin hydrochloride), paracetamol, Irfen (ibuprofen), Nexium (esomeprazole magnesium), Singulair (montelukast), Nasonex (mometasone furoate) and Seretide* (fluticasone propionate/salmeterol xinafoate)."
120,140,cdrug,metoprolol succinate,"
Concomitant medications included Duspatalin (mebeverine hydrochloride), Zyrtec (cetirizine hydrochloride), Meto zerok (metoprolol succinate), Co-aprovel (irbesartan hydrochlorothiazide), Pravalotin (pravastatin sodium), Physiotens (moxonidine), Lantus (insulin glargine), Metfin (metformin hydrochloride), paracetamol, Irfen (ibuprofen), Nexium (esomeprazole magnesium), Singulair (montelukast), Nasonex (mometasone furoate) and Seretide* (fluticasone propionate/salmeterol xinafoate)."
155,185,cdrug,irbesartan hydrochlorothiazide,"
Concomitant medications included Duspatalin (mebeverine hydrochloride), Zyrtec (cetirizine hydrochloride), Meto zerok (metoprolol succinate), Co-aprovel (irbesartan hydrochlorothiazide), Pravalotin (pravastatin sodium), Physiotens (moxonidine), Lantus (insulin glargine), Metfin (metformin hydrochloride), paracetamol, Irfen (ibuprofen), Nexium (esomeprazole magnesium), Singulair (montelukast), Nasonex (mometasone furoate) and Seretide* (fluticasone propionate/salmeterol xinafoate)."
200,218,cdrug,pravastatin sodium,"
Concomitant medications included Duspatalin (mebeverine hydrochloride), Zyrtec (cetirizine hydrochloride), Meto zerok (metoprolol succinate), Co-aprovel (irbesartan hydrochlorothiazide), Pravalotin (pravastatin sodium), Physiotens (moxonidine), Lantus (insulin glargine), Metfin (metformin hydrochloride), paracetamol, Irfen (ibuprofen), Nexium (esomeprazole magnesium), Singulair (montelukast), Nasonex (mometasone furoate) and Seretide* (fluticasone propionate/salmeterol xinafoate)."
233,243,cdrug,moxonidine,"
Concomitant medications included Duspatalin (mebeverine hydrochloride), Zyrtec (cetirizine hydrochloride), Meto zerok (metoprolol succinate), Co-aprovel (irbesartan hydrochlorothiazide), Pravalotin (pravastatin sodium), Physiotens (moxonidine), Lantus (insulin glargine), Metfin (metformin hydrochloride), paracetamol, Irfen (ibuprofen), Nexium (esomeprazole magnesium), Singulair (montelukast), Nasonex (mometasone furoate) and Seretide* (fluticasone propionate/salmeterol xinafoate)."
254,270,cdrug,insulin glargine,"
Concomitant medications included Duspatalin (mebeverine hydrochloride), Zyrtec (cetirizine hydrochloride), Meto zerok (metoprolol succinate), Co-aprovel (irbesartan hydrochlorothiazide), Pravalotin (pravastatin sodium), Physiotens (moxonidine), Lantus (insulin glargine), Metfin (metformin hydrochloride), paracetamol, Irfen (ibuprofen), Nexium (esomeprazole magnesium), Singulair (montelukast), Nasonex (mometasone furoate) and Seretide* (fluticasone propionate/salmeterol xinafoate)."
281,304,cdrug,metformin hydrochloride,"
Concomitant medications included Duspatalin (mebeverine hydrochloride), Zyrtec (cetirizine hydrochloride), Meto zerok (metoprolol succinate), Co-aprovel (irbesartan hydrochlorothiazide), Pravalotin (pravastatin sodium), Physiotens (moxonidine), Lantus (insulin glargine), Metfin (metformin hydrochloride), paracetamol, Irfen (ibuprofen), Nexium (esomeprazole magnesium), Singulair (montelukast), Nasonex (mometasone furoate) and Seretide* (fluticasone propionate/salmeterol xinafoate)."
327,336,cdrug,ibuprofen,"
Concomitant medications included Duspatalin (mebeverine hydrochloride), Zyrtec (cetirizine hydrochloride), Meto zerok (metoprolol succinate), Co-aprovel (irbesartan hydrochlorothiazide), Pravalotin (pravastatin sodium), Physiotens (moxonidine), Lantus (insulin glargine), Metfin (metformin hydrochloride), paracetamol, Irfen (ibuprofen), Nexium (esomeprazole magnesium), Singulair (montelukast), Nasonex (mometasone furoate) and Seretide* (fluticasone propionate/salmeterol xinafoate)."
347,369,cdrug,esomeprazole magnesium,"
Concomitant medications included Duspatalin (mebeverine hydrochloride), Zyrtec (cetirizine hydrochloride), Meto zerok (metoprolol succinate), Co-aprovel (irbesartan hydrochlorothiazide), Pravalotin (pravastatin sodium), Physiotens (moxonidine), Lantus (insulin glargine), Metfin (metformin hydrochloride), paracetamol, Irfen (ibuprofen), Nexium (esomeprazole magnesium), Singulair (montelukast), Nasonex (mometasone furoate) and Seretide* (fluticasone propionate/salmeterol xinafoate)."
383,394,cdrug,montelukast,"
Concomitant medications included Duspatalin (mebeverine hydrochloride), Zyrtec (cetirizine hydrochloride), Meto zerok (metoprolol succinate), Co-aprovel (irbesartan hydrochlorothiazide), Pravalotin (pravastatin sodium), Physiotens (moxonidine), Lantus (insulin glargine), Metfin (metformin hydrochloride), paracetamol, Irfen (ibuprofen), Nexium (esomeprazole magnesium), Singulair (montelukast), Nasonex (mometasone furoate) and Seretide* (fluticasone propionate/salmeterol xinafoate)."
406,424,cdrug,mometasone furoate,"
Concomitant medications included Duspatalin (mebeverine hydrochloride), Zyrtec (cetirizine hydrochloride), Meto zerok (metoprolol succinate), Co-aprovel (irbesartan hydrochlorothiazide), Pravalotin (pravastatin sodium), Physiotens (moxonidine), Lantus (insulin glargine), Metfin (metformin hydrochloride), paracetamol, Irfen (ibuprofen), Nexium (esomeprazole magnesium), Singulair (montelukast), Nasonex (mometasone furoate) and Seretide* (fluticasone propionate/salmeterol xinafoate)."
441,463,cdrug,fluticasone propionate,"
Concomitant medications included Duspatalin (mebeverine hydrochloride), Zyrtec (cetirizine hydrochloride), Meto zerok (metoprolol succinate), Co-aprovel (irbesartan hydrochlorothiazide), Pravalotin (pravastatin sodium), Physiotens (moxonidine), Lantus (insulin glargine), Metfin (metformin hydrochloride), paracetamol, Irfen (ibuprofen), Nexium (esomeprazole magnesium), Singulair (montelukast), Nasonex (mometasone furoate) and Seretide* (fluticasone propionate/salmeterol xinafoate)."
464,484,cdrug,salmeterol xinafoate,"
Concomitant medications included Duspatalin (mebeverine hydrochloride), Zyrtec (cetirizine hydrochloride), Meto zerok (metoprolol succinate), Co-aprovel (irbesartan hydrochlorothiazide), Pravalotin (pravastatin sodium), Physiotens (moxonidine), Lantus (insulin glargine), Metfin (metformin hydrochloride), paracetamol, Irfen (ibuprofen), Nexium (esomeprazole magnesium), Singulair (montelukast), Nasonex (mometasone furoate) and Seretide* (fluticasone propionate/salmeterol xinafoate)."
91,100,treatment,metformin,"
Blood glucose (fasting) on 03-FEB-2011 was 3.5 g/l.
The usual antidiabetic treatment with metformin (850 mg 3/d) and insulin (30 IU in the morning and 30 IU in the evening) were not modified."
143,160,mhx,hyperosmolar coma,"
Patient's medical history included: severe asthma, allergic bronchopulmonary aspergillosis from FEB-2012, non-insulin dependent diabetes with hyperosmolar coma in FEV-2012, cardiovascular collapse in 2010, hyperthyroidism, cerebellar hemangioblastoma and pneumopathy in 2011."
56,85,ae,generalized convulsive crisis,"
On 18-DEC-2012, the patient was hospitalized following generalized convulsive crisis in a context of hypoglycaemia (Capillary blood glucose test: 3.6 mmol/l)."
78,86,status,resolved,"
The outcome of hypoglycaemia and convulsive crisis was reported as recovered/resolved."
82,90,sdrug,tramadol,"
A targeted history of the medication use revealed that the patient had taken one tramadol 50 mg tablet for headache the night prior to the day of admission."
5,8,dose,two,"
And two had previously been in a cafe, where the patient had felt increasingly unwell and had not eaten much because of nausea."
91,109,mae,had not eaten much,"
And two had previously been in a cafe, where the patient had felt increasingly unwell and had not eaten much because of nausea."
21,39,ae,lost consciousness,"
After the passenger lost consciousness, the driver immediately notified the emergency physician, who found the patient with increased sweating and a glasgow Coma Scale (GSC score) of 3."
60,74,lab,height: 168 cm,"
The patient's physical examination revealed weight: 75 kg, height: 168 cm, BMI 26.6 kg/m2, normal internal medicine and neurological examination."
76,90,lab,BMI 26.6 kg/m2,"
The patient's physical examination revealed weight: 75 kg, height: 168 cm, BMI 26.6 kg/m2, normal internal medicine and neurological examination."
1,20,mhx,Alcohol very rarely,"
Alcohol very rarely, non-smoker."
22,32,mhx,non-smoker,"
Alcohol very rarely, non-smoker."
49,141,lab,"blood count, electrolytes, creatinine, liver and cholestasis values were in the normal range","
The patient's laboratory findings revealed that blood count, electrolytes, creatinine, liver and cholestasis values were in the normal range."
44,57,ae,hypoglycaemia,"
During hospitalization, possible causes of hypoglycaemia were worked up."
43,51,diagnostic,diabetes,"
However, the differential diagnoses (i.e.
diabetes, insulinoma, severe liver or kidney disease) were unlikely to be the causes of the hypoglycaemia."
53,63,diagnostic,insulinoma,"
However, the differential diagnoses (i.e.
diabetes, insulinoma, severe liver or kidney disease) were unlikely to be the causes of the hypoglycaemia."
65,77,diagnostic,severe liver,"
However, the differential diagnoses (i.e.
diabetes, insulinoma, severe liver or kidney disease) were unlikely to be the causes of the hypoglycaemia."
81,95,diagnostic,kidney disease,"
However, the differential diagnoses (i.e.
diabetes, insulinoma, severe liver or kidney disease) were unlikely to be the causes of the hypoglycaemia."
135,148,ae,hypoglycaemia,"
However, the differential diagnoses (i.e.
diabetes, insulinoma, severe liver or kidney disease) were unlikely to be the causes of the hypoglycaemia."
5,45,ae,degree of the reduction in blood glucose,"
The degree of the reduction in blood glucose was also unusual and met the criteria of severe hypoglycaemia."
87,107,ae,severe hypoglycaemia,"
The degree of the reduction in blood glucose was also unusual and met the criteria of severe hypoglycaemia."
73,86,ae,hypoglycaemia,"
It appears unlikely that this beta-blocker was the cause for triggering hypoglycaemia, especially because the heart rate was 84 bpm when the emergency physician arrived; however, a cumulative effect of the different substances with a hypoglycaemic potential (ACE inhibitor, beta-blocker, and tramadol) was possible."
235,248,ae,hypoglycaemic,"
It appears unlikely that this beta-blocker was the cause for triggering hypoglycaemia, especially because the heart rate was 84 bpm when the emergency physician arrived; however, a cumulative effect of the different substances with a hypoglycaemic potential (ACE inhibitor, beta-blocker, and tramadol) was possible."
260,273,drug,ACE inhibitor,"
It appears unlikely that this beta-blocker was the cause for triggering hypoglycaemia, especially because the heart rate was 84 bpm when the emergency physician arrived; however, a cumulative effect of the different substances with a hypoglycaemic potential (ACE inhibitor, beta-blocker, and tramadol) was possible."
275,287,drug,beta-blocker,"
It appears unlikely that this beta-blocker was the cause for triggering hypoglycaemia, especially because the heart rate was 84 bpm when the emergency physician arrived; however, a cumulative effect of the different substances with a hypoglycaemic potential (ACE inhibitor, beta-blocker, and tramadol) was possible."
293,301,sdrug,tramadol,"
It appears unlikely that this beta-blocker was the cause for triggering hypoglycaemia, especially because the heart rate was 84 bpm when the emergency physician arrived; however, a cumulative effect of the different substances with a hypoglycaemic potential (ACE inhibitor, beta-blocker, and tramadol) was possible."
61,98,ae,membrane transport (OCT1) of tramadol,"
The patient showed no abnormality in metabolism (CYP2D6) or membrane transport (OCT1) of tramadol."
26,47,ae,hypoglycemic episodes,"
No further treatment for hypoglycemic episodes was needed."
246,265,mhx,hypoacusis (severe),"
Medical history included type 2 diabetes mellitus, AFib, hypertension arterial, dyslipidaemia, deep vein thrombosis and ischaemic heart disease, purpura vascular (necrotique des membres inferieurs), anxiodepressive syndrome, sensory neuropathy, hypoacusis (severe) on unknown date."
83,113,dose,at a dose of 120 mg once a day,"
On an unknown date the patient received Lasix (furosemide) 40 mg breakable tablet at a dose of 120 mg once a day and gabapentine at a dose of 900 mg once a day via oral route for unknown indication, Eliquis (apixaban) 2.5 mg coated tablet at a dose of 5 mg once a day via oral route for AFib, tramadol hydrochloride at a dose of 50 mg once a day via oral route for analgesia, Stilnox (zolpidem) 10 mg divisible coated tablet at a dose of 10 mg once a day and mirtazapine at a dose of 15 mg once a day via oral route for drowsiness."
41,53,ae,hypoglycémie,"
On 16-Jan-2020, the patient experienced hypoglycémie (hypoglycaemia), hématome (haematoma) and chute (fall)."
55,68,ae,hypoglycaemia,"
On 16-Jan-2020, the patient experienced hypoglycémie (hypoglycaemia), hématome (haematoma) and chute (fall)."
96,108,ae,chute (fall),"
On 16-Jan-2020, the patient experienced hypoglycémie (hypoglycaemia), hématome (haematoma) and chute (fall)."
40,73,mhx,necrotique des membres inferieurs,"
Historical condition purpura vascular (necrotique des membres inferieurs), anxiodepressive syndrome, sensory neuropathy, hypoacusis (severe) was added."
390,416,ae,systemic allergic reaction,"AER 2105381 is a literature - non-interventional study summary case, received on 09/Apr/2018 from a health care professional and in the Japan and concerns a group of patients some of whom developed one or more of following events of pulmonary disorder, cardiovascular disorder, malignancy, infection, hematological toxicity, renal disorder, skin reaction and systemic reaction (captured as systemic allergic reaction) and some patients had drug ineffectiveness whilst enrolled in a retrospective study aimed to clarify the retention and reasons for discontinuation of seven biologics [tocilizumab (TCZ), abatacept (ABT), adalimumab (ADA), certolizumab (CZP), etanercept (ETN), golimumab (GLM) and infliximab (IFX)] in the real-world setting of rheumatoid arthritis (RA) and to clarify within a real-world setting the retention of secondary bDMARDs or JAKi in patients who were primarily treated by ABT or TCZ as the first bDMARDs."
598,601,sdrug,TCZ,"AER 2105381 is a literature - non-interventional study summary case, received on 09/Apr/2018 from a health care professional and in the Japan and concerns a group of patients some of whom developed one or more of following events of pulmonary disorder, cardiovascular disorder, malignancy, infection, hematological toxicity, renal disorder, skin reaction and systemic reaction (captured as systemic allergic reaction) and some patients had drug ineffectiveness whilst enrolled in a retrospective study aimed to clarify the retention and reasons for discontinuation of seven biologics [tocilizumab (TCZ), abatacept (ABT), adalimumab (ADA), certolizumab (CZP), etanercept (ETN), golimumab (GLM) and infliximab (IFX)] in the real-world setting of rheumatoid arthritis (RA) and to clarify within a real-world setting the retention of secondary bDMARDs or JAKi in patients who were primarily treated by ABT or TCZ as the first bDMARDs."
615,618,sdrug,ABT,"AER 2105381 is a literature - non-interventional study summary case, received on 09/Apr/2018 from a health care professional and in the Japan and concerns a group of patients some of whom developed one or more of following events of pulmonary disorder, cardiovascular disorder, malignancy, infection, hematological toxicity, renal disorder, skin reaction and systemic reaction (captured as systemic allergic reaction) and some patients had drug ineffectiveness whilst enrolled in a retrospective study aimed to clarify the retention and reasons for discontinuation of seven biologics [tocilizumab (TCZ), abatacept (ABT), adalimumab (ADA), certolizumab (CZP), etanercept (ETN), golimumab (GLM) and infliximab (IFX)] in the real-world setting of rheumatoid arthritis (RA) and to clarify within a real-world setting the retention of secondary bDMARDs or JAKi in patients who were primarily treated by ABT or TCZ as the first bDMARDs."
633,636,sdrug,ADA,"AER 2105381 is a literature - non-interventional study summary case, received on 09/Apr/2018 from a health care professional and in the Japan and concerns a group of patients some of whom developed one or more of following events of pulmonary disorder, cardiovascular disorder, malignancy, infection, hematological toxicity, renal disorder, skin reaction and systemic reaction (captured as systemic allergic reaction) and some patients had drug ineffectiveness whilst enrolled in a retrospective study aimed to clarify the retention and reasons for discontinuation of seven biologics [tocilizumab (TCZ), abatacept (ABT), adalimumab (ADA), certolizumab (CZP), etanercept (ETN), golimumab (GLM) and infliximab (IFX)] in the real-world setting of rheumatoid arthritis (RA) and to clarify within a real-world setting the retention of secondary bDMARDs or JAKi in patients who were primarily treated by ABT or TCZ as the first bDMARDs."
639,651,sdrug,certolizumab,"AER 2105381 is a literature - non-interventional study summary case, received on 09/Apr/2018 from a health care professional and in the Japan and concerns a group of patients some of whom developed one or more of following events of pulmonary disorder, cardiovascular disorder, malignancy, infection, hematological toxicity, renal disorder, skin reaction and systemic reaction (captured as systemic allergic reaction) and some patients had drug ineffectiveness whilst enrolled in a retrospective study aimed to clarify the retention and reasons for discontinuation of seven biologics [tocilizumab (TCZ), abatacept (ABT), adalimumab (ADA), certolizumab (CZP), etanercept (ETN), golimumab (GLM) and infliximab (IFX)] in the real-world setting of rheumatoid arthritis (RA) and to clarify within a real-world setting the retention of secondary bDMARDs or JAKi in patients who were primarily treated by ABT or TCZ as the first bDMARDs."
653,656,sdrug,CZP,"AER 2105381 is a literature - non-interventional study summary case, received on 09/Apr/2018 from a health care professional and in the Japan and concerns a group of patients some of whom developed one or more of following events of pulmonary disorder, cardiovascular disorder, malignancy, infection, hematological toxicity, renal disorder, skin reaction and systemic reaction (captured as systemic allergic reaction) and some patients had drug ineffectiveness whilst enrolled in a retrospective study aimed to clarify the retention and reasons for discontinuation of seven biologics [tocilizumab (TCZ), abatacept (ABT), adalimumab (ADA), certolizumab (CZP), etanercept (ETN), golimumab (GLM) and infliximab (IFX)] in the real-world setting of rheumatoid arthritis (RA) and to clarify within a real-world setting the retention of secondary bDMARDs or JAKi in patients who were primarily treated by ABT or TCZ as the first bDMARDs."
671,674,sdrug,ETN,"AER 2105381 is a literature - non-interventional study summary case, received on 09/Apr/2018 from a health care professional and in the Japan and concerns a group of patients some of whom developed one or more of following events of pulmonary disorder, cardiovascular disorder, malignancy, infection, hematological toxicity, renal disorder, skin reaction and systemic reaction (captured as systemic allergic reaction) and some patients had drug ineffectiveness whilst enrolled in a retrospective study aimed to clarify the retention and reasons for discontinuation of seven biologics [tocilizumab (TCZ), abatacept (ABT), adalimumab (ADA), certolizumab (CZP), etanercept (ETN), golimumab (GLM) and infliximab (IFX)] in the real-world setting of rheumatoid arthritis (RA) and to clarify within a real-world setting the retention of secondary bDMARDs or JAKi in patients who were primarily treated by ABT or TCZ as the first bDMARDs."
688,691,sdrug,GLM,"AER 2105381 is a literature - non-interventional study summary case, received on 09/Apr/2018 from a health care professional and in the Japan and concerns a group of patients some of whom developed one or more of following events of pulmonary disorder, cardiovascular disorder, malignancy, infection, hematological toxicity, renal disorder, skin reaction and systemic reaction (captured as systemic allergic reaction) and some patients had drug ineffectiveness whilst enrolled in a retrospective study aimed to clarify the retention and reasons for discontinuation of seven biologics [tocilizumab (TCZ), abatacept (ABT), adalimumab (ADA), certolizumab (CZP), etanercept (ETN), golimumab (GLM) and infliximab (IFX)] in the real-world setting of rheumatoid arthritis (RA) and to clarify within a real-world setting the retention of secondary bDMARDs or JAKi in patients who were primarily treated by ABT or TCZ as the first bDMARDs."
39,41,diagnostic,RA,"
From 2009 to 2017, 4461 patients with RA were registered, and 52,654 serial disease activities were available from the database."
283,295,cdrug,methotrexate,"
In addition, baseline demographic data such as age, sex, disease activity (Disease Activity Score in 28 joints using erythrocyte sedimentation rate [DAS28-ESR]), clinical disease activity index (CDAI), duration of RA, number of previously administered bDMARDs, concomitant doses of methotrexate (MTX) and prednisolone (PSL), rheumatoid factor (RF) and anti-cyclic citrullinated peptide antibody (ACPA) positivity, and Health Assessment Questionnaire [HAQ] disability index [DI] score were also collected."
397,401,cdrug,ACPA,"
In addition, baseline demographic data such as age, sex, disease activity (Disease Activity Score in 28 joints using erythrocyte sedimentation rate [DAS28-ESR]), clinical disease activity index (CDAI), duration of RA, number of previously administered bDMARDs, concomitant doses of methotrexate (MTX) and prednisolone (PSL), rheumatoid factor (RF) and anti-cyclic citrullinated peptide antibody (ACPA) positivity, and Health Assessment Questionnaire [HAQ] disability index [DI] score were also collected."
244,256,ae,toxic events,"
Reasons for discontinuation were analyzed and classified into four major categories: (1) lack of effectiveness (including primary and secondary), (2) disease remission, (3) toxic adverse events (infection, skin or systemic reaction, and other toxic events, including hematologic, pulmonary, renal, cardiovascular complications, and malignancies), and (4) non-toxic reasons (patient preference, change in hospital, desire for pregnancy, etc.)."
268,279,ae,hematologic,"
Reasons for discontinuation were analyzed and classified into four major categories: (1) lack of effectiveness (including primary and secondary), (2) disease remission, (3) toxic adverse events (infection, skin or systemic reaction, and other toxic events, including hematologic, pulmonary, renal, cardiovascular complications, and malignancies), and (4) non-toxic reasons (patient preference, change in hospital, desire for pregnancy, etc.)."
281,290,ae,pulmonary,"
Reasons for discontinuation were analyzed and classified into four major categories: (1) lack of effectiveness (including primary and secondary), (2) disease remission, (3) toxic adverse events (infection, skin or systemic reaction, and other toxic events, including hematologic, pulmonary, renal, cardiovascular complications, and malignancies), and (4) non-toxic reasons (patient preference, change in hospital, desire for pregnancy, etc.)."
292,297,ae,renal,"
Reasons for discontinuation were analyzed and classified into four major categories: (1) lack of effectiveness (including primary and secondary), (2) disease remission, (3) toxic adverse events (infection, skin or systemic reaction, and other toxic events, including hematologic, pulmonary, renal, cardiovascular complications, and malignancies), and (4) non-toxic reasons (patient preference, change in hospital, desire for pregnancy, etc.)."
299,327,ae,cardiovascular complications,"
Reasons for discontinuation were analyzed and classified into four major categories: (1) lack of effectiveness (including primary and secondary), (2) disease remission, (3) toxic adverse events (infection, skin or systemic reaction, and other toxic events, including hematologic, pulmonary, renal, cardiovascular complications, and malignancies), and (4) non-toxic reasons (patient preference, change in hospital, desire for pregnancy, etc.)."
333,345,ae,malignancies,"
Reasons for discontinuation were analyzed and classified into four major categories: (1) lack of effectiveness (including primary and secondary), (2) disease remission, (3) toxic adverse events (infection, skin or systemic reaction, and other toxic events, including hematologic, pulmonary, renal, cardiovascular complications, and malignancies), and (4) non-toxic reasons (patient preference, change in hospital, desire for pregnancy, etc.)."
22,28,sdrug,Vidaza,"
The patient received Vidaza (onset date and cycle dates unspecified), for treatment of myelodysplastic syndrome with fibrosis."
39,55,dose,dose unspecified,"
His initial dose was adjusted to 50% (dose unspecified) because the patient had basal thrombocytopenia (platelet count: from 2000 to 3000; dates unspecified)."
37,46,status,withdrawn,"
Treatment with Vidaza was therefore withdrawn."
207,231,mhx,corticosteroid treatment,"
Follow-up information was received on 29-Sep-2008:  The patient was 75 years old and his medical history was provided as follows:  The patient had a 10 year history of severe thrombocytopenia that required corticosteroid treatment, dexamethasone at high doses (40 mg/day x 4 days)  without analytical response."
233,260,mhx,dexamethasone at high doses,"
Follow-up information was received on 29-Sep-2008:  The patient was 75 years old and his medical history was provided as follows:  The patient had a 10 year history of severe thrombocytopenia that required corticosteroid treatment, dexamethasone at high doses (40 mg/day x 4 days)  without analytical response."
283,310,mhx,without analytical response,"
Follow-up information was received on 29-Sep-2008:  The patient was 75 years old and his medical history was provided as follows:  The patient had a 10 year history of severe thrombocytopenia that required corticosteroid treatment, dexamethasone at high doses (40 mg/day x 4 days)  without analytical response."
16,20,temporal,2006,"
Two years ago (2006), treatment with anti-CD20 (Rituximab) was attempted for 4 monthly doses, with no remarkable response."
38,47,treatment,anti-CD20,"
Two years ago (2006), treatment with anti-CD20 (Rituximab) was attempted for 4 monthly doses, with no remarkable response."
49,58,treatment,Rituximab,"
Two years ago (2006), treatment with anti-CD20 (Rituximab) was attempted for 4 monthly doses, with no remarkable response."
88,112,lab,three lines of dysplasia,"
During the last bone marrow examination (date unspecified), the patient presented with three lines of dysplasia were detected, with reticulin fibrosis grade 2; no blast excess was noted besides the acute pancytopenia (Hb 8-7 g/dl, leukocytes 1.3 x 10^3/mm^3, neutrophils 300/mm3, platelets 2- 3.000/mm3)."
260,279,lab,neutrophils 300/mm3,"
During the last bone marrow examination (date unspecified), the patient presented with three lines of dysplasia were detected, with reticulin fibrosis grade 2; no blast excess was noted besides the acute pancytopenia (Hb 8-7 g/dl, leukocytes 1.3 x 10^3/mm^3, neutrophils 300/mm3, platelets 2- 3.000/mm3)."
153,156,mhx,MDS,"
The patient received treatment with Vidaza at a dose of 75 mg/m2 from 21-Aug-2008 through 28-Aug-2008 (specific days of administration unspecified) for MDS FAB subtype RA (refractory anaemia) that required transfusions, severe neutropenia and thrombocytopenia."
221,239,mhx,severe neutropenia,"
The patient received treatment with Vidaza at a dose of 75 mg/m2 from 21-Aug-2008 through 28-Aug-2008 (specific days of administration unspecified) for MDS FAB subtype RA (refractory anaemia) that required transfusions, severe neutropenia and thrombocytopenia."
91,99,treatment,tramadol,"
The patient received analgesic treatment with Nolotil (magnesium metamizole) and Adolota (tramadol) by endovenous continuous perfusion for rectal and anal pain."
70,92,mhx,severe febrile picture,"
During hospital admission, the patient also required treatment for a severe febrile picture with intravenous antibiotics and antifungals (piperacillin, tazobactam, amikacin, vancomycin, imipenem, fluconazole and caspofungin)."
5,26,lab,abdominal ultrasounds,"
Two abdominal ultrasounds were performed (dates unspecified) which revealed moderate splenomegaly."
43,60,temporal,dates unspecified,"
Two abdominal ultrasounds were performed (dates unspecified) which revealed moderate splenomegaly."
5,50,lab,abdominal and chest computer tomography scans,"
Two abdominal and chest computer tomography scans were performed (date unspecified) which revealed nothing remarkable (a mild right pleural effusion was noted in the last test performed)."
36,54,lab,rectosigmoidoscopy,"
Ischaemic colitis was diagnosed by rectosigmoidoscopy (colonoscopy - date unspecified) and a long section of the bowel was involved."
50,62,ae,hypoglycemia,"
This case involves a 74 year old patient who had hypoglycemia after starting furosemide (Lasilix faible), nordazepam (Nordaz), candesartan cilexetil (Atacand) and paracetamol/tramadol hydrochloride (Ixprim)."
82,100,dose,a dose of 20 daily,"
On an unknown date, patient started therapy with oral furosemide 20 mg tablet at a dose of 20 daily for hypertension arterial, with oral nordazepam divisible tablet 7.5 mg at a dose of 7.5 mg daily for anxiety, with oral candesartan cilexetil divisible tablet 4mg at a dose of 4 mg daily for hypertension arterial and oral paracetamol/tramadol hydrochloride (dosage form unknown) at a dose of 4 daily for pain."
105,126,diagnostic,hypertension arterial,"
On an unknown date, patient started therapy with oral furosemide 20 mg tablet at a dose of 20 daily for hypertension arterial, with oral nordazepam divisible tablet 7.5 mg at a dose of 7.5 mg daily for anxiety, with oral candesartan cilexetil divisible tablet 4mg at a dose of 4 mg daily for hypertension arterial and oral paracetamol/tramadol hydrochloride (dosage form unknown) at a dose of 4 daily for pain."
176,198,dose,a dose of 7.5 mg daily,"
On an unknown date, patient started therapy with oral furosemide 20 mg tablet at a dose of 20 daily for hypertension arterial, with oral nordazepam divisible tablet 7.5 mg at a dose of 7.5 mg daily for anxiety, with oral candesartan cilexetil divisible tablet 4mg at a dose of 4 mg daily for hypertension arterial and oral paracetamol/tramadol hydrochloride (dosage form unknown) at a dose of 4 daily for pain."
293,314,diagnostic,hypertension arterial,"
On an unknown date, patient started therapy with oral furosemide 20 mg tablet at a dose of 20 daily for hypertension arterial, with oral nordazepam divisible tablet 7.5 mg at a dose of 7.5 mg daily for anxiety, with oral candesartan cilexetil divisible tablet 4mg at a dose of 4 mg daily for hypertension arterial and oral paracetamol/tramadol hydrochloride (dosage form unknown) at a dose of 4 daily for pain."
58,73,status,hospitalization,"
Appeal from SOS Physician was made and then from EMS and hospitalization."
32,44,ae,hypoglycemia,"
At the time of reporting event hypoglycemia was resolved."
207,241,sdrug,paracetamol/tramadol hydrochloride,"
According to the French Health Authority, paracetamol/tramadol hydrochloride, furosemide, nordazepam and candesartan cilexetil were suspected and their causal role(s) were assessed as doubtful (C2S1I1) for paracetamol/tramadol hydrochloride and doubtful (C1s1i1) for furosemide, nordazepam and candesartan cilexetil."
268,278,sdrug,furosemide,"
According to the French Health Authority, paracetamol/tramadol hydrochloride, furosemide, nordazepam and candesartan cilexetil were suspected and their causal role(s) were assessed as doubtful (C2S1I1) for paracetamol/tramadol hydrochloride and doubtful (C1s1i1) for furosemide, nordazepam and candesartan cilexetil."
280,290,sdrug,nordazepam,"
According to the French Health Authority, paracetamol/tramadol hydrochloride, furosemide, nordazepam and candesartan cilexetil were suspected and their causal role(s) were assessed as doubtful (C2S1I1) for paracetamol/tramadol hydrochloride and doubtful (C1s1i1) for furosemide, nordazepam and candesartan cilexetil."
26,51,lab,NO ATRIOVENTRICULAR BLOCK,"
Confirmatory Tests:
ecg: NO ATRIOVENTRICULAR BLOCK, NO REPOLARIZATION DISORDER
Sanofi company comment dated 30-AUG-2017: In this case, the patient experienced the given event hypoglycemia, while on the company suspect drug."
230,251,dose,daily dose of 75mg/m2,"ATRIAL FIBRILLATION, VENTRICULAR TACHYCARDIA
(JAPAN) Initial information was received on 09/Jul/2014 from Nippon Shinyaku, from a physician regarding a 64 year old male patient who received Vidaza 100g injection via SC route at a daily dose of 75mg/m2 from 17/Oct/2012 to 23/Oct/2012, 07/Dec/2012 to 13/Dec/2012 and from 24/Jan/2013 to 30/Jan/2013 for the treatment of myelodysplastic syndrome (MDS) (RAEB,RAEB-1)."
19,28,temporal,one-month,"
In the frame of a one-month condition deterioration, anorexia, weight loss and falls of which one caused a vertebral fracture."
39,52,ae,deterioration,"
In the frame of a one-month condition deterioration, anorexia, weight loss and falls of which one caused a vertebral fracture."
54,62,ae,anorexia,"
In the frame of a one-month condition deterioration, anorexia, weight loss and falls of which one caused a vertebral fracture."
64,75,ae,weight loss,"
In the frame of a one-month condition deterioration, anorexia, weight loss and falls of which one caused a vertebral fracture."
46,57,ae,unconscious,"
He bumped the occipital area and was shortly unconscious."
57,65,drug,insuline,"
Hypoglycemia was suspected because he took long release insuline in the morning and has not eaten before 13:00 PM."
96,115,status,not at all confused,"
On 27-Oct-2006, at the time of consultation, the patient had recovered from the events and was not at all confused."
61,66,ae,shock,"
On an unspecified date, the patient was hospitalized due to shock."
41,46,ae,shock,"
The patient recovered from the event of shock and was discharged from the hospital on 26Jan2012."
364,383,ae,acute enterocolitis,"
Moreover, the patient developed a total of 18 serious events including the following:
On 08/Jul/2011 white blood cell decreased and neutrophil count decreased, serious important medical events and cellulitis serious for hospitalization; On 16/Jan/2012 pyrexia (1st episode) and acute enterocolitis (1st episode) events serious for hospitalization; On 06/Feb/2012 acute enterocolitis (2nd episode) and pyrexia (2nd episode), serious for hospitalization; On 07/Feb/2012 acidosis, hepatic function disorder
"
402,409,ae,pyrexia,"
Moreover, the patient developed a total of 18 serious events including the following:
On 08/Jul/2011 white blood cell decreased and neutrophil count decreased, serious important medical events and cellulitis serious for hospitalization; On 16/Jan/2012 pyrexia (1st episode) and acute enterocolitis (1st episode) events serious for hospitalization; On 06/Feb/2012 acute enterocolitis (2nd episode) and pyrexia (2nd episode), serious for hospitalization; On 07/Feb/2012 acidosis, hepatic function disorder
"
80,100,diagnostic,rheumatoid arthritis,"
On 11-Jul-2019, the patient started oral baricitinib (Olumiant) 4 mg daily for rheumatoid arthritis."
101,111,temporal,in morning,"
From unknown date, unknown duration after starting baricitinib, he experienced cramps in the calves in morning."
12,20,cdrug,ointment,"
He applied ointment on the parts but it did not work for the event."
77,94,ae,unable to urinate,"
Around 08-Nov-2019, about four months after starting baricitinib, he became unable to urinate in the middle of the night and he rushed to the hospital."
95,121,temporal,in the middle of the night,"
Around 08-Nov-2019, about four months after starting baricitinib, he became unable to urinate in the middle of the night and he rushed to the hospital."
129,151,status,rushed to the hospital,"
Around 08-Nov-2019, about four months after starting baricitinib, he became unable to urinate in the middle of the night and he rushed to the hospital."
20,43,treatment,got the urine taken out,"
As a treatment, he got the urine taken out, and he wore some kind of equipment (detail not provided) which did not involve any pain."
52,79,treatment,wore some kind of equipment,"
As a treatment, he got the urine taken out, and he wore some kind of equipment (detail not provided) which did not involve any pain."
20,43,ae,mass in his right cheek,"
As of 29-Nov-2019, mass in his right cheek persisted as he still had three of those with no pain or itching."
66,108,ae,had three of those with no pain or itching,"
As of 29-Nov-2019, mass in his right cheek persisted as he still had three of those with no pain or itching."
90,114,temporal,same time in the morning,"
He experienced cramps in the calves on the basis of once in two to three days around the same time in the morning."
97,120,ae,mass in the right cheek,"
Outcome of the events other than pain in fingertips, pruritic rash from wrist to back of elbow, mass in the right cheek, and pain from neck, and corrective treatment information except for pain in fingertip, mass in the right cheek, prostatic hypertrophy, cystitis were not provided."
126,140,ae,pain from neck,"
Outcome of the events other than pain in fingertips, pruritic rash from wrist to back of elbow, mass in the right cheek, and pain from neck, and corrective treatment information except for pain in fingertip, mass in the right cheek, prostatic hypertrophy, cystitis were not provided."
209,232,ae,mass in the right cheek,"
Outcome of the events other than pain in fingertips, pruritic rash from wrist to back of elbow, mass in the right cheek, and pain from neck, and corrective treatment information except for pain in fingertip, mass in the right cheek, prostatic hypertrophy, cystitis were not provided."
257,265,ae,cystitis,"
Outcome of the events other than pain in fingertips, pruritic rash from wrist to back of elbow, mass in the right cheek, and pain from neck, and corrective treatment information except for pain in fingertip, mass in the right cheek, prostatic hypertrophy, cystitis were not provided."
44,63,ae,cramps muscle spams,"
The reporting consumer was not sure if the cramps muscle spams, light-headed feeling, and prostatic hypertrophy."
196,199,mhx,MDS,"
(USA): Initial information was received on 2Sep2011 from an investigator regarding a 50 year-old, male, subject 33271, who completed 3 cycles of Vidaza with first cycle starting on 21Jan2010 for MDS."
17,25,status,admitted,"
The patient was admitted to a local hospital on 13Apr2011 with complicated cardiopulmonary arrest including ventricular fibrillation and respiratory arrest resulting in intubation and admission to the intensive care unit."
106,135,ae,platelet transfusion reaction,"
At the time of this report it was unclear if the event were possibly related to an infectious process, a platelet transfusion reaction, pulmonary embolism, ischemic event or Vidaza therapy."
137,155,ae,pulmonary embolism,"
At the time of this report it was unclear if the event were possibly related to an infectious process, a platelet transfusion reaction, pulmonary embolism, ischemic event or Vidaza therapy."
157,165,ae,ischemic,"
At the time of this report it was unclear if the event were possibly related to an infectious process, a platelet transfusion reaction, pulmonary embolism, ischemic event or Vidaza therapy."
1,7,ae,Spotty,"
Spotty means the rash was scattered all over his body."
110,125,sdrug,CHLORHYDRATE DE,"
(Report duplicates -  AFSSAPS: FR-AFSSAPS-AM20200175)
A Male patient who was 94-Years-old received TRAMADOL (CHLORHYDRATE DE) (TRAMADOL, Product cannot be excluded as a Teva product), MIRTAZAPINE (Product cannot be excluded as a Teva product), GABAPENTINE (GABAPENTIN, Product cannot be excluded as a Teva product), LASILIX 40 mg, comprime secable (FUROSEMIDE, not Teva's product), ELIQUIS 2,5 mg, comprime pellicule (APIXABAN, not Teva's product), STILNOX 10 mg, comprime pellicule secable (ZOLPIDEM, not Teva's product), )."
258,268,sdrug,GABAPENTIN,"
(Report duplicates -  AFSSAPS: FR-AFSSAPS-AM20200175)
A Male patient who was 94-Years-old received TRAMADOL (CHLORHYDRATE DE) (TRAMADOL, Product cannot be excluded as a Teva product), MIRTAZAPINE (Product cannot be excluded as a Teva product), GABAPENTINE (GABAPENTIN, Product cannot be excluded as a Teva product), LASILIX 40 mg, comprime secable (FUROSEMIDE, not Teva's product), ELIQUIS 2,5 mg, comprime pellicule (APIXABAN, not Teva's product), STILNOX 10 mg, comprime pellicule secable (ZOLPIDEM, not Teva's product), )."
350,360,sdrug,FUROSEMIDE,"
(Report duplicates -  AFSSAPS: FR-AFSSAPS-AM20200175)
A Male patient who was 94-Years-old received TRAMADOL (CHLORHYDRATE DE) (TRAMADOL, Product cannot be excluded as a Teva product), MIRTAZAPINE (Product cannot be excluded as a Teva product), GABAPENTINE (GABAPENTIN, Product cannot be excluded as a Teva product), LASILIX 40 mg, comprime secable (FUROSEMIDE, not Teva's product), ELIQUIS 2,5 mg, comprime pellicule (APIXABAN, not Teva's product), STILNOX 10 mg, comprime pellicule secable (ZOLPIDEM, not Teva's product), )."
419,427,drug,APIXABAN,"
(Report duplicates -  AFSSAPS: FR-AFSSAPS-AM20200175)
A Male patient who was 94-Years-old received TRAMADOL (CHLORHYDRATE DE) (TRAMADOL, Product cannot be excluded as a Teva product), MIRTAZAPINE (Product cannot be excluded as a Teva product), GABAPENTINE (GABAPENTIN, Product cannot be excluded as a Teva product), LASILIX 40 mg, comprime secable (FUROSEMIDE, not Teva's product), ELIQUIS 2,5 mg, comprime pellicule (APIXABAN, not Teva's product), STILNOX 10 mg, comprime pellicule secable (ZOLPIDEM, not Teva's product), )."
83,94,sdrug,GABAPENTINE,"
The patient took MIRTAZAPINE for DROWSINESS (Oral, 15 mg per day) batch: Unknown, GABAPENTINE for PRODUCT USED FOR UNKNOWN INDICATION (GABAPENTIN, Oral, 900 mg per day) batch: Unknown, TRAMADOL (CHLORHYDRATE DE) for ANALGESIA (TRAMADOL, Oral, until 16-Jan-2020, 50 mg per day) batch: Unknown, LASILIX 40 mg, comprime secable for PRODUCT USED FOR UNKNOWN INDICATION (FUROSEMIDE, scored tablet, Oral, 120 mg per day) batch: Unknown, ELIQUIS 2,5 mg, comprime pellicule for AFib (APIXABAN, Film-coated tablet, Oral, until 17-Jan-2020, 5 mg per day) batch: Unknown, STILNOX 10 mg, comprime pellicule secable for Drowsiness (ZOLPIDEM, film-coated tablet, Oral, 10 mg per day) batch: Unknown."
347,365,indication,UNKNOWN INDICATION,"
The patient took MIRTAZAPINE for DROWSINESS (Oral, 15 mg per day) batch: Unknown, GABAPENTINE for PRODUCT USED FOR UNKNOWN INDICATION (GABAPENTIN, Oral, 900 mg per day) batch: Unknown, TRAMADOL (CHLORHYDRATE DE) for ANALGESIA (TRAMADOL, Oral, until 16-Jan-2020, 50 mg per day) batch: Unknown, LASILIX 40 mg, comprime secable for PRODUCT USED FOR UNKNOWN INDICATION (FUROSEMIDE, scored tablet, Oral, 120 mg per day) batch: Unknown, ELIQUIS 2,5 mg, comprime pellicule for AFib (APIXABAN, Film-coated tablet, Oral, until 17-Jan-2020, 5 mg per day) batch: Unknown, STILNOX 10 mg, comprime pellicule secable for Drowsiness (ZOLPIDEM, film-coated tablet, Oral, 10 mg per day) batch: Unknown."
58,62,ae,FALL,"
While on the suspect medication, the patient experienced FALL (Serious , since 16-Jan-2020, until 16-Jan-2020); HYPOGLYCEMIA (Serious , since 16-Jan-2020, until 16-Jan-2020); HAEMATOMA (Serious , since 16-Jan-2020) ."
113,125,ae,HYPOGLYCEMIA,"
While on the suspect medication, the patient experienced FALL (Serious , since 16-Jan-2020, until 16-Jan-2020); HYPOGLYCEMIA (Serious , since 16-Jan-2020, until 16-Jan-2020); HAEMATOMA (Serious , since 16-Jan-2020) ."
176,185,ae,HAEMATOMA,"
While on the suspect medication, the patient experienced FALL (Serious , since 16-Jan-2020, until 16-Jan-2020); HYPOGLYCEMIA (Serious , since 16-Jan-2020, until 16-Jan-2020); HAEMATOMA (Serious , since 16-Jan-2020) ."
56,60,ae,FALL,"
At the time of the report the outcome of the AES were: FALL: Recovered/resolved, HAEMATOMA: Recovering/resolving, HYPOGLYCEMIA: Recovered/resolved."
82,91,ae,HAEMATOMA,"
At the time of the report the outcome of the AES were: FALL: Recovered/resolved, HAEMATOMA: Recovering/resolving, HYPOGLYCEMIA: Recovered/resolved."
306,318,status,discontinued,"
Action taken with suspect drugs: MIRTAZAPINE - Dosage maintained; GABAPENTINE - Dosage maintained; TRAMADOL (CHLORHYDRATE DE) - Drug discontinued; LASILIX 40 mg, comprime secable - Dosage maintained; ELIQUIS 2,5 mg, comprime pellicule - Drug discontinued; STILNOX 10 mg, comprime pellicule secable - Drug discontinued."
105,124,mhx,lower limb necrosis,"
25-Aug-2020:
Additional information received from health authority
Medical history as PURPURA VASCULAR (lower limb necrosis, Anxiodepressive syndrome, Sensory neuropathy (neuropathie sensitive), Hypoacusis (severe), Unknown if Continuing)."
126,150,mhx,Anxiodepressive syndrome,"
25-Aug-2020:
Additional information received from health authority
Medical history as PURPURA VASCULAR (lower limb necrosis, Anxiodepressive syndrome, Sensory neuropathy (neuropathie sensitive), Hypoacusis (severe), Unknown if Continuing)."
64,103,status,arrived in the resuscitation department,"
On 09 Jan 2012, she was admitted with convulsions and when she arrived in the resuscitation department her BM was 4.2."
140,152,ae,asymptomatic,"
The reporter stated that the patient had done previous BMs at home and these had been normal therefore they concluded that the patient had asymptomatic but suspicious low BMs which may have been due to low glycogen with her past alcohol history."
168,175,lab,low BMs,"
The reporter stated that the patient had done previous BMs at home and these had been normal therefore they concluded that the patient had asymptomatic but suspicious low BMs which may have been due to low glycogen with her past alcohol history."
203,215,lab,low glycogen,"
The reporter stated that the patient had done previous BMs at home and these had been normal therefore they concluded that the patient had asymptomatic but suspicious low BMs which may have been due to low glycogen with her past alcohol history."
40,53,ae,hypoglycaemia,"
The reporting physician considered the hypoglycaemia to be non-serious and fully recovered on 19 Jan 2012."
43,51,mhx,diabetic,"My Diabetic father in law , who has been a diabetic for 20 years and has NEVER had a low blood sugar episode which he could not control, Also has shingles at present."
76,84,sdrug,TRAMADOL,"
Went to Dr.
to get better pain meds,is on hydrocodone now, was written for TRAMADOL ."
38,52,ae,out of control,"
Dad was screaming and incoherent and out of control."
57,72,ae,psychotic break,We went right over there and found him to be almost in a psychotic break.
43,63,status,went to the hospital,At that point we were out of danger and he went to the hospital.
55,70,temporal,started at 7 pm,"
Dad had taken his FIRST dose of Tramadol at 1 pm this started at 7 pm!!"
89,104,diagnostic,shoulder sprain,"
The patient received Zaldiar (paracetamol, tramadol hydrochloride) for the treatment of shoulder sprain from 06 Jun 2016 at a dose of 1 DF, unknown frequency (oral)."
80,101,treatment,anticoagulant therapy,"
The patient received Aspirin Bayer (acetylsalicylic acid) for the treatment of anticoagulant therapy from 15 Jul 2016 at a dose of 100 mg, unknown frequency (oral)."
83,133,ae,three plentiful stools with blood (blood in stool),"
On 08 Jul 2016, patient was driven at emergency room with physician after she had three plentiful stools with blood (blood in stool)."
39,77,ae,enterorrhagia (intestinal haemorrhage),"
On 09 Jul 2016, the patient developed enterorrhagia (intestinal haemorrhage), dabigatran overdose (overdose), and hyperglycaemia."
55,84,status,clinical condition was better,"
Patient was situated on intensive care unit and after clinical condition was better she was moved to Gastroenterology unit."
93,123,status,moved to Gastroenterology unit,"
Patient was situated on intensive care unit and after clinical condition was better she was moved to Gastroenterology unit."
43,56,status,left hospital,"
Clinical condition was better and patient left hospital on 15 Jul 2016."
61,69,ae,bleeding,"
Follow up on 16 Dec 2016, the patient was brought in due to bleeding."
31,81,lab,strong action of dabigatran (APTV R larger than 3),"
Laboratories test measured to strong action of dabigatran (APTV R larger than 3)."
30,37,sdrug,Pradaxa,"
Previously, patient had took Pradaxa without bleeding."
18,29,drug,painkillers,"
Patient received painkillers due to shoulder luxation."
37,54,ae,shoulder luxation,"
Patient received painkillers due to shoulder luxation."
26,33,sdrug,Zaldiar,"
The reporter stated that Zaldiar could participate in this drug interaction."
115,140,diagnostic,myelodysplastic syndromes,"
Rapid loss of response after withdrawal of treatment with azacitidine: a case series in patients with higher-risk myelodysplastic syndromes or chronic myelomonocytic leukemia."
1,10,temporal,21Jan2013,"
21Jan2013."
88,91,mhx,MDS,"
Clinical data were retrospectively collected from 13 patients diagnosed with high-risk MDS or CMML and treated with HMTs (hypomethylating agent therapy) at eight Italian hematology centers between April 2003 and July 2011."
95,99,mhx,CMML,"
Clinical data were retrospectively collected from 13 patients diagnosed with high-risk MDS or CMML and treated with HMTs (hypomethylating agent therapy) at eight Italian hematology centers between April 2003 and July 2011."
123,152,treatment,hypomethylating agent therapy,"
Clinical data were retrospectively collected from 13 patients diagnosed with high-risk MDS or CMML and treated with HMTs (hypomethylating agent therapy) at eight Italian hematology centers between April 2003 and July 2011."
60,66,sdrug,Vidaza,"
The patient identified in the case received treatment with Vidaza for MDS."
143,147,diagnostic,RAEB,"
Patients were classified using the WHO classification system: 11 out of 13 patients were diagnosed with refractory anemia with excess blasts (RAEB), one patient was diagnosed with refractory cytopenia with multilineage dysplasia (RCMD) and one patient was diagnosed with CMML."
231,235,diagnostic,RCMD,"
Patients were classified using the WHO classification system: 11 out of 13 patients were diagnosed with refractory anemia with excess blasts (RAEB), one patient was diagnosed with refractory cytopenia with multilineage dysplasia (RCMD) and one patient was diagnosed with CMML."
22,38,diagnostic,normal karyotype,"
Seven patients had a normal karyotype, five patients had abnormal karyotypes (two had monosomy 7; one had complex karyotype) and one patient was not evaluated."
58,77,lab,abnormal karyotypes,"
Seven patients had a normal karyotype, five patients had abnormal karyotypes (two had monosomy 7; one had complex karyotype) and one patient was not evaluated."
68,79,sdrug,azacitidine,"
In summary, outcomes in patients with higher-risk MDS treated with azacitidine or decitabine are optimized if treatment is continued until disease progression."
83,93,cdrug,decitabine,"
In summary, outcomes in patients with higher-risk MDS treated with azacitidine or decitabine are optimized if treatment is continued until disease progression."
132,146,lab,weight unknown,"Report forwarded by Grunenthal (2004-1682) received from Therapeutic Goods Administration, 182957 (TGA) (Australia):
A 64-year-old, weight unknown, with history of insulin dependent diabetes, was treated with tramadol SR (slow release) 300 mg po daily for an unspecified indication (therapy dates unknown)."
236,251,dose,300 mg po daily,"Report forwarded by Grunenthal (2004-1682) received from Therapeutic Goods Administration, 182957 (TGA) (Australia):
A 64-year-old, weight unknown, with history of insulin dependent diabetes, was treated with tramadol SR (slow release) 300 mg po daily for an unspecified indication (therapy dates unknown)."
259,281,indication,unspecified indication,"Report forwarded by Grunenthal (2004-1682) received from Therapeutic Goods Administration, 182957 (TGA) (Australia):
A 64-year-old, weight unknown, with history of insulin dependent diabetes, was treated with tramadol SR (slow release) 300 mg po daily for an unspecified indication (therapy dates unknown)."
111,141,sdrug,hydrochlorothiazide (FORTZAAR),"
On 25-JUL-2016 at 7.30 am, the patient had taken self-induced intoxication orally with losartan potassium (+) hydrochlorothiazide (FORTZAAR) (dosing details not reported), metformin (dose and frequency not reported), glimepiride (dosing details not reported), doxylamine succinate (dosing details not reported), tramadol hydrochloride (dosing details not reported), atorvastatin (dosing details not reported), acetaminophen (dosing details not reported) and amlodipine (dosing details not reported)."
90,110,lab,presence of Losartan,"
Toxicologically in the blood revealed doxylamine at 0.34 mg/L, nordiazepam at 0.32 mg/L, presence of Losartan and absence or below the quantification threshold levels of amlodipine."
26,45,ae,hemodynamic failure,"
EVOLUTION: after initial hemodynamic failure, rapid resolution after the filling with crystalloids."
74,99,treatment,filling with crystalloids,"
EVOLUTION: after initial hemodynamic failure, rapid resolution after the filling with crystalloids."
27,38,ae,hypotension,"
The outcome of the events hypotension, hypoglycaemia, somnolence and vomiting was reported as recovered."
55,65,ae,somnolence,"
The outcome of the events hypotension, hypoglycaemia, somnolence and vomiting was reported as recovered."
70,78,ae,vomiting,"
The outcome of the events hypotension, hypoglycaemia, somnolence and vomiting was reported as recovered."
35,43,ae,vomiting,"
The French Health Authority coded vomiting, arterial hypotension, somnolence and hypoglycaemia, checked hospitalization as serious criteria and considered these events as probably related to losartan potassium (+) hydrochlorothiazide(FORTZAAR) (C2S212), metformin (C2S212), glimepiride (C2S212), tramadol hydrochloride (C2S212) , doxylamine chloride (C2S3l3) and questionably related to atorvastatin (C1S1l1) and paracetamol (C1S1l1)."
67,77,ae,somnolence,"
The French Health Authority coded vomiting, arterial hypotension, somnolence and hypoglycaemia, checked hospitalization as serious criteria and considered these events as probably related to losartan potassium (+) hydrochlorothiazide(FORTZAAR) (C2S212), metformin (C2S212), glimepiride (C2S212), tramadol hydrochloride (C2S212) , doxylamine chloride (C2S3l3) and questionably related to atorvastatin (C1S1l1) and paracetamol (C1S1l1)."
105,120,status,hospitalization,"
The French Health Authority coded vomiting, arterial hypotension, somnolence and hypoglycaemia, checked hospitalization as serious criteria and considered these events as probably related to losartan potassium (+) hydrochlorothiazide(FORTZAAR) (C2S212), metformin (C2S212), glimepiride (C2S212), tramadol hydrochloride (C2S212) , doxylamine chloride (C2S3l3) and questionably related to atorvastatin (C1S1l1) and paracetamol (C1S1l1)."
215,244,sdrug,hydrochlorothiazide(FORTZAAR),"
The French Health Authority coded vomiting, arterial hypotension, somnolence and hypoglycaemia, checked hospitalization as serious criteria and considered these events as probably related to losartan potassium (+) hydrochlorothiazide(FORTZAAR) (C2S212), metformin (C2S212), glimepiride (C2S212), tramadol hydrochloride (C2S212) , doxylamine chloride (C2S3l3) and questionably related to atorvastatin (C1S1l1) and paracetamol (C1S1l1)."
275,286,sdrug,glimepiride,"
The French Health Authority coded vomiting, arterial hypotension, somnolence and hypoglycaemia, checked hospitalization as serious criteria and considered these events as probably related to losartan potassium (+) hydrochlorothiazide(FORTZAAR) (C2S212), metformin (C2S212), glimepiride (C2S212), tramadol hydrochloride (C2S212) , doxylamine chloride (C2S3l3) and questionably related to atorvastatin (C1S1l1) and paracetamol (C1S1l1)."
414,425,sdrug,paracetamol,"
The French Health Authority coded vomiting, arterial hypotension, somnolence and hypoglycaemia, checked hospitalization as serious criteria and considered these events as probably related to losartan potassium (+) hydrochlorothiazide(FORTZAAR) (C2S212), metformin (C2S212), glimepiride (C2S212), tramadol hydrochloride (C2S212) , doxylamine chloride (C2S3l3) and questionably related to atorvastatin (C1S1l1) and paracetamol (C1S1l1)."
129,139,lab,23.7 ng/ml,"
The sentence ""Amlodipine: absent or below the quantification threshold"" was changed to ""Amlodipine: on 25-JUL-2016 at 11:00 am: 23.7 ng/ml."
21,31,sdrug,AMLODIPINE,"
The imputability of AMLODIPINE was reported as C2S2I2."
65,72,ae,dyspnea,"
On 13Mar2020, The patient was admitted into the hospital due to dyspnea and beginning shock."
87,92,ae,shock,"
On 13Mar2020, The patient was admitted into the hospital due to dyspnea and beginning shock."
16,28,status,discontinued,"
Baricitnib was discontinued on 13Mar2020."
1,23,treatment,Heparin administration,"
Heparin administration could be switched to apixaban in the course of inpatient treatment."
45,53,treatment,apixaban,"
Heparin administration could be switched to apixaban in the course of inpatient treatment."
102,149,lab,right ventricle outflow tract (RVOT) any longer,"
On 17Mar2020, a transthoracic echocardiogram showed no hint for thrombus in right ventricle (RV) and right ventricle outflow tract (RVOT) any longer."
1,12,sdrug,Baricitinib,"
Baricitinib was restarted on 14Apr2020."
17,26,status,restarted,"
Baricitinib was restarted on 14Apr2020."
8,17,temporal,11Jun2020,"
Update 11Jun2020: Additional information was received from the initial reporter on 10Jun2020."
127,137,treatment,folic acid,"
Added medical history of rheumatoid arthritis and hysterectomy; added diagnostic and laboratory results; added treatment with folic acid and heparin; added serious events of humerus fracture, shock and right bundle branch block; non-serious events of macrocytic anemia with lack of folic acid."
33,53,diagnostic,rheumatoid arthritis,"
Current conditions included RA (rheumatoid arthritis)."
60,70,indication,prevention,"
The patient received omeprazole (manufacturer unknown) for prevention from an unknown start date in 2009, at a dose of 20 mg, QD (oral)."
89,115,temporal,from an unknown start date,"
The patient received methotrexate (manufacturer unknown) for the treatment of pneumonia from an unknown start date at an unknown dose (route: unknown)."
36,48,sdrug,methotrexate,"
The patient received Ledertrexate (methotrexate) for the treatment of RA from an unknown start date at a dose of 15 mg, QD (oral)."
1,19,temporal,On an unknown date,"
On an unknown date, the patient experienced pneumonia."
45,54,ae,pneumonia,"
On an unknown date, the patient experienced pneumonia."
66,82,ae,drug interaction,"
The patient was hospitalized on an unknown date for the event of drug interaction, pneumonia and hypersensitivity pneumonitis."
84,93,ae,pneumonia,"
The patient was hospitalized on an unknown date for the event of drug interaction, pneumonia and hypersensitivity pneumonitis."
23,35,sdrug,methotrexate,"
The action taken with methotrexate was unknown."
47,54,status,ongoing,"
The treatment with Feldene and omeprazole was ongoing."
29,41,sdrug,Ledertrexate,"
Treatment with Olumiant and Ledertrexate was stopped on an unknown date."
104,123,status,condition improving,"
The outcome of the events hypersensitivity pneumonitis, drug interaction and pneumonia was reported as condition improving."
114,132,cdrug,Utrogestan Vaginal,"number: BE-ELI_LILLY_AND_COMPANY-BE201810000912) on 29 Oct 2018: Added concomitant medication (Dafalgan, Feldene, Utrogestan Vaginal), updated indication of Olumiant (from unknown to rheumatoid arthritis) and indication of methotrexate (from unknown to pneumonia), Updated outcomes of events alveolitis allergic and pneumonia (from unknown to condition improving), updated action taken of Olumiant (from unknown to treatment discontinued)."
292,311,ae,alveolitis allergic,"number: BE-ELI_LILLY_AND_COMPANY-BE201810000912) on 29 Oct 2018: Added concomitant medication (Dafalgan, Feldene, Utrogestan Vaginal), updated indication of Olumiant (from unknown to rheumatoid arthritis) and indication of methotrexate (from unknown to pneumonia), Updated outcomes of events alveolitis allergic and pneumonia (from unknown to condition improving), updated action taken of Olumiant (from unknown to treatment discontinued)."
425,437,status,discontinued,"number: BE-ELI_LILLY_AND_COMPANY-BE201810000912) on 29 Oct 2018: Added concomitant medication (Dafalgan, Feldene, Utrogestan Vaginal), updated indication of Olumiant (from unknown to rheumatoid arthritis) and indication of methotrexate (from unknown to pneumonia), Updated outcomes of events alveolitis allergic and pneumonia (from unknown to condition improving), updated action taken of Olumiant (from unknown to treatment discontinued)."
198,200,diagnostic,RA,"
Follow up report received from a physician via health authority (European Medicines Agency, Regulatory reference number: BE-EMA-DD-20190507-Bisht_p-124544) on 10 May 2019: Added current condition (RA), concomitant medications (Foliumzuur, Oestrogel, Emconcor and Utrogestan), suspect drugs (omeprazole, Ledertrexate), the start date of the events hypersensitivity pneumonitis and drug interaction (27 Aug 2018)."
251,259,cdrug,Emconcor,"
Follow up report received from a physician via health authority (European Medicines Agency, Regulatory reference number: BE-EMA-DD-20190507-Bisht_p-124544) on 10 May 2019: Added current condition (RA), concomitant medications (Foliumzuur, Oestrogel, Emconcor and Utrogestan), suspect drugs (omeprazole, Ledertrexate), the start date of the events hypersensitivity pneumonitis and drug interaction (27 Aug 2018)."
264,274,cdrug,Utrogestan,"
Follow up report received from a physician via health authority (European Medicines Agency, Regulatory reference number: BE-EMA-DD-20190507-Bisht_p-124544) on 10 May 2019: Added current condition (RA), concomitant medications (Foliumzuur, Oestrogel, Emconcor and Utrogestan), suspect drugs (omeprazole, Ledertrexate), the start date of the events hypersensitivity pneumonitis and drug interaction (27 Aug 2018)."
78,88,dose,Once a Day,"
Labopharm is the holder of the global safety database for Tramadol Contramid Once a Day (tramadol hydrochloride)."
65,78,ae,hypoglycaemia,"
On an unspecified date in October 2006, the patient experienced hypoglycaemia."
169,181,lab,hypoglycemia,"
This report lacks details of the reported event [date of onset, duration] and does not include any laboratory result of blood chemistry testing to confirm the level of hypoglycemia."
82,99,mhx,diabetes mellitus,"
The reported event may have been due to progression of the patient''s underlying diabetes mellitus."
210,222,temporal,28 day cycle,"DECEASED
(USA) Initial information was received on 17/Dec/2013 via a contract pharmacy from the physician's office regarding a 90 year old female patient who received Revlimid 5mg orally daily for 28 days in a 28 day cycle from 23/Sep/2013 for the treatment of acute myeloid leukemia without remission."
83,88,status,death,"
The reporter assessed the relationship between Revlimid therapy and the patient's death as related."
15,37,ae,cardiopulmonary arrest,"
Regarding the cardiopulmonary arrest, the etiology of this event was not identified."
323,345,diagnostic,Acute myeloid leukemia,"
A201900648) from the investigator regarding a 80 year old female patient who (enrolled in another company-sponsored clinical study and Celgene considered this report as a spontaneous) received Vidaza 75 mg/m2 subcutaneous injection once daily for 7 days from 18Dec2018 to 24Dec2018 (most recent dose) for the treatment of Acute myeloid leukemia."
149,152,ae,AML,"
As a blood test showed the presence of blast cells, the patient was referred to the hematology where he was diagnosed with acute myeloid leukaemia (AML) on 04Dec2018."
54,65,lab,blood cells,"
The patient was noted to have inadequate recovery of blood cells and increased liver function test, due to which the administration of Vidaza was postponed."
1,21,ae,PERICARDIAL EFFUSION,"
PERICARDIAL EFFUSION (previously CARDIAC FAILURE AGGRAVATED)
(JAPAN) Additional information was received on 06/Feb/2019 via a business partner Nippon Shinyaku Co., Ltd from the investigator regarding this patient."
48,84,lab,blood pressure decreased on exertion,"
It was also stated that, on 24/Jan/2019, since blood pressure decreased on exertion and echocardiography showed suspected cardiac tamponade, pericardiocentesis was performed."
113,140,lab,suspected cardiac tamponade,"
It was also stated that, on 24/Jan/2019, since blood pressure decreased on exertion and echocardiography showed suspected cardiac tamponade, pericardiocentesis was performed."
89,113,mhx,myelodysplastic syndrome,"
The man, who had a history of diabetes mellitus, iron overload, atrial fibrillation and myelodysplastic syndrome, had been receiving chemotherapy comprised SC azacitidine injection."
47,64,ae,severe haemolysis,"
His haemoglobin level was unreportable due to severe haemolysis."
51,63,treatment,chemotherapy,"
He was suspected to have neutropenia secondary to chemotherapy."
260,269,temporal,10-40 min,"
A 73-year-old Caucasian male subject, born in Oct1937, with body surface area of 1.6764, started to receive the following study drugs during induction chemotherapy cycle 1 of 14 days: azacitidine 75 mg/m2/dose subcutaneous (SC) or intravenous (IV) route over 10-40 min on days 1-7 (126.8mg) from 25Mar2011 through 31Mar2011 and gemtuzumab ozogamicin (MYLOTARG) 3 mg/m2 IV route over 2 hours on day 8 (01Apr2011), both given for acute myeloid leukemia (AML)."
158,184,temporal,over 10-40 min on days 1-7,"
Following induction, the subject received the consolidation phase cycle 2 which began on 11Apr2011 and was a 22 days cycle with azacitidine 75 mg/m2/dose IV over 10-40 min on days 1-7 (127mg), started on 11Apr2011 and ended on 17Apr2011; and continued with gemtuzumab 3mg/m2, given on 18Apr2011 day 8, but stopped almost an hour after the start of infusion as patient had an unspecified adverse reaction."
258,268,sdrug,gemtuzumab,"
Following induction, the subject received the consolidation phase cycle 2 which began on 11Apr2011 and was a 22 days cycle with azacitidine 75 mg/m2/dose IV over 10-40 min on days 1-7 (127mg), started on 11Apr2011 and ended on 17Apr2011; and continued with gemtuzumab 3mg/m2, given on 18Apr2011 day 8, but stopped almost an hour after the start of infusion as patient had an unspecified adverse reaction."
25,35,sdrug,gemtuzumab,"
The most recent dose of gemtuzumab before the event was 42.6 of 100 ml of the infusion (approximately 2.13mg) on 18Apr2011, and the most recent dose of azacitidine before the event was 127mg on 17Apr2011."
35,47,treatment,chemotherapy,"
The start date of first course of chemotherapy was 25Mar2011."
236,248,mhx,hypertension,"
Relevant history included AML diagnosed in Mar2011 and the primary site of disease was bone marrow, coronary artery disease, myocardial infarction 19 years before the hospitalization for which angioplasty with no stents was performed, hypertension, Hodgkin's lymphoma, and bilateral hernia repair since five years ago."
88,93,temporal,day 8,"
On 18 Apr2011, while the subject was midway through receiving about 40% of gemtuzumab, day 8 of the 2nd induction per protocol S0703, the subject became sick, was diaphoretic/pale, and it was thought to be an allergic reaction to the gemtuzumab infusion."
53,76,lab,heart rate in the 110's,"
The subject became progressively tachycardic with a heart rate in the 110's and his blood pressure dropped to 70/43 with new onset chest pressure."
122,146,ae,new onset chest pressure,"
The subject became progressively tachycardic with a heart rate in the 110's and his blood pressure dropped to 70/43 with new onset chest pressure."
29,79,mae,pressure was gone shortly after the bowel movement,"
The subject stated that the pressure was gone shortly after the bowel movement and was talking when the ambulance staff came to take him to the emergency room."
89,92,ae,DIC,"
While hospitalized the patient also experienced disseminated intravascular coagulation (DIC)."
149,157,lab,thrombus,"
Chest CT-scan was also done which was negative for pleural effusion, although it did show an incidental finding of left ventricle (LV) aneurysm and thrombus and a loculated pericardial effusion."
